Journal,Keywords,Count
ACS Chemical Health and Safety,CHRA,3
ACS Chemical Health and Safety,IAQ,3
ACS Chemical Health and Safety,chemical health risk assessment,3
ACS Chemical Health and Safety,chemical risk,3
ACS Chemical Health and Safety,indoor air quality,3
ACS Food Science and Technology,adsorption,2
ACS Food Science and Technology,controlled release,2
ACS Food Science and Technology,magnesium starch nanomaterial,2
ACS Food Science and Technology,vitamin D3,2
ACS Food Science and Technology,food industry,1
ACS Food Science and Technology,fresh wheat noodles,1
ACS Food Science and Technology,homogenization,1
ACS Food Science and Technology,nanoemulsion,1
ACS Food Science and Technology,nanotechnology,1
ACS Food Science and Technology,potassium sorbate,1
ACS Pharmacology and Translational Science,accelerated solvent extraction (ASE),1
ACS Pharmacology and Translational Science,extraction optimization,1
ACS Pharmacology and Translational Science,green extraction,1
ACS Pharmacology and Translational Science,kratom,1
ACS Pharmacology and Translational Science,mitragynine,1
ASM Science Journal,Lactobacillus plantarum,2
ASM Science Journal,encapsulation,2
ASM Science Journal,microcapsules,2
ASM Science Journal,prebiotic,2
ASM Science Journal,synbiotics,2
Advanced Ceramics for Photocatalytic Membranes Synthesis Methods Characterization and Performance Analysis and Applications in Water and Wastewater Treatment,Photocatalyst deposition,1
Advanced Ceramics for Photocatalytic Membranes Synthesis Methods Characterization and Performance Analysis and Applications in Water and Wastewater Treatment,co-sputtering,1
Advanced Ceramics for Photocatalytic Membranes Synthesis Methods Characterization and Performance Analysis and Applications in Water and Wastewater Treatment,magnetron sputtering,1
Advanced Ceramics for Photocatalytic Membranes Synthesis Methods Characterization and Performance Analysis and Applications in Water and Wastewater Treatment,photocatalytic degradation,1
Advanced Ceramics for Photocatalytic Membranes Synthesis Methods Characterization and Performance Analysis and Applications in Water and Wastewater Treatment,photocatalytic membrane,1
Advanced Ceramics for Photocatalytic Membranes Synthesis Methods Characterization and Performance Analysis and Applications in Water and Wastewater Treatment,physical vapor deposition,1
Advanced Ceramics for Photocatalytic Membranes Synthesis Methods Characterization and Performance Analysis and Applications in Water and Wastewater Treatment,reactive sputtering,1
Advanced Ceramics for Photocatalytic Membranes Synthesis Methods Characterization and Performance Analysis and Applications in Water and Wastewater Treatment,sputtering technique,1
Advances in Bamboo Science,Bamboo Fibres,1
Advances in Bamboo Science,Disposable Face Masks,1
Advances in Bamboo Science,Eco-Composite,1
Advances in Bamboo Science,Non-Woven Polypropylene,1
Advances in Building Energy Research,Energy consumption,2
Advances in Building Energy Research,artificial intelligence,2
Advances in Building Energy Research,buildings,2
Advances in Building Energy Research,energy forecast,2
Advances in Building Energy Research,machine learning,2
Advances in Decision Sciences,Calcareous soil,1
Advances in Decision Sciences,Fulvic acid,1
Advances in Decision Sciences,Humic acid,1
Advances in Decision Sciences,Nutrient bioavailability,1
Advances in Decision Sciences,Soil enzyme,1
Advances in Geographic Information Science,Arsenic,2
Advances in Geographic Information Science,Climate change effects,2
Advances in Geographic Information Science,Environmental assessment,2
Advances in Geographic Information Science,Environmental issues,2
Advances in Geographic Information Science,Fluoride,2
Advances in Geographic Information Science,Groundwater development and management,2
Advances in Geographic Information Science,Recharging and discharging,2
Advances in Geographic Information Science,Remediation technologie,2
Advances in Geographic Information Science,Water scarcity,2
Advances in Science Technology and Innovation,Banana peels,2
Advances in Science Technology and Innovation,Green modification,2
Advances in Science Technology and Innovation,Natural coagulant,2
Advances in Science Technology and Innovation,River water,2
Advances in Science Technology and Innovation,Treatment,2
Agbioforum,ABTS Radicals,1
Agbioforum,Antibacterial Activity,1
Agbioforum,Antioxidant Activity,1
Agbioforum,Chongcha,1
Agbioforum,DPPH Radicals,1
Agbioforum,Extract,1
Agbioforum,Extract Concentration,1
Agbioforum,Hydroxyl Radicals,1
Agbioforum,Insect Tea,1
Agbioforum,Liubao,1
Aging and Durability of Frp Composites and Nanocomposites,Bioresource based product,1
Aging and Durability of Frp Composites and Nanocomposites,Chemical properties,1
Aging and Durability of Frp Composites and Nanocomposites,Green products,1
Aging and Durability of Frp Composites and Nanocomposites,Mechanical properties,1
Aging and Durability of Frp Composites and Nanocomposites,Physical properties,1
Aging and Durability of Frp Composites and Nanocomposites,Production,1
Air Quality Atmosphere and Health,AHU,1
Air Quality Atmosphere and Health,Air handling unit,1
Air Quality Atmosphere and Health,Chemical incident,1
Air Quality Atmosphere and Health,Haze event,1
Air Quality Atmosphere and Health,Health risk assessment,1
Air Quality Atmosphere and Health,Indoor air quality,1
Air Quality Atmosphere and Health,Indoor environment,1
Air Quality Atmosphere and Health,Mechanical ventilation,1
Air Quality Atmosphere and Health,Particulate matters,1
Air Quality Atmosphere and Health,Pattern recognition,1
Analytical Science Advances,hybrid modelling techniques,1
Analytical Science Advances,particulate matter,1
Analytical Science Advances,predictive analytics,1
Analytical Science Advances,quantile regression,1
Analytical Science Advances,transboundary haze,1
Applications of Modelling and Simulation,ARIMA,2
Applications of Modelling and Simulation,Facebook prophet,2
Applications of Modelling and Simulation,Neural prophet,2
Applications of Modelling and Simulation,Oil palm,2
Applications of Modelling and Simulation,Time-series analysis,2
Applications of Modelling and Simulation,Yield prediction,2
Applied Biosciences,hemostatic activity,1
Applied Biosciences,plant latex proteases,1
Applied Biosciences,thrombin-like enzymes,1
Applied Food Biotechnology,Essential Oil,1
Applied Food Biotechnology,Nanoemulsion,1
Applied Food Biotechnology,Natural Preservative,1
Applied Food Biotechnology,Rosa damascene,1
Applied Food Biotechnology,Steam distillation,1
Applied Food Research,High-hydrostatic pressure,4
Applied Food Research,In-vitro digestibility,4
Applied Food Research,Physicochemical properties,4
Applied Food Research,Sago starch,4
Applied Food Research,Antioxidant,2
Applied Food Research,Essential oil,2
Applied Food Research,Microemulsion,2
Applied Food Research,Oxidation,2
Applied Food Research,Soy milk,2
Applied Food Research,Basil seed beverage,1
Applied Water Science,Benzo(a)pyrene,1
Applied Water Science,Biochar,1
Applied Water Science,Palm kernel shell,1
Applied Water Science,Palm mesocarp fiber,1
Applied Water Science,Phenanthrene,1
Applied Water Science,Water treatment,1
Aquaculture Reports,Essential amino acids,1
Aquaculture Reports,Food safety,1
Aquaculture Reports,Food security,1
Aquaculture Reports,Health risk,1
Aquaculture Reports,Neurotransmitter,1
Aquaculture Reports,Polyunsaturated fatty acids,1
Aquaculture Reports,Sea cucumber,1
Aquaculture Reports,Spawning behaviour,1
Aquaculture Reports,Stichopus fusiformiossa,1
Aquaculture Reports,Sustainability,1
Aquatic Conservation Marine and Freshwater Ecosystems,aquatic organisms,3
Aquatic Conservation Marine and Freshwater Ecosystems,ecological risk,3
Aquatic Conservation Marine and Freshwater Ecosystems,mangrove marine pollution,3
Aquatic Conservation Marine and Freshwater Ecosystems,microplastics,3
Aquatic Conservation Marine and Freshwater Ecosystems,safe clean water source,3
Aquatic Conservation Marine and Freshwater Ecosystems,water resource aquatic toxicology,3
Archives of Agronomy and Soil Science,Food security,2
Archives of Agronomy and Soil Science,climate change impact,2
Archives of Agronomy and Soil Science,farmers,2
Archives of Agronomy and Soil Science,paddy production,2
Archives of Agronomy and Soil Science,regenartive farming,2
Archives of Agronomy and Soil Science,sustainability,2
Archives of Biochemistry and Biophysics,Cancer,1
Archives of Biochemistry and Biophysics,Cdc42,1
Archives of Biochemistry and Biophysics,In silico,1
Archives of Biochemistry and Biophysics,Primary immunodeficiency,1
Archives of Biochemistry and Biophysics,Small G-protein,1
Asean Journal of Chemical Engineering,Fermentation,2
Asean Journal of Chemical Engineering,Microalgae,2
Asean Journal of Chemical Engineering,Response Surface Methodology,2
Asean Journal of Chemical Engineering,Succinic Acid,2
Asia Pacific Journal of Chemical Engineering,efficiency,2
Asia Pacific Journal of Chemical Engineering,Organic Rankine Cycle,1
Asia Pacific Journal of Chemical Engineering,boiler,1
Asia Pacific Journal of Chemical Engineering,combined cycle power plant,1
Asia Pacific Journal of Chemical Engineering,economic analysis,1
Asia Pacific Journal of Chemical Engineering,engine jacket water,1
Asia Pacific Journal of Chemical Engineering,organic Rankine cycle,1
Asia Pacific Journal of Chemical Engineering,waste heat,1
Asia Pacific Journal of Chemical Engineering,waste heat recovery,1
Asia Pacific Journal of Molecular Biology and Biotechnology,antibacterial,1
Asia Pacific Journal of Molecular Biology and Biotechnology,antifouling,1
Asia Pacific Journal of Molecular Biology and Biotechnology,copper tannate,1
Asia Pacific Journal of Molecular Biology and Biotechnology,mangrove,1
Asia Pacific Journal of Molecular Biology and Biotechnology,tannin,1
Asia Pacific Journal of Science and Technology,Agriculture,2
Asia Pacific Journal of Science and Technology,Antibiotics,2
Asia Pacific Journal of Science and Technology,Antimicrobial resistance (AMR),2
Asia Pacific Journal of Science and Technology,Antimicrobial stewardship program (ASP),2
Asia Pacific Journal of Science and Technology,Aquaculture,2
Asia Pacific Journal of Science and Technology,Healthcare professionals,2
Asia Pacific Journal of Science and Technology,Non-governmental organisation (NGO),2
Asia Pacific Journal of Science and Technology,Public awareness,2
Asian Journal of Atmospheric Environment,COT,1
Asian Journal of Atmospheric Environment,Innovative trend analysis,1
Asian Journal of Atmospheric Environment,O3 column,1
Asian Journal of Atmospheric Environment,OMI/Aura,1
Asian Journal of Atmospheric Environment,SZA,1
Asian Journal of Atmospheric Environment,UVI,1
Atmospheric and Oceanic Science Letters,Atmospheric surface layer,1
Atmospheric and Oceanic Science Letters,Latent heat,1
Atmospheric and Oceanic Science Letters,Sensible heat,1
Atmospheric and Oceanic Science Letters,Tropical coastal sea,1
Bamboo Based Polymer Composites Fundamentals Properties Applications and Performance,Woven bamboo fibre,4
Bamboo Based Polymer Composites Fundamentals Properties Applications and Performance,Woven carbon fibre,4
Bamboo Based Polymer Composites Fundamentals Properties Applications and Performance,Composite materials,2
Bamboo Based Polymer Composites Fundamentals Properties Applications and Performance,DMA,2
Bamboo Based Polymer Composites Fundamentals Properties Applications and Performance,Flammability,2
Bamboo Based Polymer Composites Fundamentals Properties Applications and Performance,Hybrid composites,2
Bamboo Based Polymer Composites Fundamentals Properties Applications and Performance,Stacking sequence,2
Bamboo Based Polymer Composites Fundamentals Properties Applications and Performance,Stiffness,2
Bamboo Based Polymer Composites Fundamentals Properties Applications and Performance,Sustainability,2
Bamboo Based Polymer Composites Fundamentals Properties Applications and Performance,UL-94,2
Beneficial Microbes,Lactiplantibacillus plantarum,3
Beneficial Microbes,human papillomavirus,2
Beneficial Microbes,probiotic,2
Beneficial Microbes,vaginal health,2
Beneficial Microbes,gut-brain-Axis,1
Beneficial Microbes,immunity,1
Beneficial Microbes,inflammation,1
Beneficial Microbes,women,1
Beverages,Box–Behnken design,2
Beverages,acetic acid bacteria,2
Beverages,fermented pumpkin,2
Beverages,lactic acid bacteria,2
Beverages,mature coconut water,2
Beverages,yeast,2
Beyond Halal Exploring Dietary Preferences Novel Ingredients and Techniques,Amino acids,1
Beyond Halal Exploring Dietary Preferences Novel Ingredients and Techniques,Discriminant analysis,1
Beyond Halal Exploring Dietary Preferences Novel Ingredients and Techniques,Principal component analysis,1
Beyond Halal Exploring Dietary Preferences Novel Ingredients and Techniques,Skin gelatine,1
Beyond Halal Exploring Dietary Preferences Novel Ingredients and Techniques,UHPLC-DAD,1
Bioactive Carbohydrates and Dietary Fibre,Antioxidant activity,3
Bioactive Carbohydrates and Dietary Fibre,Emulsion,3
Bioactive Carbohydrates and Dietary Fibre,Essential oil,3
Bioactive Carbohydrates and Dietary Fibre,Plant-based milk,3
Bioactive Carbohydrates and Dietary Fibre,Ultrasonication,3
Biocatalysis and Agricultural Biotechnology,Algae,2
Biocatalysis and Agricultural Biotechnology,Biodiesel,2
Biocatalysis and Agricultural Biotechnology,Kinetics and thermodynamics,2
Biocatalysis and Agricultural Biotechnology,Transesterification,2
Biocatalysis and Agricultural Biotechnology,Ulva lactuca,2
Biocatalysis and Agricultural Biotechnology,Anti-inflammatory,1
Biocatalysis and Agricultural Biotechnology,Antioxidant,1
Biocatalysis and Agricultural Biotechnology,Diabetic,1
Biocatalysis and Agricultural Biotechnology,Enrichment,1
Biocatalysis and Agricultural Biotechnology,Kenaf,1
Biochemical Engineering Journal,Activated sludge,1
Biochemical Engineering Journal,Anammox,1
Biochemical Engineering Journal,Antimicrobial powder,1
Biochemical Engineering Journal,Bacteriocins,1
Biochemical Engineering Journal,Bio-preservative,1
Biochemical Engineering Journal,Corn steep liquor,1
Biochemical Engineering Journal,Digester effluent,1
Biochemical Engineering Journal,Energy conservation,1
Biochemical Engineering Journal,Lactic acid bacteria,1
Biochemical Engineering Journal,Membrane bioreactor,1
Biochemistry and Biophysics Reports,Celastrol,2
Biochemistry and Biophysics Reports,Diabetic nephropathy,2
Biochemistry and Biophysics Reports,Fibrosis,2
Biochemistry and Biophysics Reports,Human renal tubular epithelial cells,2
Biochemistry and Biophysics Reports,Hyperglycemia,2
Biochemistry and Biophysics Reports,Inflammation,2
Biochemistry and Biophysics Reports,Oxidative stress,2
Bioenergy Research,Biomass alteration,2
Bioenergy Research,Chemical composition,2
Bioenergy Research,Correlation model,2
Bioenergy Research,Crystallinity index,2
Bioenergy Research,Glucose yield,2
Bioenergy Research,Instrumental analysis,2
Bioenergy Research,Anaerobic digestate,1
Bioenergy Research,Biogas power plant,1
Bioenergy Research,Carbon sequestration,1
Bioenergy Research,Hydrothermal carbonization,1
Bioessays,Rho GTPases,1
Bioessays,activation,1
Bioessays,biomarker,1
Bioessays,biosensors,1
Bioessays,expression,1
Bioessays,prognosis,1
Bioessays,signaling,1
Biofuels,Bioethanol,2
Biofuels,composition retention,2
Biofuels,enzymatic hydrolysis,2
Biofuels,glucose yield,2
Biofuels,kapok fibre,2
Biofuels Bioproducts and Biorefining,aerogel,4
Biofuels Bioproducts and Biorefining,agriculture waste,4
Biofuels Bioproducts and Biorefining,bioadsorbent,4
Biofuels Bioproducts and Biorefining,cellulose,4
Biofuels Bioproducts and Biorefining,durian,4
Biofuels Bioproducts and Biorefining,bioproduct,3
Biofuels Bioproducts and Biorefining,RSM,2
Biofuels Bioproducts and Biorefining,activated carbon,2
Biofuels Bioproducts and Biorefining,activation time,2
Biofuels Bioproducts and Biorefining,biocomposite,2
Biological Agriculture and Horticulture,Bacillus subtilis,3
Biological Agriculture and Horticulture,Bio-coated fertiliser,3
Biological Agriculture and Horticulture,Saccharum officinarum L,3
Biological Agriculture and Horticulture,Zea mays L,3
Biological Agriculture and Horticulture,goat manure,3
Biological Conservation,Abundance,1
Biological Conservation,Conservation,1
Biological Conservation,Leaf litter weight,1
Biological Conservation,Soil biodiversity,1
Biological Conservation,Soil compaction,1
Biological Conservation,Weight,1
Biomass Conversion and Biorefinery,Bio-composite,3
Biomass Conversion and Biorefinery,Biomaterials,3
Biomass Conversion and Biorefinery,Blend films,3
Biomass Conversion and Biorefinery,Carboxymethyl Cellulose,3
Biomass Conversion and Biorefinery,Hemicellulose,3
Biomass Conversion and Biorefinery,Mycelium,3
Biomass Conversion and Biorefinery,Oil palm trunk,3
Biomass Conversion and Biorefinery,Pleurotus ostreatus,3
Biomass Conversion and Biorefinery,Rubber wood sawdust,3
Biomass Conversion and Biorefinery,Thermal properties,3
Biomass Processing for Sustainable Circular Economy,Biomass conversion,3
Biomass Processing for Sustainable Circular Economy,Biomass processing,2
Biomass Processing for Sustainable Circular Economy,Bioprocess,2
Biomass Processing for Sustainable Circular Economy,Circular economy,2
Biomass Processing for Sustainable Circular Economy,Natural resources,2
Biomass Processing for Sustainable Circular Economy,Biochemical,1
Biomass Processing for Sustainable Circular Economy,Biomass,1
Biomass Processing for Sustainable Circular Economy,Renewable energy,1
Biomass Processing for Sustainable Circular Economy,Thermochemical,1
Biomass Valorization A Sustainable Approach Towards Carbon Neutrality and Circular Economy,Carbon neutrality,1
Biomass Valorization A Sustainable Approach Towards Carbon Neutrality and Circular Economy,Circular economy,1
Biomass Valorization A Sustainable Approach Towards Carbon Neutrality and Circular Economy,Fertilizer,1
Biomass Valorization A Sustainable Approach Towards Carbon Neutrality and Circular Economy,Food waste,1
Biomass and Bioenergy,Barrier performance,3
Biomass and Bioenergy,Biopolymer nanocomposites,3
Biomass and Bioenergy,Circular bioeconomy,3
Biomass and Bioenergy,Kappaphycus alvarezii,3
Biomass and Bioenergy,Seaweed biomass,3
Biomass and Bioenergy,Silica nanoparticle,3
Biomass and Bioenergy,Sustainable packaging,3
Biomass and Bioenergy,Bioethanol,2
Biomass and Bioenergy,Chemo-mechanical pretreatment,2
Biomass and Bioenergy,Energy efficiency,2
Biomedical Materials Bristol,anticancer,1
Biomedical Materials Bristol,core-shell,1
Biomedical Materials Bristol,drug delivery,1
Biomedical Materials Bristol,electrospinning,1
Biomedical Materials Bristol,magnetoelectric,1
Biomedical Materials Bristol,nanofibers,1
Biomedical Physics and Engineering Express,absorbable,1
Biomedical Physics and Engineering Express,guided bone regeneration (GBR),1
Biomedical Physics and Engineering Express,guided tissue regeneration (GTR),1
Biomedical Physics and Engineering Express,non-absorbable,1
Biomimetics,biocomposite,2
Biomimetics,building applications,2
Biomimetics,natural waste fiber,2
Biomimetics,sustainable,2
Biomimetics,thermal insulation,2
Biorefinery of Industrial Effluents for A Sustainable Circular Economy,Waste,1
Biorefinery of Industrial Effluents for A Sustainable Circular Economy,biological waste treatment,1
Biorefinery of Industrial Effluents for A Sustainable Circular Economy,biomass,1
Biorefinery of Industrial Effluents for A Sustainable Circular Economy,environmental chemical engineering,1
Biorefinery of Industrial Effluents for A Sustainable Circular Economy,environmental engineering,1
Biorefinery of Industrial Effluents for A Sustainable Circular Economy,palm oil mill effluents,1
Biorefinery of Industrial Effluents for A Sustainable Circular Economy,sustainable development,1
Biorefinery of Industrial Effluents for A Sustainable Circular Economy,waste management,1
Bioremediation Journal,Acetic acid,2
Bioremediation Journal,Clostridium butyricum,2
Bioremediation Journal,bioremediation,2
Bioremediation Journal,butyric acid,2
Bioremediation Journal,fermentation,2
Bioremediation Journal,metals,2
Bioremediation and Nanotechnology for Climate Change Mitigation,Groundwater and rainwater contamination,1
Bioremediation and Nanotechnology for Climate Change Mitigation,Running water types,1
Bioremediation and Nanotechnology for Climate Change Mitigation,Sustainable water resources development,1
Bioresource Technology,Ammonia toxicity,1
Bioresource Technology,Anaerobic digestion,1
Bioresource Technology,Sub-thermophilic,1
Bioresource Technology,Swine manure,1
Bioresource Technology,Total solids content,1
Bioresource Technology Reports,Biopolymer,6
Bioresource Technology Reports,Spent coffee grounds,6
Bioresource Technology Reports,Bast fiber nonwoven,3
Bioresource Technology Reports,Biodegradable nanocomposites,3
Bioresource Technology Reports,Chemical modification,3
Bioresource Technology Reports,Circular bioeconomy,3
Bioresource Technology Reports,Interfacial interactions,3
Bioresource Technology Reports,Lignin extraction,3
Bioresource Technology Reports,Patchouli waste fiber,3
Bioresource Technology Reports,Raman spectroscopy,3
Bioresources,Alginate-lignin adhesive,1
Bioresources,Biomaterials,1
Bioresources,Cellulose,1
Bioresources,Cow dung compost,1
Bioresources,Duck dung compost,1
Bioresources,Etching effect,1
Bioresources,Goose dung compost,1
Bioresources,Morphology study,1
Bioresources,Nitrogen plasma,1
Bioresources,Particleboard,1
Biotechnology Advances,Additives,2
Biotechnology Advances,Heterotrophic microbes,2
Biotechnology Advances,Microbial plastic degradation,2
Biotechnology Advances,Structural integrity weakening,2
Biotechnology Advances,Biogas upgrading,1
Biotechnology Advances,Biomethanation,1
Biotechnology Advances,H2 diffusion,1
Biotechnology Advances,Hollow-fiber membranes,1
Brain and Behavior,adaptogen,1
Brain and Behavior,mushrooms,1
Brain and Behavior,stress,1
Brain and Behavior,β-glucan,1
Bulletin of Atmospheric Science and Technology,Cloud Optical Thickness,1
Bulletin of Atmospheric Science and Technology,Emission rate,1
Bulletin of Atmospheric Science and Technology,Health hazards,1
Bulletin of Atmospheric Science and Technology,LandGEM,1
Bulletin of Atmospheric Science and Technology,Landfill gas,1
Bulletin of Atmospheric Science and Technology,MERRA-2,1
Bulletin of Atmospheric Science and Technology,Mann Kendall,1
Bulletin of Atmospheric Science and Technology,Methane,1
Bulletin of Atmospheric Science and Technology,Modified Mann Kendall,1
Bulletin of Atmospheric Science and Technology,Monte Carlo,1
Cab Reviews Perspectives in Agriculture Veterinary Science Nutrition and Natural Resources,economic sustainability,1
Cab Reviews Perspectives in Agriculture Veterinary Science Nutrition and Natural Resources,environmental sustainability,1
Cab Reviews Perspectives in Agriculture Veterinary Science Nutrition and Natural Resources,food security,1
Cab Reviews Perspectives in Agriculture Veterinary Science Nutrition and Natural Resources,integrated crop livestock,1
Cab Reviews Perspectives in Agriculture Veterinary Science Nutrition and Natural Resources,oil palm livestock system,1
Cab Reviews Perspectives in Agriculture Veterinary Science Nutrition and Natural Resources,social sustainability,1
Cell Biochemistry and Function,Cancer Oncology,1
Cell Biochemistry and Function,Rho GTPases,1
Cell Biochemistry and Function,VOSviewer,1
Cell Biochemistry and Function,bibliometric analysis,1
Cellular Signalling,APRIL,1
Cellular Signalling,BAFF,1
Cellular Signalling,Bibliometric analysis,1
Cellular Signalling,Immunological disorders,1
Cellular Signalling,Receptors,1
Cellulose,Alkali solvent,1
Cellulose,Bioethanol,1
Cellulose,Cellulose,1
Cellulose,Energy efficiency,1
Cellulose,Hydrogel,1
Cellulose,Kapok fibres,1
Cellulose,Net energy ratio,1
Cellulose,Niacinamide,1
Cellulose,Pretreatment,1
Cellulose,Saccharification and fermentation,1
Ceramics International,Electrochemical performance,1
Ceramics International,Power density,1
Ceramics International,Solid oxide fuel cells,1
Ceramics International,Thermal compatibility,1
Ceramics International,Thermal expansion coefficient,1
Cerne,"2,2,6,6-tetramethylpiperidine-1-oxyl radical",1
Cerne,Bioresource based products,1
Cerne,Carboxyl groups,1
Cerne,Cellulose solubility,1
Cerne,Crystallinity,1
Cerne,Dissolution,1
Char Based Composites Production Characterization Limitations and Emerging Applications,Carbonization,1
Char Based Composites Production Characterization Limitations and Emerging Applications,biochar,1
Char Based Composites Production Characterization Limitations and Emerging Applications,char,1
Char Based Composites Production Characterization Limitations and Emerging Applications,composite materials,1
Char Based Composites Production Characterization Limitations and Emerging Applications,hydrochar,1
Char Based Composites Production Characterization Limitations and Emerging Applications,materials processing,1
Char Based Composites Production Characterization Limitations and Emerging Applications,thermochemical technology,1
Characterization Techniques in Bionanocomposites Advances Challenges and Applications,Permeability,2
Characterization Techniques in Bionanocomposites Advances Challenges and Applications,Tortuous Path Model,2
Characterization Techniques in Bionanocomposites Advances Challenges and Applications,bionanocomposite,2
Characterization Techniques in Bionanocomposites Advances Challenges and Applications,biopolymer matrix,2
Characterization Techniques in Bionanocomposites Advances Challenges and Applications,biopolymers,2
Characterization Techniques in Bionanocomposites Advances Challenges and Applications,gas transport,2
Characterization Techniques in Bionanocomposites Advances Challenges and Applications,nanoreinforcement,2
Characterization Techniques in Bionanocomposites Advances Challenges and Applications,permeability properties,2
Chembioeng Reviews,Advantages,1
Chembioeng Reviews,Bacteriocin,1
Chembioeng Reviews,Limitations,1
Chembioeng Reviews,Methods,1
Chembioeng Reviews,Purification,1
Chemical Engineering and Processing Process Intensification,Biological methanation,2
Chemical Engineering and Processing Process Intensification,Biomethane upgrading,2
Chemical Engineering and Processing Process Intensification,Biotrickling filter reactor,2
Chemical Engineering and Processing Process Intensification,Power-to-gas,2
Chemical Engineering and Processing Process Intensification,Process intensification,2
Chemical Papers,Activated carbon,1
Chemical Papers,Adsorption,1
Chemical Papers,Banana stem,1
Chemical Papers,Methylene blue,1
Chemical Papers,Microplastic,1
Chemical Papers,Polyethylene terephthalate,1
Chemical Thermodynamics and Thermal Analysis,Ethylene glycol,1
Chemical Thermodynamics and Thermal Analysis,Magnesium oxide,1
Chemical Thermodynamics and Thermal Analysis,Nanofluids,1
Chemical Thermodynamics and Thermal Analysis,Stability,1
Chemical Thermodynamics and Thermal Analysis,Thermal conductivity,1
Chemistry and Biodiversity,Calophyllum,1
Chemistry and Biodiversity,anti-bacillus,1
Chemistry and Biodiversity,chromanone,1
Chemistry and Biodiversity,coumarin,1
Chemistry and Biodiversity,cytotoxicity •,1
Chemistryselect,Antihyperglycemia,1
Chemistryselect,Docking,1
Chemistryselect,Drug-likeness,1
Chemistryselect,Heck coupling,1
Chemistryselect,Para-Carboxamidostilbene,1
Chemosphere,"2,4-D",1
Chemosphere,Advanced oxidation process,1
Chemosphere,Benzo[a]pyrene removal,1
Chemosphere,Biogas,1
Chemosphere,Eichhornia crassipes,1
Chemosphere,Fe–Co–Zn,1
Chemosphere,Fe–Ni–Zn,1
Chemosphere,Natural catalysis,1
Chemosphere,Palm Oil Mill Effluent,1
Chemosphere,Palm kernel shell,1
Clean Technologies and Environmental Policy,Biopolymers,4
Clean Technologies and Environmental Policy,Cellulose,4
Clean Technologies and Environmental Policy,Cellulose derivatives,4
Clean Technologies and Environmental Policy,Fruit peel,4
Clean Technologies and Environmental Policy,Sustainable materials,4
Clean Technologies and Environmental Policy,Tropical fruit,4
Clean Technologies and Environmental Policy,Dehumidification,3
Clean Technologies and Environmental Policy,Desiccant paper,3
Clean Technologies and Environmental Policy,Moisture absorption,3
Clean Technologies and Environmental Policy,Natural waste fiber,3
Cleaner Engineering and Technology,And sustainable management,1
Cleaner Engineering and Technology,Energy consumption,1
Cleaner Engineering and Technology,Environmental issues,1
Cleaner Engineering and Technology,Thorium extraction,1
Cleaner Waste Systems,China,2
Cleaner Waste Systems,Circular economy,2
Cleaner Waste Systems,Industrial waste management,2
Cleaner Waste Systems,Knowledge-Attitude-Practice (KAP) model,2
Cleaner Waste Systems,Sustainable development,2
Climate Responsive Plant Biology Environmental Crosstalk Sustainability and Future Technologies,Ceratophyllum demersum,1
Climate Responsive Plant Biology Environmental Crosstalk Sustainability and Future Technologies,Climate action,1
Climate Responsive Plant Biology Environmental Crosstalk Sustainability and Future Technologies,Ecosystem function and services,1
Climate Responsive Plant Biology Environmental Crosstalk Sustainability and Future Technologies,Global crop production,1
Climate Responsive Plant Biology Environmental Crosstalk Sustainability and Future Technologies,Inorganic water pollutants,1
Climate Responsive Plant Biology Environmental Crosstalk Sustainability and Future Technologies,Phytoremediation,1
Climate Responsive Plant Biology Environmental Crosstalk Sustainability and Future Technologies,Provisioning ecosystem service,1
Climate Responsive Plant Biology Environmental Crosstalk Sustainability and Future Technologies,Submerged macrophytes,1
Climate Responsive Plant Biology Environmental Crosstalk Sustainability and Future Technologies,Surface water,1
Climate Responsive Plant Biology Environmental Crosstalk Sustainability and Future Technologies,Sustainable agricultural practices,1
Colloid and Polymer Science,Coagulant-assisted,1
Colloid and Polymer Science,NRL film,1
Colloid and Polymer Science,Sludge capturing process,1
Colloid and Polymer Science,Surface-active latex,1
Colloid and Polymer Science,Wastewater treatment,1
Composites Communications,3D printing,4
Composites Communications,Biopolymer,4
Composites Communications,Nanocellulose,4
Composites Communications,Nanocomposites,4
Composites Communications,Polymer blend,4
Composites in Energy Harvesting Conversion and Storage Biocomposites Nanocomposites and Bionanocomposites,Conjugation,1
Composites in Energy Harvesting Conversion and Storage Biocomposites Nanocomposites and Bionanocomposites,Hybrid,1
Composites in Energy Harvesting Conversion and Storage Biocomposites Nanocomposites and Bionanocomposites,Metal oxide,1
Composites in Energy Harvesting Conversion and Storage Biocomposites Nanocomposites and Bionanocomposites,Nanocellulose,1
Composites in Energy Harvesting Conversion and Storage Biocomposites Nanocomposites and Bionanocomposites,Nanocomposites,1
Computational Biology and Chemistry,Antioxidant,1
Computational Biology and Chemistry,Drying temperature,1
Computational Biology and Chemistry,HSP90AB1,1
Computational Biology and Chemistry,Metabolite profiling,1
Computational Biology and Chemistry,Network pharmacology,1
Computational Biology and Chemistry,Oxidative,1
Computational Biology and Chemistry,Passiflora edulis,1
Computational Biology and Chemistry,Passion fruit,1
Controlling Environmental Pollution Practical Solutions,Agriculture,1
Controlling Environmental Pollution Practical Solutions,Agrochemical,1
Controlling Environmental Pollution Practical Solutions,Antibiotic resistance genes (ARGs),1
Controlling Environmental Pollution Practical Solutions,Environmental pollutions,1
Controlling Environmental Pollution Practical Solutions,Greenhouse gases (GHGs),1
Controlling Environmental Pollution Practical Solutions,Microplastic,1
Current Opinion in Electrochemistry,Deposition,2
Current Opinion in Electrochemistry,Electrolyte engineering,2
Current Opinion in Electrochemistry,Flow battery,2
Current Opinion in Electrochemistry,Manganese,2
Current Opinion in Electrochemistry,Reversibility,2
Current Research in Nutrition and Food Science,AMR,1
Current Research in Nutrition and Food Science,Chlamydomonas Reinhardtii,1
Current Research in Nutrition and Food Science,Contaminant,1
Current Research in Nutrition and Food Science,Food Safety,1
Current Research in Nutrition and Food Science,Food Security,1
Current Research in Nutrition and Food Science,Heavy Metal,1
Current Research in Nutrition and Food Science,Mariculture,1
Current Research in Nutrition and Food Science,Natural Preservatives,1
Current Research in Nutrition and Food Science,Protein Extraction,1
Current Research in Nutrition and Food Science,Risk Assessment,1
Current Research in Structural Biology,Digestibility,1
Current Research in Structural Biology,Disaccharide,1
Current Research in Structural Biology,Lentil proteins,1
Current Research in Structural Biology,Protein structure,1
Current Research in Structural Biology,Whey proteins,1
Current Traditional Medicine,Depression,1
Current Traditional Medicine,drugs,1
Current Traditional Medicine,functional enrichment analysis,1
Current Traditional Medicine,herbal medicines,1
Current Traditional Medicine,terpenoids,1
Current Traditional Medicine,triterpenoid saponins,1
Cutaneous and Ocular Toxicology,Foundation,1
Cutaneous and Ocular Toxicology,Phenylalanine,1
Cutaneous and Ocular Toxicology,anti-ageing,1
Cutaneous and Ocular Toxicology,efficacy formula,1
Cutaneous and Ocular Toxicology,makeup,1
Cutaneous and Ocular Toxicology,pharmacy,1
Cutaneous and Ocular Toxicology,phenylacetic acid,1
Cutaneous and Ocular Toxicology,phenyllactic acid,1
Cutaneous and Ocular Toxicology,phenylpyruvic acid,1
Cutaneous and Ocular Toxicology,safety,1
DNA in Health Identity and Ancestry,Kedayan,1
DNA in Health Identity and Ancestry,Malaysia,1
DNA in Health Identity and Ancestry,control region,1
DNA in Health Identity and Ancestry,mtDNA,1
DNA in Health Identity and Ancestry,population data,1
Daru Journal of Pharmaceutical Sciences,Antioxidant,1
Daru Journal of Pharmaceutical Sciences,Bioflavonoids,1
Daru Journal of Pharmaceutical Sciences,Oil palm leaf,1
Daru Journal of Pharmaceutical Sciences,Physicochemical evaluations,1
Daru Journal of Pharmaceutical Sciences,Polymeric hydrogel,1
Daru Journal of Pharmaceutical Sciences,Wound healing properties,1
Defect and Diffusion Forum,electron beam,1
Defect and Diffusion Forum,membrane surface modification,1
Defect and Diffusion Forum,methyl methacrylate,1
Defect and Diffusion Forum,polyimide,1
Defect and Diffusion Forum,radiation induced graft copolymerization,1
Diabetology and Metabolic Syndrome,Adipokines,2
Diabetology and Metabolic Syndrome,Celastrol,2
Diabetology and Metabolic Syndrome,Diabetic nephropathy,2
Diabetology and Metabolic Syndrome,Immune cells,2
Diabetology and Metabolic Syndrome,Immune infiltration,2
Diabetology and Metabolic Syndrome,Mendelian randomization,2
Digital Chemical Engineering,CO2 capturing,1
Digital Chemical Engineering,Energy-saving,1
Digital Chemical Engineering,Palm kernel shell,1
Digital Chemical Engineering,Simulation,1
Digital Chemical Engineering,Techno-economic analysis,1
Discover Food,Banana fruit,1
Discover Food,Chitosan coating,1
Discover Food,Delay ripening,1
Discover Food,Nanoclay,1
Discover Food,Shelf-life extension,1
Discover Sustainability,Biodiesel,2
Discover Sustainability,Camelus dromedaries,2
Discover Sustainability,Environmental challenges,2
Discover Sustainability,Kinetics & thermodynamics,2
Discover Sustainability,NUF and WLP residue,2
Discover Sustainability,Policies,2
Discover Sustainability,Rare earth elements,2
Discover Sustainability,Soxhlet extraction,2
Discover Sustainability,Thorium extraction methods,2
Discover Sustainability,Waste management,2
Drug Delivery and Translational Research,Antimicrobial innovation,3
Drug Delivery and Translational Research,Dental caries,3
Drug Delivery and Translational Research,Enterocin CC2,3
Drug Delivery and Translational Research,Microemulsion formulation,3
Drug Delivery and Translational Research,Streptococcus mutans,3
E Polymers,encapsulation,6
E Polymers,butterfly pea,4
E Polymers,physical modification,4
E Polymers,sago starch,4
E Polymers,spray drying,4
E Polymers,wall material,4
E Polymers,acetyl groups,2
E Polymers,acetylation,2
E Polymers,degree of substitution,2
E Polymers,surface-modified tapioca starches,2
Earth Systems and Environment,Atmosphere–ocean interaction,1
Earth Systems and Environment,Atmospheric CO2 concentration,1
Earth Systems and Environment,CO2 flux,1
Earth Systems and Environment,Monsoon variability,1
Ecological Informatics,Deep learning,7
Ecological Informatics,Bias correction,4
Ecological Informatics,Parameterization,4
Ecological Informatics,WRF model,4
Ecological Informatics,Agriculture,3
Ecological Informatics,Machine learning,3
Ecological Informatics,Oil palm,3
Ecological Informatics,Yield prediction,3
Efood,T-2 toxin degradation,2
Efood,cytochrome P450 (CYP61),2
Efood,food safety,2
Efood,metagenomic analysis,2
Efood,microbial consortium,2
Emerging Science Journal,Adsorption,1
Emerging Science Journal,Heavy Metal,1
Emerging Science Journal,Humic Acid,1
Emerging Science Journal,Nano,1
Emerging Science Journal,Soil,1
Emerging Technology and Crisis Management in the Halal Industry Issues and Recent Developments,Core competencies,1
Emerging Technology and Crisis Management in the Halal Industry Issues and Recent Developments,Halal executive,1
Emerging Technology and Crisis Management in the Halal Industry Issues and Recent Developments,Halal industry,1
Emerging Technology and Crisis Management in the Halal Industry Issues and Recent Developments,IR4,1
Emerging Technology and Crisis Management in the Halal Industry Issues and Recent Developments,Malaysia,1
Energy Conversion and Management X,Biofuel,2
Energy Conversion and Management X,Bioremediation,2
Energy Conversion and Management X,Chicken manure,2
Energy Conversion and Management X,Electricity generation,2
Energy Conversion and Management X,Green technology,2
Energy Conversion and Management X,Microbial fuel cell,2
Energy Conversion and Management X,Scenedesmus parvus algae,2
Energy Conversion and Management X,Soxhlet extraction,2
Energy Conversion and Management X,Sustainable utilization,2
Energy Conversion and Management X,Waste management,2
Energy Nexus,Agricultural water management,3
Energy Nexus,Environmental impact assessment,3
Energy Nexus,Groundwater sustainability,3
Energy Nexus,Hydrochemical characterization,3
Energy Nexus,Water-energy nexus,3
Energy Nexus,Algae biomass,2
Energy Nexus,Algae cultivation,2
Energy Nexus,Biodiesel feedstock,2
Energy Nexus,Fatty acid,2
Energy Nexus,Lipid productivity,2
Energy for Sustainable Development,Bioethanol,2
Energy for Sustainable Development,Co-fermentation time,2
Energy for Sustainable Development,Energy efficiency,2
Energy for Sustainable Development,Pretreatment optimization,2
Engineering Letters,circular arcs,1
Engineering Letters,differential drive,1
Engineering Letters,mobile robot,1
Engineering Letters,motion planning,1
Engineering Letters,robot simtion,1
Engineering Proceedings,Chlorella vulgaris cultivation,2
Engineering Proceedings,biomass lipid,2
Engineering Proceedings,enzymatic analysis,2
Engineering Proceedings,optimization,2
Engineering Proceedings,photobioreactor,2
Engineering Proceedings,response surface methodology,2
Engineering Proceedings,saccharification,2
Engineering Proceedings,watermelon rinds,2
Environment Development and Sustainability,And numerical modelling,1
Environment Development and Sustainability,Hydrogeochemical models,1
Environment Development and Sustainability,Hydrological and water quality models,1
Environment Development and Sustainability,Sustainable development,1
Environment Development and Sustainability,Water–rock interactions,1
Environmental Engineering Research,Biogas,1
Environmental Engineering Research,Biomass,1
Environmental Engineering Research,Biopurification,1
Environmental Engineering Research,Biosorbent,1
Environmental Engineering Research,Composite biosorbents,1
Environmental Engineering Research,Fe3+ crosslinking,1
Environmental Geochemistry and Health,Anthropogenic activities,1
Environmental Geochemistry and Health,Bauxite mining,1
Environmental Geochemistry and Health,Beach sediments,1
Environmental Geochemistry and Health,Heavy metals,1
Environmental Geochemistry and Health,Pollution,1
Environmental Geochemistry and Health,Tidal zones,1
Environmental Monitoring and Assessment,AWARE model,3
Environmental Monitoring and Assessment,Aquifer characteristics,3
Environmental Monitoring and Assessment,Emerging contaminants,3
Environmental Monitoring and Assessment,Groundwater sustainability,3
Environmental Monitoring and Assessment,Life cycle assessment,3
Environmental Monitoring and Assessment,Monsoonal transport,3
Environmental Monitoring and Assessment,Paddy irrigation,3
Environmental Monitoring and Assessment,Pumping well yield,3
Environmental Monitoring and Assessment,Southeast Asian catchments,3
Environmental Monitoring and Assessment,Spectroscopy characterization,3
Environmental Progress and Sustainable Energy,Chlorococcum sp.,1
Environmental Progress and Sustainable Energy,microalgae,1
Environmental Progress and Sustainable Energy,palm oil mill effluent,1
Environmental Progress and Sustainable Energy,polishing pond,1
Environmental Progress and Sustainable Energy,renewable energy,1
Environmental Progress and Sustainable Energy,sustainability,1
Environmental Progress and Sustainable Energy,wastewater,1
Environmental Science and Pollution Research,Batch and continuous modes,2
Environmental Science and Pollution Research,Biofuel,2
Environmental Science and Pollution Research,Feedstock,2
Environmental Science and Pollution Research,Heavy metal removal,2
Environmental Science and Pollution Research,Leachate treatment,2
Environmental Science and Pollution Research,Membrane bioreactor,2
Environmental Science and Pollution Research,Phycoremediation agent,2
Environmental Science and Pollution Research,Reuse,2
Environmental Science and Pollution Research,Scenedesmussp,2
Environmental Science and Pollution Research,Sustainability,2
Environmental Technology and Innovation,Biogas valorization,4
Environmental Technology and Innovation,Nutrient,4
Environmental Technology and Innovation,Oil palm sap,4
Environmental Technology and Innovation,Polyhydroxybutyrate,4
Environmental Technology and Innovation,Simple two-step enrichment,4
Environmental Technology and Innovation,Type II Methanotrophs,4
Environmental Technology and Innovation,Algal immobilization,2
Environmental Technology and Innovation,Bacterial-cellulose,2
Environmental Technology and Innovation,Microalgae,2
Environmental Technology and Innovation,Nutrient removal,2
Environmental Toxicology and Chemistry,Baseline,2
Environmental Toxicology and Chemistry,Environmental health,2
Environmental Toxicology and Chemistry,Freshwater,2
Environmental Toxicology and Chemistry,Microplastics,2
Environmental Toxicology and Chemistry,Plastic pollution mitigation,2
Environmental Toxicology and Pharmacology,Bioaccumulation,1
Environmental Toxicology and Pharmacology,Emerging pollutants,1
Environmental Toxicology and Pharmacology,Environmental pollutants,1
Environmental Toxicology and Pharmacology,Paddy,1
Environmental Toxicology and Pharmacology,Translocation,1
Environmental Toxicology and Pharmacology,Water reuse,1
Euro Mediterranean Journal for Environmental Integration,Hazards,1
Euro Mediterranean Journal for Environmental Integration,Human health,1
Euro Mediterranean Journal for Environmental Integration,Mechanisms,1
Euro Mediterranean Journal for Environmental Integration,Paraquat herbicide,1
Euro Mediterranean Journal for Environmental Integration,Toxicity,1
European Food Research and Technology,Anthracnose,1
European Food Research and Technology,Antracol,1
European Food Research and Technology,Chitosan,1
European Food Research and Technology,Composite hydrophobic nanocoating,1
European Food Research and Technology,Functionality,1
European Food Research and Technology,Konjac,1
European Food Research and Technology,Molecular forces,1
European Food Research and Technology,Plant-based proteins,1
European Food Research and Technology,Ultrasound,1
Exposure and Health,Acceptable daily intake,2
Exposure and Health,Emerging contaminants,2
Exposure and Health,Wastewater irrigation,2
Exposure and Health,Water and food security,2
Exposure and Health,Water pollution,2
Express Polymer Letters,biopolymer,7
Express Polymer Letters,sustainable materials,5
Express Polymer Letters,compatibility,4
Express Polymer Letters,bio-binder,3
Express Polymer Letters,bioaerogel,3
Express Polymer Letters,biocomposite,3
Express Polymer Letters,recycling,3
Express Polymer Letters,3D X-ray imaging,2
Express Polymer Letters,biofiller,2
Express Polymer Letters,cellulose nanofibers,2
Fermentation,functional food industries,1
Fermentation,lactic acid bacteria,1
Fermentation,metabolite,1
Fermentation,probiotics,1
Fermentation,production,1
Fibers and Polymers,Applications,2
Fibers and Polymers,Biocomposites,2
Fibers and Polymers,Natural fibers,2
Fibers and Polymers,Reinforcement,2
Fibers and Polymers,Thermoplastic elastomer,2
Fisheries Management and Ecology,coastal reclamation,4
Fisheries Management and Ecology,livelihood assets,4
Fisheries Management and Ecology,livelihood strategies,4
Fisheries Management and Ecology,resilience,4
Fisheries Management and Ecology,small-scale fisheries,4
Fisheries Management and Ecology,sustainability,4
Fitoterapia,Anti-hyperglycaemia,1
Fitoterapia,Indole alkaloid,1
Fitoterapia,Kopsia teoi,1
Fitoterapia,Molecular docking,1
Fitoterapia,α-Amylase,1
Food Analytical Methods,Chemometrics,2
Food Analytical Methods,Adulteration,1
Food Analytical Methods,Antioxidant activity,1
Food Analytical Methods,Extraction,1
Food Analytical Methods,Fatty acid,1
Food Analytical Methods,Fatty acids diagnostic ratio,1
Food Analytical Methods,Gas chromatography-flame ionisation detector,1
Food Analytical Methods,Gas chromatography-ion mobility spectrometry,1
Food Analytical Methods,Geographical origin,1
Food Analytical Methods,Microalgae,1
Food Bioscience,Aspergillus flavus,2
Food Bioscience,Aspergillus niger,2
Food Bioscience,Chilli,2
Food Bioscience,Essential oils,2
Food Bioscience,Active packaging film,1
Food Bioscience,Antibacterial,1
Food Bioscience,Bajakah tampala extract,1
Food Bioscience,Enzymatic,1
Food Bioscience,Fermented okara,1
Food Bioscience,Lactic acid bacteria,1
Food Chemistry,Casein,1
Food Chemistry,Casein proteins,1
Food Chemistry,Crassostrea belcheri,1
Food Chemistry,Crassostrea iredalei,1
Food Chemistry,DLLME,1
Food Chemistry,Digestibility,1
Food Chemistry,Fatty acid,1
Food Chemistry,Fermentation,1
Food Chemistry,GC×GC,1
Food Chemistry,Lentil proteins,1
Food Chemistry X,Antimicrobial peptides,1
Food Chemistry X,Antioxidant activity,1
Food Chemistry X,Chlamydomonas reinhardtii,1
Food Chemistry X,Frozen burger preservation,1
Food Chemistry X,Mechanism,1
Food Chemistry X,Microbial load reduction,1
Food Chemistry X,Molecular docking,1
Food Chemistry X,Oxidation stability,1
Food Chemistry X,Plant extract nanoemulsions,1
Food Chemistry X,Protein digestibility,1
Food Control,Antibacterial activity,1
Food Control,Antioxidant activity,1
Food Control,Black tea,1
Food Control,Enzyme-like activity,1
Food Control,HPLC,1
Food Control,Hazard index,1
Food Control,Hazard quotient,1
Food Control,Histamine,1
Food Control,Polysaccharide stabilization,1
Food Control,Strawberry preservation,1
Food Engineering Reviews,Animal-based Proteins,1
Food Engineering Reviews,Complex Coacervation,1
Food Engineering Reviews,Complexation,1
Food Engineering Reviews,Conjugation,1
Food Engineering Reviews,Plant-based Proteins,1
Food Hydrocolloids for Health,Capsules and Beads,1
Food Hydrocolloids for Health,Encapsulation,1
Food Hydrocolloids for Health,Food coating,1
Food Hydrocolloids for Health,Native biopolymers,1
Food Hydrocolloids for Health,Persian gum,1
Food Hydrocolloids for Health,Pharmaceutical applications,1
Food Hydrocolloids for Health,biopolymer compatibility,1
Food Production Processing and Nutrition,Antioxidant capacity,1
Food Production Processing and Nutrition,Endogenous hormones,1
Food Production Processing and Nutrition,Far-red light,1
Food Production Processing and Nutrition,Growth,1
Food Production Processing and Nutrition,Lettuce,1
Food Production Processing and Nutrition,Quality,1
Food Quality and Safety,Pineapple jam,2
Food Quality and Safety,moisture,2
Food Quality and Safety,syneresis,2
Food Quality and Safety,texture,2
Food Quality and Safety,water activity,2
Food Quality and Safety,Azelaic acid (AZA),1
Food Quality and Safety,antimicrobial,1
Food Quality and Safety,digestibility,1
Food Quality and Safety,fermentation,1
Food Quality and Safety,glutaric acid (GLA),1
Food Research,Sago starch,3
Food Research,Acid hydrolysis,2
Food Research,Antioxidant activities,2
Food Research,Flavonoids,2
Food Research,Optimisation,2
Food Research,Papaya juice,2
Food Research,Pullulanase,2
Food Research,Starch nanocrystal,2
Food Research,Starch nanoparticle,2
Food Research,Ultrasound-assisted extraction,2
Food Reviews International,Artificial intelligence,2
Food Reviews International,food policy,2
Food Reviews International,food processing,2
Food Reviews International,food security,2
Food Reviews International,industrial revolution,2
Food Reviews International,machine learning,2
Food Science and Biotechnology,Fermentation,3
Food Science and Biotechnology,Complexation,2
Food Science and Biotechnology,Lentil proteins,2
Food Science and Biotechnology,Water kefir grains,2
Food Science and Biotechnology,Whey proteins,2
Food Science and Biotechnology,Antimicrobial,1
Food Science and Biotechnology,Azelaic acid,1
Food Science and Biotechnology,Digestibility,1
Food Science and Biotechnology,Glutaric acid,1
Food Science and Biotechnology,Meat,1
Food Science and Nutrition,Saccharomyces cerevisiae,2
Food Science and Nutrition,fermented rice noodles,2
Food Science and Nutrition,quality attributes,2
Food Science and Nutrition,starch,2
Food Science and Nutrition,yeast fermentation,2
Food Science and Nutrition,Chlamydomonas reinhardtii,1
Food Science and Nutrition,Penganum harmala,1
Food Science and Nutrition,Persian gum (insoluble part),1
Food Science and Nutrition,Syzygium aromaticum,1
Food Science and Nutrition,Zataria multiflora Boiss,1
Food Waste Valorization Emerging Trends Techno Economic and Environmental Considerations,Food waste,1
Food Waste Valorization Emerging Trends Techno Economic and Environmental Considerations,life-cycle assessment,1
Food Waste Valorization Emerging Trends Techno Economic and Environmental Considerations,techno-economic analysis,1
Food Waste Valorization Emerging Trends Techno Economic and Environmental Considerations,waste valorization,1
Food and Bioprocess Technology,Meat detachments,3
Food and Bioprocess Technology,Muscle release,3
Food and Bioprocess Technology,Shucking,3
Food and Bioprocess Technology,Superheated steam,3
Food and Bioprocess Technology,Tropical oysters,3
Food and Bioprocess Technology,Cell wall,2
Food and Bioprocess Technology,Enzymolysis,2
Food and Bioprocess Technology,Total soluble solids,2
Food and Bioprocess Technology,Ultrasonication,2
Food and Bioprocess Technology,Yeast extract,2
Foods,Ginkgo biloba leaves flavonoids,1
Foods,adhesion,1
Foods,algae-derived peptides,1
Foods,applications,1
Foods,bioactive functionalities,1
Foods,biofilm,1
Foods,computational technology,1
Foods,crayfish,1
Foods,frying oils,1
Foods,kinetic model,1
Fottea,Nostocales,1
Fottea,fatty acid,1
Fottea,heterocytous,1
Fottea,polyphasic characterization,1
Fottea,subaerophytic,1
Fottea,tropical cyanobacteria,1
Frontiers in Chemical Engineering,GHG reduction,1
Frontiers in Chemical Engineering,bio-electrochemical systems,1
Frontiers in Chemical Engineering,bioenergy,1
Frontiers in Chemical Engineering,biofuels,1
Frontiers in Chemical Engineering,bioreactors,1
Frontiers in Chemical Engineering,wastewater treatment,1
Frontiers in Dental Medicine,antimicrobial activity,1
Frontiers in Dental Medicine,biocompatibility,1
Frontiers in Dental Medicine,cytotoxicity,1
Frontiers in Dental Medicine,drug delivery,1
Frontiers in Dental Medicine,mesenchymal stem cell derived exosomes,1
Frontiers in Dental Medicine,mucoadhesive hydrogel,1
Frontiers in Dental Medicine,oral ulcers,1
Frontiers in Microbiology,clean fermentation,2
Frontiers in Microbiology,kombucha,2
Frontiers in Microbiology,metabolome,2
Frontiers in Microbiology,microbial identification,2
Frontiers in Microbiology,symbiosis,2
Frontiers in Microbiology,Gi-MAPS,1
Frontiers in Microbiology,HMO-utilizing Bifidobacterium,1
Frontiers in Microbiology,Lactobacillus,1
Frontiers in Microbiology,PhACs,1
Frontiers in Microbiology,artificial intelligence,1
Frontiers in Nutrition,probiotic,4
Frontiers in Nutrition,randomized controlled trial,3
Frontiers in Nutrition,gut microbiota,2
Frontiers in Nutrition,respiratory tract infections,2
Frontiers in Nutrition,Bifidobacterium,1
Frontiers in Nutrition,Bifidobacterium infantis,1
Frontiers in Nutrition,Bifidobacterium infantis YLGB-1496,1
Frontiers in Nutrition,Bifidobacterium longum subsp. infantis YLGB-1496,1
Frontiers in Nutrition,Drosophila melanogaster,1
Frontiers in Nutrition,Lactiplantibacillus plantarum Probio87,1
Functional Composites and Structures,finite element analysis,1
Functional Composites and Structures,oil palm trunk,1
Functional Composites and Structures,polymer composites,1
Functional Composites and Structures,wood modification,1
Functional Composites and Structures,wood resin impregnation,1
Fungal Biology Reviews,Drought,1
Fungal Biology Reviews,Endophytic fungi,1
Fungal Biology Reviews,Wheat,1
Future Foods,Chemical evaluation,1
Future Foods,Fish fillet,1
Future Foods,Loquat (Eriobotrya japonica),1
Future Foods,Microbial evaluation,1
Future Foods,Polysaccharide,1
Future Foods,Shelf life,1
Giant,Bioaerogels,2
Giant,Biomass conversion,2
Giant,Modification technique,2
Giant,Oil spill,2
Giant,Sorption,2
Global Journal Al Thaqafah,Academic Misconduct,1
Global Journal Al Thaqafah,Circularity,1
Global Journal Al Thaqafah,Nation Building,1
Global Journal Al Thaqafah,Plagiarism,1
Global Journal Al Thaqafah,Talent,1
Global Nest Journal,Heavy metal concentrations,1
Global Nest Journal,and Pearson correlation coefficient,1
Global Nest Journal,cluster analysis,1
Global Nest Journal,groundwater pollution,1
Global Nest Journal,principal factor analysis,1
Green Energy and Technology,Biofuel,8
Green Energy and Technology,Biodiesel,6
Green Energy and Technology,Biomass feedstock,6
Green Energy and Technology,Circular economy,5
Green Energy and Technology,Microorganisms,5
Green Energy and Technology,Bio-aviation fuel,3
Green Energy and Technology,Bioenergy,3
Green Energy and Technology,Bioethanol,3
Green Energy and Technology,Conversion technologies,3
Green Energy and Technology,First-generation,3
Green Microbial Nanotechnology for Pollution Control New and Future Developments in Microbial Biotechnology and Bioengineering,Indoor air quality (IAQ),1
Green Microbial Nanotechnology for Pollution Control New and Future Developments in Microbial Biotechnology and Bioengineering,air purification,1
Green Microbial Nanotechnology for Pollution Control New and Future Developments in Microbial Biotechnology and Bioengineering,biosynthesized nanoparticles,1
Green Microbial Nanotechnology for Pollution Control New and Future Developments in Microbial Biotechnology and Bioengineering,environmental remediation,1
Green Microbial Nanotechnology for Pollution Control New and Future Developments in Microbial Biotechnology and Bioengineering,green microbial nanotechnology,1
Green Microbial Nanotechnology for Pollution Control New and Future Developments in Microbial Biotechnology and Bioengineering,nano-biosensors,1
Green Processing and Synthesis,alkaline cellulase,1
Green Processing and Synthesis,alkaliphilic cellulolytic fungi,1
Green Processing and Synthesis,enzyme,1
Green Processing and Synthesis,logistic growth model,1
Green Processing and Synthesis,saccharification,1
Green Technologies and Sustainability,Biochar functionalization,1
Green Technologies and Sustainability,Circular economic,1
Green Technologies and Sustainability,Environmental sustainability,1
Green Technologies and Sustainability,Nano-biochar,1
Green Technologies and Sustainability,Pyrolysis,1
Green Technologies and Sustainability,Waste management,1
Handbook of Biorefinery Research and Technology Production of Biofuels and Biochemicals,Briquette,1
Handbook of Biorefinery Research and Technology Production of Biofuels and Biochemicals,Energy,1
Handbook of Biorefinery Research and Technology Production of Biofuels and Biochemicals,Forest biomass,1
Handbook of Biorefinery Research and Technology Production of Biofuels and Biochemicals,Fuel,1
Handbook of Biorefinery Research and Technology Production of Biofuels and Biochemicals,Fuel-blending,1
Handbook of Biorefinery Research and Technology Production of Biofuels and Biochemicals,Logging residues,1
Handbook of Biorefinery Research and Technology Production of Biofuels and Biochemicals,Pellet,1
Handbook of Natural Polymers Volume 2 Functionalization Surface Modification and Properties,Biopolymers,1
Handbook of Natural Polymers Volume 2 Functionalization Surface Modification and Properties,Chromatographic,1
Handbook of Natural Polymers Volume 2 Functionalization Surface Modification and Properties,Polyhydroxyalkanoates,1
Healthcare Switzerland,adult learners,3
Healthcare Switzerland,occupational ergonomics,3
Healthcare Switzerland,stress,3
Healthcare Switzerland,teaching professionals,3
Healthcare Switzerland,work-related musculoskeletal disorder,3
Healthcare Switzerland,workplace safety and health,3
Heliyon,Biodiesel-derived crude glycerol,3
Heliyon,Enzymatic,3
Heliyon,Monoglycerides,3
Heliyon,Solvent-free,3
Heliyon,Alkaline peroxide,1
Heliyon,Antimicrobial agents,1
Heliyon,Biomass,1
Heliyon,Circularity,1
Heliyon,Delamination,1
Heliyon,Dioxydanyl radical,1
Human Microbiome Techniques Strategies and Therapeutic Potential,Dysbiosis,1
Human Microbiome Techniques Strategies and Therapeutic Potential,Immunological disorders,1
Human Microbiome Techniques Strategies and Therapeutic Potential,Microbiome,1
Human Microbiome Techniques Strategies and Therapeutic Potential,Microbiome-based interventions,1
Human Microbiome Techniques Strategies and Therapeutic Potential,Probiotics,1
Ifmbe Proceedings,Bioceramic,1
Ifmbe Proceedings,Pore Size,1
Ifmbe Proceedings,Porous β-TCP Granules,1
Indian Journal of Chemical Technology,Calcination method,1
Indian Journal of Chemical Technology,Fe3+ doped nano-ZnO/TiO2 composite,1
Indian Journal of Chemical Technology,Methyl orange degradation,1
Indian Journal of Chemical Technology,Nano-ZnO/TiO2 photocatalyst,1
Indian Journal of Chemical Technology,Visible light photocatalysis,1
Indonesian Journal of Biotechnology,A. platensis,1
Indonesian Journal of Biotechnology,Antimicrobe,1
Indonesian Journal of Biotechnology,Green synthesis,1
Indonesian Journal of Biotechnology,Hyaluronic acid‐silver nanoparticle,1
Industrial Crops and Products,Anhydride modification,2
Industrial Crops and Products,Biopolymer,2
Industrial Crops and Products,Lignin,2
Industrial Crops and Products,Microfiller,2
Industrial Crops and Products,Non-woven bast,2
Industrial Crops and Products,Sustainability,2
Industrial Crops and Products,Calorific value,1
Industrial Crops and Products,Caryota urens oil,1
Industrial Crops and Products,Caryota urens oil methyl ethyl esters,1
Industrial Crops and Products,Co-solvency,1
Inorganic Chemistry Communications,Antibacterial,1
Inorganic Chemistry Communications,Anticancer,1
Inorganic Chemistry Communications,Cytotoxicity,1
Inorganic Chemistry Communications,Essential oil,1
Inorganic Chemistry Communications,Kaffir lime,1
Inorganic Chemistry Communications,Silver nanoparticles,1
Integrated Environmental Assessment and Management,decision-making in offshore engineering,2
Integrated Environmental Assessment and Management,decommissioning,2
Integrated Environmental Assessment and Management,environmental impact,2
Integrated Environmental Assessment and Management,greenhouse gas emissions,2
Integrated Environmental Assessment and Management,mercury,2
Integrated Environmental Assessment and Management,naturally occurring radioactive materials (NORM),2
International Food Research Journal,canned dodol,3
International Food Research Journal,curdlan,3
International Food Research Journal,physical,3
International Food Research Journal,sensory properties,3
International Food Research Journal,textural,3
International Food Research Journal,probiotics,2
International Food Research Journal,pumpkin,2
International Food Research Journal,shelf-life,2
International Food Research Journal,simulated gastrointestinal condition,2
International Food Research Journal,α-glucosidase inhibition,2
International Journal of Adhesion and Adhesives,Adhesives,1
International Journal of Adhesion and Adhesives,And formaldehyde-free,1
International Journal of Adhesion and Adhesives,Bamboo particleboard,1
International Journal of Adhesion and Adhesives,Bio-based adhesives,1
International Journal of Adhesion and Adhesives,Citric acid,1
International Journal of Adhesion and Adhesives,Hydrogels,1
International Journal of Adhesion and Adhesives,Interactions,1
International Journal of Adhesion and Adhesives,Nelumbo nucifera starch,1
International Journal of Adhesion and Adhesives,Solid surfaces,1
International Journal of Adhesion and Adhesives,Toughness,1
International Journal of Agricultural Resources Governance and Ecology,HEIs,1
International Journal of Agricultural Resources Governance and Ecology,bioeconomy,1
International Journal of Agricultural Resources Governance and Ecology,circular bioeconomy,1
International Journal of Agricultural Resources Governance and Ecology,circular economy,1
International Journal of Agricultural Resources Governance and Ecology,education systems,1
International Journal of Agricultural Resources Governance and Ecology,higher education institutions,1
International Journal of Agricultural Resources Governance and Ecology,innovative education models,1
International Journal of Agricultural Resources Governance and Ecology,national needs-to-skill alignment,1
International Journal of Agricultural Resources Governance and Ecology,reskilling,1
International Journal of Agricultural Resources Governance and Ecology,sustainability,1
International Journal of Biological Macromolecules,Polymer composites,7
International Journal of Biological Macromolecules,Cellulose nanofiber,5
International Journal of Biological Macromolecules,Adsorption,4
International Journal of Biological Macromolecules,Biofilm,4
International Journal of Biological Macromolecules,Fire resistance,4
International Journal of Biological Macromolecules,Flammability,4
International Journal of Biological Macromolecules,Hydrophobicity,4
International Journal of Biological Macromolecules,Natural fibre,4
International Journal of Biological Macromolecules,Semi-refined carrageenan,4
International Journal of Biological Macromolecules,Thermal,4
International Journal of Ecosystems and Ecology Science,Bacillus subtilis,1
International Journal of Ecosystems and Ecology Science,Odor pollution,1
International Journal of Ecosystems and Ecology Science,bioreactor and ammonia reduction,1
International Journal of Ecosystems and Ecology Science,eco-friendly bio-spray,1
International Journal of Ecosystems and Ecology Science,hazardous chemicals,1
International Journal of Energy Research,advancements application,1
International Journal of Energy Research,goat hair,1
International Journal of Energy Research,natural fiber,1
International Journal of Energy Research,recycle natural materials,1
International Journal of Energy Research,waste management,1
International Journal of Environment and Waste Management,bacterial denitrification,2
International Journal of Environment and Waste Management,ecosystems,2
International Journal of Environment and Waste Management,freshwater,2
International Journal of Environment and Waste Management,modelling,2
International Journal of Environment and Waste Management,nitrogen cycle,2
International Journal of Environment and Waste Management,nitrogen source,2
International Journal of Environment and Waste Management,nitrogen transformation,2
International Journal of Environment and Waste Management,stable isotopes,2
International Journal of Environmental Health Research,CHRA,2
International Journal of Environmental Health Research,IAQ,2
International Journal of Environmental Health Research,chemical health risk assessment,2
International Journal of Environmental Health Research,chemical risk,2
International Journal of Environmental Health Research,indoor air quality,2
International Journal of Environmental Research,Bioremediation,1
International Journal of Environmental Research,Dewatered sludge,1
International Journal of Environmental Research,Microbial fuel cells,1
International Journal of Environmental Research,Proton exchange membrane,1
International Journal of Environmental Research,Sulfonated polysulfone,1
International Journal of Environmental Science and Technology,Cancer,2
International Journal of Environmental Science and Technology,Environment,2
International Journal of Environmental Science and Technology,Integrated crop-livestock,2
International Journal of Environmental Science and Technology,Integrated weed management,2
International Journal of Environmental Science and Technology,Mutagenicity,2
International Journal of Environmental Science and Technology,Oil-palm plantations,2
International Journal of Environmental Science and Technology,Regenerative farming,2
International Journal of Environmental Science and Technology,Soil carbon sequestration,2
International Journal of Environmental Science and Technology,Soil organic carbon,2
International Journal of Environmental Science and Technology,Toxic waste,2
International Journal of Food Properties,Quinoa proteins,1
International Journal of Food Properties,digestibility,1
International Journal of Food Properties,lentil proteins,1
International Journal of Food Properties,protein structure,1
International Journal of Food Properties,trehalose,1
International Journal of Food Science and Technology,fermentation,2
International Journal of Food Science and Technology,flour,2
International Journal of Food Science and Technology,noodles,2
International Journal of Food Science and Technology,sensoryu evaluation,2
International Journal of Food Science and Technology,texture,2
International Journal of Food Science and Technology,Characterisation,1
International Journal of Food Science and Technology,azelaic acid,1
International Journal of Food Science and Technology,extraction,1
International Journal of Food Science and Technology,gel strength,1
International Journal of Food Science and Technology,gelatine,1
International Journal of Food Sciences and Nutrition,Lentil proteins,1
International Journal of Food Sciences and Nutrition,digestibility,1
International Journal of Food Sciences and Nutrition,fermentation,1
International Journal of Food Sciences and Nutrition,protein quality,1
International Journal of Food Sciences and Nutrition,solubility,1
International Journal of Gastronomy and Food Science,Food innovation,1
International Journal of Gastronomy and Food Science,Fresh white salted noodles,1
International Journal of Gastronomy and Food Science,Physicochemical properties,1
International Journal of Gastronomy and Food Science,Tea infusions,1
International Journal of Green Energy,Biodiesel,2
International Journal of Green Energy,kinetics & thermodynamics,2
International Journal of Green Energy,optimization,2
International Journal of Green Energy,supercritical CO2,2
International Journal of Green Energy,transesterification,2
International Journal of Gynecology and Obstetrics,HPV clearance,1
International Journal of Gynecology and Obstetrics,gut-vaginal axis,1
International Journal of Gynecology and Obstetrics,oral administration,1
International Journal of Gynecology and Obstetrics,potential treatment,1
International Journal of Gynecology and Obstetrics,probiotics,1
International Journal of Hydrogen Energy,Artificial intelligence (AI),1
International Journal of Hydrogen Energy,Energy optimisation,1
International Journal of Hydrogen Energy,Grid resilience,1
International Journal of Hydrogen Energy,Hydrogen energy,1
International Journal of Hydrogen Energy,Policy and regulation,1
International Journal of Hydrogen Energy,Smart grid integration,1
International Journal of Informatics and Communication Technology,Artificial intelligence,1
International Journal of Informatics and Communication Technology,Deep learning,1
International Journal of Informatics and Communication Technology,Machine learning,1
International Journal of Informatics and Communication Technology,Oil palm yields,1
International Journal of Informatics and Communication Technology,Remote sensing,1
International Journal of Informatics and Communication Technology,Web application,1
International Journal of Molecular Sciences,Bifidobacterium longum subsp. infantis B8762,1
International Journal of Molecular Sciences,gut health,1
International Journal of Molecular Sciences,immunomodulation,1
International Journal of Molecular Sciences,pediatrics,1
International Journal of Molecular Sciences,probiotic,1
International Journal of Molecular Sciences,respiratory illness,1
International Journal of Nanoelectronics and Materials,Arthropods,1
International Journal of Nanoelectronics and Materials,Cellar Spider,1
International Journal of Nanoelectronics and Materials,Copper,1
International Journal of Nanoelectronics and Materials,Mixed matric membrane,1
International Journal of Nanoelectronics and Materials,Morphological Study,1
International Journal of Nanoelectronics and Materials,Polysulfone,1
International Journal of Nanoelectronics and Materials,Synthesis Nanoparticles,1
International Journal of Nanoelectronics and Materials,Ultrafiltration,1
International Journal of Nanoelectronics and Materials,Zinc Oxide,1
International Journal of Phytoremediation,Eichhornia crassipes,1
International Journal of Phytoremediation,palm kernel shells,1
International Journal of Phytoremediation,paraquat,1
International Journal of Phytoremediation,water remediation,1
International Journal of Phytoremediation,wetland plants,1
International Journal of River Basin Management,Riverbank filtration (RBF),3
International Journal of River Basin Management,drinking water,3
International Journal of River Basin Management,pathogenic bacteria,3
International Journal of River Basin Management,rates of attachment,3
International Journal of River Basin Management,rates of detachment,3
International Journal on Advanced Science Engineering and Information Technology,Support vector machine,2
International Journal on Advanced Science Engineering and Information Technology,cost,2
International Journal on Advanced Science Engineering and Information Technology,gamma,2
International Journal on Advanced Science Engineering and Information Technology,principal component analysis,2
International Journal on Advanced Science Engineering and Information Technology,K-fold cross-validation,1
International Journal on Advanced Science Engineering and Information Technology,Tropical marine species,1
International Journal on Advanced Science Engineering and Information Technology,k-fold cross-validation,1
International Journal on Advanced Science Engineering and Information Technology,morphological structure evaluation,1
International Journal on Advanced Science Engineering and Information Technology,optimized collagen,1
International Journal on Advanced Science Engineering and Information Technology,physicochemical properties,1
International Microbiology,Antioxidant,1
International Microbiology,Superoxide dismutase (SOD),1
International Microbiology,Taguchi orthogonal array,1
International Microbiology,Tetraselmis chuii,1
International Microbiology,Trace elements,1
Iop Conference Series Earth and Environmental Science,Energy audit,1
Iop Conference Series Earth and Environmental Science,building energy intensity (BEI),1
Iop Conference Series Earth and Environmental Science,energy conservation measures (ECM),1
Iop Conference Series Earth and Environmental Science,energy efficiency,1
Iranian Polymer Journal English Edition,Corrosion,1
Iranian Polymer Journal English Edition,Density functional theory,1
Iranian Polymer Journal English Edition,Epoxy,1
Iranian Polymer Journal English Edition,Microcrystalline cellulose,1
Iranian Polymer Journal English Edition,Primer coating,1
Isotopes in Environmental and Health Studies,Amount effect,2
Isotopes in Environmental and Health Studies,GMWL,2
Isotopes in Environmental and Health Studies,GNIP,2
Isotopes in Environmental and Health Studies,LMWL,2
Isotopes in Environmental and Health Studies,MMWL,2
Isotopes in Environmental and Health Studies,precipitation,2
Isotopes in Environmental and Health Studies,stable isotope,2
Italian Journal of Food Science,disaccharide,1
Italian Journal of Food Science,tertiary structure,1
Italian Journal of Food Science,water solubility,1
Italian Journal of Food Science,whey proteins,1
Jordan Journal of Biological Sciences,antimicrobial,2
Jordan Journal of Biological Sciences,bioactive compound,2
Jordan Journal of Biological Sciences,microalgae,2
Jordan Journal of Biological Sciences,phytochemical,2
Jordan Journal of Mechanical and Industrial Engineering,Acoustic absorption,1
Jordan Journal of Mechanical and Industrial Engineering,Bio-composite materials,1
Jordan Journal of Mechanical and Industrial Engineering,Mechanical systems noise control,1
Jordan Journal of Mechanical and Industrial Engineering,Micro-perforated panel (MPP),1
Jordan Journal of Mechanical and Industrial Engineering,Sustainable engineering materials,1
Journal for Nature Conservation,Earthworm Abundance,2
Journal for Nature Conservation,Ecological Services,2
Journal for Nature Conservation,Economic Value,2
Journal for Nature Conservation,Livestock Integration Strategies,2
Journal for Nature Conservation,Oil Palm Management Practices,2
Journal for Nature Conservation,Soil Quality rehabilitation,2
Journal of Advanced Research in Applied Sciences and Engineering Technology,Landsat-7,2
Journal of Advanced Research in Applied Sciences and Engineering Technology,MODIS,2
Journal of Advanced Research in Applied Sciences and Engineering Technology,NDVI,2
Journal of Advanced Research in Applied Sciences and Engineering Technology,deep neural network,2
Journal of Advanced Research in Applied Sciences and Engineering Technology,machine learning,2
Journal of Advanced Research in Experimental Fluid Mechanics and Heat Transfer,Menara Razak and Residensi Tower,1
Journal of Advanced Research in Experimental Fluid Mechanics and Heat Transfer,Wind tunnel experiment,1
Journal of Advanced Research in Experimental Fluid Mechanics and Heat Transfer,canopy layer,1
Journal of Advanced Research in Experimental Fluid Mechanics and Heat Transfer,tropical climate,1
Journal of Advanced Research in Experimental Fluid Mechanics and Heat Transfer,wind directions,1
Journal of Advanced Research in Micro and Nano Engineering,Metal organic semiconductor,1
Journal of Advanced Research in Micro and Nano Engineering,organic ligands,1
Journal of Advanced Research in Micro and Nano Engineering,sensors,1
Journal of Advanced Research in Micro and Nano Engineering,surface functionalization,1
Journal of Advanced Research in Micro and Nano Engineering,volatile organic compounds,1
Journal of Agriculture and Food Research,Drosophila melanogaster,1
Journal of Agriculture and Food Research,High-sugar diet,1
Journal of Agriculture and Food Research,Longevity,1
Journal of Agriculture and Food Research,White tea aqueous extract,1
Journal of Alloys and Compounds,BiOBr,1
Journal of Alloys and Compounds,Biochar,1
Journal of Alloys and Compounds,Ciprofloxacin,1
Journal of Alloys and Compounds,POMES,1
Journal of Alloys and Compounds,Photocatalysis,1
Journal of Alloys and Compounds,Photofunctional materials,1
Journal of Analytical and Applied Pyrolysis,Catalyst,1
Journal of Analytical and Applied Pyrolysis,Microalgae,1
Journal of Analytical and Applied Pyrolysis,Ni/Al-SBA-15,1
Journal of Analytical and Applied Pyrolysis,Ni/Ga-SBA-15,1
Journal of Analytical and Applied Pyrolysis,Pyrolysis,1
Journal of Animal Science and Technology,Aging,1
Journal of Animal Science and Technology,Constipation,1
Journal of Animal Science and Technology,Dairy foods,1
Journal of Animal Science and Technology,Dairy-based lactic acid bacteria (LAB),1
Journal of Animal Science and Technology,Probiotics,1
Journal of Applied Biotechnology Reports,Bioactivities,2
Journal of Applied Biotechnology Reports,Nutrient Supplementation,2
Journal of Applied Biotechnology Reports,Secondary Metabolites,2
Journal of Applied Biotechnology Reports,Tetraselmis suecica,2
Journal of Applied Phycology,Cyanobacteria,2
Journal of Applied Phycology,Phosphorus-solubilising microbes,2
Journal of Applied Phycology,Plastic degradation,2
Journal of Applied Phycology,Polyethylene terephthalate,2
Journal of Applied Phycology,Polypropylene,2
Journal of Applied Polymer Science,biomaterials,9
Journal of Applied Polymer Science,biosynthesis of polymers,9
Journal of Applied Polymer Science,biopolymers and renewable polymers,6
Journal of Applied Polymer Science,resins,6
Journal of Applied Polymer Science,thermosets,6
Journal of Applied Polymer Science,anhydride ratio,3
Journal of Applied Polymer Science,biodegradable,3
Journal of Applied Polymer Science,cellulose and other wood products,3
Journal of Applied Polymer Science,itaconic anhydride,3
Journal of Applied Polymer Science,succinic anhydride,3
Journal of Biomaterials Applications,Bioceramic,1
Journal of Biomaterials Applications,Ceramic coating,1
Journal of Biomaterials Applications,bone remodelling,1
Journal of Biomaterials Applications,low crystallinity,1
Journal of Biomaterials Applications,β-TCP scaffold,1
Journal of Building Engineering,Buildings application,1
Journal of Building Engineering,High-insulation glass,1
Journal of Building Engineering,Photovoltaic thermal,1
Journal of Building Engineering,Semi-transparent,1
Journal of Building Engineering,Solar collectors,1
Journal of Chemical Health Risks,Bionanocomposite film,1
Journal of Chemical Health Risks,Edible film,1
Journal of Chemical Health Risks,Encapsulation,1
Journal of Chemical Health Risks,Gluten-free,1
Journal of Chemical Health Risks,Nanoparticle,1
Journal of Chemical Health Risks,Physicochemical properties,1
Journal of Chemical Health Risks,Probiotic,1
Journal of Chemical Health Risks,Solubility,1
Journal of Chemical Health Risks,Sorghum bread,1
Journal of Chemical Health Risks,Tragacanth,1
Journal of Chemical Reviews,Deep eutectic solvent,1
Journal of Chemical Reviews,Functionalization,1
Journal of Chemical Reviews,Magnetic graphene oxide,1
Journal of Chemical Reviews,Magnetic nanoparticles (MNPs),1
Journal of Chemical Reviews,Physicochemical properties,1
Journal of Chemical Reviews,Sample preparation,1
Journal of Chemical Reviews,Solid phase extraction,1
Journal of Chromatography A,Adsorption characteristics,1
Journal of Chromatography A,Desorption,1
Journal of Chromatography A,Flavonoids,1
Journal of Chromatography A,Macroporous resin,1
Journal of Chromatography A,White tea,1
Journal of Cluster Science,Antioxidant,1
Journal of Cluster Science,Curvularia sp,1
Journal of Cluster Science,Flavonoid C-glycosides enriched extract,1
Journal of Cluster Science,Fruit quality,1
Journal of Cluster Science,Fruit rot disease,1
Journal of Cluster Science,Mango,1
Journal of Cluster Science,Nanoemulgel,1
Journal of Cluster Science,Nanoemulsion,1
Journal of Cluster Science,Oil palm (Elaeis guineensis Jacq.) leaf,1
Journal of Cluster Science,Optimization,1
Journal of Coatings Technology and Research,Biopolymer,1
Journal of Coatings Technology and Research,Functional coatings,1
Journal of Coatings Technology and Research,Light transmittance,1
Journal of Coatings Technology and Research,Renewable resources,1
Journal of Coatings Technology and Research,SAN/ABS/PC,1
Journal of Coatings Technology and Research,SEM,1
Journal of Coatings Technology and Research,Surface roughness,1
Journal of Coatings Technology and Research,Thermal,1
Journal of Coatings Technology and Research,Vegetable oil,1
Journal of Composite Materials,PLA,1
Journal of Composite Materials,anhydride treatment,1
Journal of Composite Materials,compatibility,1
Journal of Composite Materials,interfacial properties,1
Journal of Composite Materials,lignocellulosic fiber,1
Journal of Environmental Chemical Engineering,Barrier properties,3
Journal of Environmental Chemical Engineering,Bio-nanocomposites,3
Journal of Environmental Chemical Engineering,Rice husk silica nanoparticles,3
Journal of Environmental Chemical Engineering,Seaweed films,3
Journal of Environmental Chemical Engineering,Sustainable packaging,3
Journal of Environmental Chemical Engineering,Bioprocess,2
Journal of Environmental Chemical Engineering,Bioreactor,2
Journal of Environmental Chemical Engineering,Environmental Bioprocess,2
Journal of Environmental Chemical Engineering,Fermentation,2
Journal of Environmental Chemical Engineering,Microbiology,2
Journal of Environmental Management,Advanced oxidation process,1
Journal of Environmental Management,Hematite,1
Journal of Environmental Management,Iron based catalyst,1
Journal of Environmental Management,Pyrene,1
Journal of Environmental Management,Soil remediation,1
Journal of Ethnopharmacology,Celastrol,2
Journal of Ethnopharmacology,Diabetes,2
Journal of Ethnopharmacology,Low-grade chronic inflammation,2
Journal of Ethnopharmacology,Obesity,2
Journal of Ethnopharmacology,Therapeutic potential,2
Journal of Experimental Biology and Agricultural Sciences,Beetroot phytochemicals,1
Journal of Experimental Biology and Agricultural Sciences,Beetroot powder,1
Journal of Experimental Biology and Agricultural Sciences,Drying techniques,1
Journal of Experimental Biology and Agricultural Sciences,Iron retention,1
Journal of Field Robotics,clothoid curved,1
Journal of Field Robotics,differential drive robot,1
Journal of Field Robotics,motion path analysis,1
Journal of Field Robotics,motion planning,1
Journal of Field Robotics,path tracking,1
Journal of Field Robotics,perspective transformation,1
Journal of Field Robotics,video camera,1
Journal of Food Biochemistry,freshness,1
Journal of Food Biochemistry,glutaric acid,1
Journal of Food Biochemistry,refrigerated beef,1
Journal of Food Biochemistry,shelf life,1
Journal of Food Biochemistry,sodium bisulfite,1
Journal of Food Biochemistry,sorbic acid,1
Journal of Food Biochemistry,synergism,1
Journal of Food Measurement and Characterization,Antimicrobial,5
Journal of Food Measurement and Characterization,Emulsification,5
Journal of Food Measurement and Characterization,Food preservation,4
Journal of Food Measurement and Characterization,Natural deep eutectic solvents,4
Journal of Food Measurement and Characterization,Optimization,4
Journal of Food Measurement and Characterization,Ultrasonic-assisted extraction,4
Journal of Food Measurement and Characterization,Antioxidant,3
Journal of Food Measurement and Characterization,Essential oil encapsulation,3
Journal of Food Measurement and Characterization,Functional food,3
Journal of Food Measurement and Characterization,Milk fortification,3
Journal of Food Process Engineering,agro-waste,1
Journal of Food Process Engineering,antioxidant,1
Journal of Food Process Engineering,bibliometrics,1
Journal of Food Process Engineering,bioflavonoid,1
Journal of Food Process Engineering,fermented tea,1
Journal of Food Process Engineering,healthy beverage,1
Journal of Food Process Engineering,microencapsulation,1
Journal of Food Process Engineering,optimization,1
Journal of Food Process Engineering,polyphenol,1
Journal of Food Process Engineering,spray drying,1
Journal of Food Quality,antimicrobial,1
Journal of Food Quality,azelaic acid,1
Journal of Food Quality,glutaric acid,1
Journal of Food Quality,refrigerated beef,1
Journal of Food Quality,shelf life,1
Journal of Food Quality,succinic acid,1
Journal of Food Science,antioxidant activity,3
Journal of Food Science,alginate beads,2
Journal of Food Science,immobilized pectinase,2
Journal of Food Science,papaya juice,2
Journal of Food Science,pectin,2
Journal of Food Science,solubility,2
Journal of Food Science,10-hydroxydecanoic acid,1
Journal of Food Science,5-hydroxymethyl-2-furfural,1
Journal of Food Science,Maillard reaction,1
Journal of Food Science,bioactive profile,1
Journal of Food Science and Technology,Food Neophobia Scale,2
Journal of Food Science and Technology,Insect Phobia Scale,2
Journal of Food Science and Technology,Lightness,2
Journal of Food Science and Technology,Malaysian,2
Journal of Food Science and Technology,Microbial,2
Journal of Food Science and Technology,Migratory locust,2
Journal of Food Science and Technology,Potassium sorbate,2
Journal of Food Science and Technology,Sodium-free,2
Journal of Food Science and Technology,White salted noodles,2
Journal of Food Science and Technology,Willingness to Consume,2
Journal of Food Science and Technology Iran,K-value,1
Journal of Food Science and Technology Iran,correlation,1
Journal of Food Science and Technology Iran,edible coating,1
Journal of Food Science and Technology Iran,loquat seed polysaccharide,1
Journal of Food Science and Technology Iran,rainbow trout,1
Journal of Food Science and Technology Iran,spoilage,1
Journal of Functional Foods,Bifidobacterium lactis Probio-M8,1
Journal of Functional Foods,Biological activities,1
Journal of Functional Foods,Children,1
Journal of Functional Foods,Extraction methods,1
Journal of Functional Foods,Gut microbiota,1
Journal of Functional Foods,Prospective applications,1
Journal of Functional Foods,Respiratory tract infections,1
Journal of Functional Foods,Species-level genome bins,1
Journal of Functional Foods,Structural characterization,1
Journal of Functional Foods,Tremella polysaccharides,1
Journal of Hazardous Materials Advances,Geopolymer,1
Journal of Hazardous Materials Advances,Organic pollutants,1
Journal of Hazardous Materials Advances,Photocatalytic degradation,1
Journal of Hazardous Materials Advances,Wastewater,1
Journal of Hazardous Toxic and Radioactive Waste,Biomass conversion,2
Journal of Hazardous Toxic and Radioactive Waste,Chicken manure,2
Journal of Hazardous Toxic and Radioactive Waste,Green technology,2
Journal of Hazardous Toxic and Radioactive Waste,Membraneless microbial fuel cell,2
Journal of Hazardous Toxic and Radioactive Waste,Renewable energy,2
Journal of Hydrology Regional Studies,ERA5,1
Journal of Hydrology Regional Studies,Eddy covariance,1
Journal of Hydrology Regional Studies,Energy fluxes,1
Journal of Hydrology Regional Studies,Fractal,1
Journal of Hydrology Regional Studies,Groundwater,1
Journal of Hydrology Regional Studies,Machine learning,1
Journal of Hydrology Regional Studies,Souss-Massa mountainous basin,1
Journal of Hydrology Regional Studies,Statistical downscaling,1
Journal of Hydrology Regional Studies,Tropical coast,1
Journal of Industrial and Engineering Chemistry,Artificial kidney,1
Journal of Industrial and Engineering Chemistry,Blood purification,1
Journal of Industrial and Engineering Chemistry,Hemodialysis,1
Journal of Industrial and Engineering Chemistry,Membrane technology,1
Journal of Industrial and Engineering Chemistry,Toxin removal,1
Journal of Materials Research,Bioceramic,1
Journal of Materials Research,Bone remodelling,1
Journal of Materials Research,Ceramic coating,1
Journal of Materials Research,Dicalcium phosphate dihydrate,1
Journal of Materials Research,Osteoblast cells,1
Journal of Materials Research,β-TCP scaffold,1
Journal of Microbiology and Biotechnology,Bifidobacterium,2
Journal of Microbiology and Biotechnology,Children,1
Journal of Microbiology and Biotechnology,Gut microbiota,1
Journal of Microbiology and Biotechnology,Gut-lung axis,1
Journal of Microbiology and Biotechnology,Lactiplantibacillus,1
Journal of Microbiology and Biotechnology,Probiotic,1
Journal of Microbiology and Biotechnology,Probiotics,1
Journal of Microbiology and Biotechnology,Randomized controlled trial,1
Journal of Microbiology and Biotechnology,Recurrent respiratory tract infections,1
Journal of Microbiology and Biotechnology,Travel,1
Journal of Molecular Liquids,"2,4-Dichlorophenoxyacetic acid",1
Journal of Molecular Liquids,Adsorption,1
Journal of Molecular Liquids,Melamine,1
Journal of Molecular Liquids,Modified biochar,1
Journal of Molecular Liquids,Palm Kernel Shells,1
Journal of Natural Fibers,Alkaline treatment,2
Journal of Natural Fibers,bonding,2
Journal of Natural Fibers,interfacial adhesion,2
Journal of Natural Fibers,natural fibre,2
Journal of Natural Fibers,sugar palm fibre,2
Journal of Natural Fibers,wettability,2
Journal of Natural Fibers,Sugar palm fiber,1
Journal of Natural Fibers,fire test,1
Journal of Natural Fibers,layering sequence,1
Journal of Natural Fibers,natural fiber,1
Journal of Photochemistry and Photobiology A Chemistry,Boron Oxide,1
Journal of Photochemistry and Photobiology A Chemistry,Germanium Oxide,1
Journal of Photochemistry and Photobiology A Chemistry,Phenol,1
Journal of Photochemistry and Photobiology A Chemistry,Photocatalyst,1
Journal of Photochemistry and Photobiology A Chemistry,Zinc Oxide,1
Journal of Physical Science,agar,1
Journal of Physical Science,degradation,1
Journal of Physical Science,hydrophobicity,1
Journal of Physical Science,melt-compressed,1
Journal of Physical Science,thermal processed,1
Journal of Plant Nutrition,Breeding waste compost,1
Journal of Plant Nutrition,growth,1
Journal of Plant Nutrition,heavy metals,1
Journal of Plant Nutrition,lettuce,1
Journal of Plant Nutrition,mineral elements,1
Journal of Plant Nutrition,quality,1
Journal of Porous Materials,Antifouling property,1
Journal of Porous Materials,Biocompatible adsorbent,1
Journal of Porous Materials,Blood purification,1
Journal of Porous Materials,Graphene oxide,1
Journal of Porous Materials,Hemodialysis membrane,1
Journal of Porous Materials,Iron oxide,1
Journal of Porous Materials,Nanocomposite,1
Journal of Porous Materials,Protein-bound uremic toxin,1
Journal of Porous Materials,Silica nanoparticle,1
Journal of Porous Materials,Surface hydrophilicity,1
Journal of Renewable Materials,Plant-based starch,2
Journal of Renewable Materials,biocomposite,2
Journal of Renewable Materials,bomb calorimetry,2
Journal of Renewable Materials,calorific value,2
Journal of Renewable Materials,natural binder,2
Journal of Renewable Materials,sustainability,2
Journal of Separation Science,flavonoid,2
Journal of Separation Science,activated carbon,1
Journal of Separation Science,extraction,1
Journal of Separation Science,flavonoids,1
Journal of Separation Science,isomers,1
Journal of Separation Science,isotherms,1
Journal of Separation Science,kinetics,1
Journal of Separation Science,macroporous resin,1
Journal of Separation Science,mass spectrometry,1
Journal of Separation Science,molecular networking,1
Journal of Soil Science and Plant Nutrition,Alginate composite,2
Journal of Soil Science and Plant Nutrition,Bacillus subtilis,2
Journal of Soil Science and Plant Nutrition,Controlled-release fertilizer,2
Journal of Soil Science and Plant Nutrition,Microbial biopolymer coating,2
Journal of Soil Science and Plant Nutrition,Nutrient release modelling,2
Journal of Soil Science and Plant Nutrition,Soil nutrient retention,2
Journal of South American Earth Sciences,Climate risk,1
Journal of South American Earth Sciences,LULC,1
Journal of South American Earth Sciences,Precipitation,1
Journal of South American Earth Sciences,TerraClimate,1
Journal of Supercritical Fluids,Kinetic study,2
Journal of Supercritical Fluids,Oil palm fruits,2
Journal of Supercritical Fluids,Response surface methodology,2
Journal of Supercritical Fluids,ScCO2 extraction,2
Journal of Supercritical Fluids,Thermodynamic modelling,2
Journal of Supercritical Fluids,Virgin palm oil,2
Journal of Sustainability Science and Management,sustainability,7
Journal of Sustainability Science and Management,Spent oil,4
Journal of Sustainability Science and Management,health,4
Journal of Sustainability Science and Management,pollution,4
Journal of Sustainability Science and Management,toxicity,4
Journal of Sustainability Science and Management,Bioaerogels,3
Journal of Sustainability Science and Management,Household chemical products,3
Journal of Sustainability Science and Management,Malaysia National Poison Center,3
Journal of Sustainability Science and Management,Stimulating learning,3
Journal of Sustainability Science and Management,biofuel,3
Journal of Texture Studies,cheese,1
Journal of Texture Studies,extensibility,1
Journal of Texture Studies,imitation cheese,1
Journal of Texture Studies,mozzarella cheese,1
Journal of Texture Studies,stretchability,1
Journal of Texture Studies,stringiness,1
Journal of Tropical Biodiversity and Biotechnology,Biofixation,3
Journal of Tropical Biodiversity and Biotechnology,Biofuel,3
Journal of Tropical Biodiversity and Biotechnology,Carbohydrate,3
Journal of Tropical Biodiversity and Biotechnology,Extremophile,3
Journal of Tropical Biodiversity and Biotechnology,Microalgae,3
Journal of Water Process Engineering,Antibacterial,1
Journal of Water Process Engineering,BPA,1
Journal of Water Process Engineering,Biochar,1
Journal of Water Process Engineering,Caffeine,1
Journal of Water Process Engineering,Diuron,1
Journal of Water Process Engineering,Emerging pollutants,1
Journal of Water Process Engineering,Ganoderma lucidum,1
Journal of Water Process Engineering,Ganoderma neo-japonicum,1
Journal of Water Process Engineering,Hormone,1
Journal of Water Process Engineering,Hospital wastewater,1
Journal of Water and Climate Change,climate change,1
Journal of Water and Climate Change,land use land cover,1
Journal of Water and Climate Change,meteorological parameters,1
Journal of Water and Climate Change,natural disasters,1
Journal of Water and Climate Change,rainfall,1
Journal of Water and Climate Change,sustainability,1
Journal of the Australian Ceramic Society,Bioceramic,1
Journal of the Australian Ceramic Society,Bone remodeling,1
Journal of the Australian Ceramic Society,Calcium phosphate,1
Journal of the Australian Ceramic Society,Ceramic coating,1
Journal of the Australian Ceramic Society,Dicalcium phosphate dihydrate,1
Journal of the Energy Institute,Gasification,2
Journal of the Energy Institute,Municipal solid waste,2
Journal of the Energy Institute,Rice husk,2
Journal of the Energy Institute,Syngas,2
Journal of the Energy Institute,CaO,1
Journal of the Energy Institute,Co-gasification,1
Journal of the Energy Institute,Coats – Redfern method,1
Journal of the Energy Institute,Kinetics,1
Journal of the Energy Institute,MSW,1
Journal of the Energy Institute,Sorbent,1
Journal of the Science of Food and Agriculture,Artemisia argyi extract,1
Journal of the Science of Food and Agriculture,Drosophila melanogaster,1
Journal of the Science of Food and Agriculture,NIR,1
Journal of the Science of Food and Agriculture,adulteration,1
Journal of the Science of Food and Agriculture,antioxidant activity,1
Journal of the Science of Food and Agriculture,chemometrics,1
Journal of the Science of Food and Agriculture,commodity crop,1
Journal of the Science of Food and Agriculture,extraction,1
Journal of the Science of Food and Agriculture,gene expression,1
Journal of the Science of Food and Agriculture,health benefit,1
Journal of the Taiwan Institute of Chemical Engineers,Bacteriocin-like inhibitory substance,3
Journal of the Taiwan Institute of Chemical Engineers,Inhibitory activity,3
Journal of the Taiwan Institute of Chemical Engineers,Ionic liquid-based aqueous two-phase system,3
Journal of the Taiwan Institute of Chemical Engineers,Oral pathogen,3
Journal of the Taiwan Institute of Chemical Engineers,Purification,3
Journal of the Taiwan Institute of Chemical Engineers,Antimicrobial,1
Journal of the Taiwan Institute of Chemical Engineers,Fermentation,1
Journal of the Taiwan Institute of Chemical Engineers,Lactic acid bacteria,1
Journal of the Taiwan Institute of Chemical Engineers,Molasses,1
Journal of the Taiwan Institute of Chemical Engineers,Pathogenic bacteria,1
Jurnal Kejuruteraan,Ganoderma lucidum,1
Jurnal Kejuruteraan,Municipal wastewater,1
Jurnal Kejuruteraan,bioremediation,1
Jurnal Kejuruteraan,emerging pollutants,1
Jurnal Kejuruteraan,pharmaceuticals,1
Jurnal Teknologi,Microplastics,4
Jurnal Teknologi,analysis,4
Jurnal Teknologi,marine,4
Jurnal Teknologi,river,4
Jurnal Teknologi,sampling,4
Jurnal Teknologi,Climate Change,2
Jurnal Teknologi,Multiple Linear Regression,2
Jurnal Teknologi,Principal Component Analysis,2
Jurnal Teknologi,Rainfall Prediction Model,2
Jurnal Teknologi,Bibliometric,1
Lecture Notes in Bioengineering,Coconut water,1
Lecture Notes in Bioengineering,Endurance performance,1
Lecture Notes in Bioengineering,Hydrogel,1
Lecture Notes in Civil Engineering,Spillway,2
Lecture Notes in Civil Engineering,Alternative material source,1
Lecture Notes in Civil Engineering,Beta-carotene bio-oil,1
Lecture Notes in Civil Engineering,Bio-asphalt,1
Lecture Notes in Civil Engineering,Coatability,1
Lecture Notes in Civil Engineering,Computational Fluid Dynamic (CFD),1
Lecture Notes in Civil Engineering,Contamination,1
Lecture Notes in Civil Engineering,Deflection,1
Lecture Notes in Civil Engineering,ERI,1
Lecture Notes in Civil Engineering,Experimental modal analysis (EMA),1
Lecture Notes in Energy,Eco-cities Design and Planning,1
Lecture Notes in Energy,Energy-efficient Systems,1
Lecture Notes in Energy,Low Carbon Buildings,1
Lecture Notes in Energy,Renewable Energy,1
Lecture Notes in Energy,Sustainable Energy Technologies,1
Lecture Notes in Energy,Sustainable HVAC,1
Lecture Notes in Energy,Urban Geography and Urbanism,1
Lecture Notes in Energy,energy-efficient lighting systems,1
Lecture Notes in Energy,thermal energy-efficient systems,1
Letters in Drug Design and Discovery,ADMET,1
Letters in Drug Design and Discovery,AutoDock 4.2,1
Letters in Drug Design and Discovery,Bcl-2,1
Letters in Drug Design and Discovery,antiapoptotic,1
Letters in Drug Design and Discovery,anticancer,1
Letters in Drug Design and Discovery,apoptotis,1
Letters in Drug Design and Discovery,molecular docking,1
Letters in Drug Design and Discovery,stilbene,1
Lwt,Guar gum,2
Lwt,Microstructure,2
Lwt,Salt-coated yellow alkaline noodles,2
Lwt,Sodium distribution,2
Lwt,cooking qualities,2
Lwt,Azelaic acid,1
Lwt,CaCl2,1
Lwt,Film,1
Lwt,Glutaric acid,1
Lwt,Glycerol,1
Malaysian Applied Biology,ATM protein,1
Malaysian Applied Biology,Biobutanol,1
Malaysian Applied Biology,DNA damage,1
Malaysian Applied Biology,DNA repair,1
Malaysian Applied Biology,Danio rerio,1
Malaysian Applied Biology,Fermentation,1
Malaysian Applied Biology,Fish bone,1
Malaysian Applied Biology,Human,1
Malaysian Applied Biology,MRN Complex,1
Malaysian Applied Biology,Palm Kernel Cake,1
Malaysian Journal of Biochemistry and Molecular Biology,Dry heating,1
Malaysian Journal of Biochemistry and Molecular Biology,Maillard conjugation,1
Malaysian Journal of Biochemistry and Molecular Biology,Whey Protein Isolate (WPI),1
Malaysian Journal of Biochemistry and Molecular Biology,antioxidant activities,1
Malaysian Journal of Biochemistry and Molecular Biology,lactose and glucose,1
Malaysian Journal of Biochemistry and Molecular Biology,physicochemical properties,1
Malaysian Journal of Chemistry,Conductive ink,1
Malaysian Journal of Chemistry,Gold,1
Malaysian Journal of Chemistry,Microcrystalline cellulose (MCCs),1
Malaysian Journal of Chemistry,Oil palm empty fruit bunches (OPEFB),1
Malaysian Journal of Chemistry,Self-healing,1
Malaysian Journal of Chemistry,adhesion,1
Malaysian Journal of Chemistry,carbon black,1
Malaysian Journal of Chemistry,epoxy,1
Malaysian Journal of Chemistry,extraction,1
Malaysian Journal of Chemistry,graphite,1
Malaysian Journal of Fundamental and Applied Sciences,Microplastics pollution,1
Malaysian Journal of Fundamental and Applied Sciences,Penang’s River,1
Malaysian Journal of Fundamental and Applied Sciences,anthropogenic activities,1
Malaysian Journal of Fundamental and Applied Sciences,baseline study,1
Malaysian Journal of Fundamental and Applied Sciences,river water quality parameter,1
Malaysian Journal of Medical Sciences,air pollution,1
Malaysian Journal of Medical Sciences,children,1
Malaysian Journal of Medical Sciences,climate change,1
Malaysian Journal of Medical Sciences,cognitive development,1
Malaysian Journal of Medical Sciences,heatwaves,1
Malaysian Journal of Medicine and Health Sciences,Heavy metals,1
Malaysian Journal of Medicine and Health Sciences,Index of geo-accumulation,1
Malaysian Journal of Medicine and Health Sciences,Indoor Dust,1
Malaysian Journal of Medicine and Health Sciences,Laboratory,1
Malaysian Journal of Medicine and Health Sciences,Lead,1
Malaysian Journal of Microbiology,Antimicrobial,1
Malaysian Journal of Microbiology,Aspergillus niger HFM 8,1
Malaysian Journal of Microbiology,Atopic dermatitis,1
Malaysian Journal of Microbiology,Biofertiliser,1
Malaysian Journal of Microbiology,Biomass fuel,1
Malaysian Journal of Microbiology,Brassica juncea,1
Malaysian Journal of Microbiology,Nigrospora species,1
Malaysian Journal of Microbiology,SSF,1
Malaysian Journal of Microbiology,Swietenia macrophylla King,1
Malaysian Journal of Microbiology,Trichoderma asperellum USM SD4,1
Malaysian Journal of Science,Plant-based coagulant,2
Malaysian Journal of Science,banana wastes,2
Malaysian Journal of Science,natural coagulant,2
Malaysian Journal of Science,waste biomass,2
Malaysian Journal of Science,water treatment,2
Marine Biomass Biorefinery Bioproducts and Environmental Bioremediation,Biochar,2
Marine Biomass Biorefinery Bioproducts and Environmental Bioremediation,Bioeconomy,2
Marine Biomass Biorefinery Bioproducts and Environmental Bioremediation,Bioplastics,2
Marine Biomass Biorefinery Bioproducts and Environmental Bioremediation,Environment,2
Marine Biomass Biorefinery Bioproducts and Environmental Bioremediation,Microalgae,2
Marine Biomass Biorefinery Bioproducts and Environmental Bioremediation,Adsorbent,1
Marine Biomass Biorefinery Bioproducts and Environmental Bioremediation,Agriculture,1
Marine Biomass Biorefinery Bioproducts and Environmental Bioremediation,Alternatives,1
Marine Biomass Biorefinery Bioproducts and Environmental Bioremediation,Biofertilizers,1
Marine Biomass Biorefinery Bioproducts and Environmental Bioremediation,Biofuels,1
Marine Environmental Research,Blue carbon,1
Marine Environmental Research,Climate change,1
Marine Environmental Research,Coral-affecting physicochemical factors,1
Marine Environmental Research,Global warming,1
Marine Environmental Research,Halophila ovalis,1
Marine Environmental Research,Live hard coral coverage,1
Marine Environmental Research,Morphology,1
Marine Environmental Research,Multiple stressors,1
Marine Environmental Research,Nutrient enrichments,1
Marine Environmental Research,Photosynthesis,1
Materials Chemistry and Physics,Adsorption,1
Materials Chemistry and Physics,Corrosion inhibitor,1
Materials Chemistry and Physics,Electrochemical,1
Materials Chemistry and Physics,Kopsia teoi,1
Materials Chemistry and Physics,Mild steel,1
Materials Letters,Biomass,1
Materials Letters,Circularity,1
Materials Letters,Crop resilience,1
Materials Letters,Nano-rhizosphere,1
Materials Letters,Pyrogenic minerals,1
Materials Letters,Silica,1
Materials Letters,XHR FESEM,1
Materials Research Express,bio-based modifier,1
Materials Research Express,bio-bonding enhancer,1
Materials Research Express,bio-solvent,1
Materials Research Express,off-grade rubber,1
Materials Research Express,renewable materials,1
Materials Research Express,slow pyrolysis,1
Materials Research Express,sustainable pavement materials,1
Materials Science Forum,Fiber orientation,1
Materials Science Forum,Fiberglass,1
Materials Science Forum,Hybrid composite,1
Materials Science Forum,Kenaf,1
Materials Science Forum,Polyester,1
Materials Today Sustainability,Autoclave fibre cement composite,2
Materials Today Sustainability,Oil pam empty fruit bunch pulp,2
Materials Today Sustainability,Radiata pine pulp,2
Mathematical Modeling and Computing,clothoid,1
Mathematical Modeling and Computing,differential drive,1
Mathematical Modeling and Computing,mobile robot,1
Mathematical Modeling and Computing,motion planning,1
Mathematical Modeling and Computing,robot simulation,1
Mathematics Education Journal,ESD,1
Mathematics Education Journal,Mathematical Communication Skills,1
Mathematics Education Journal,Problem-Based Learning,1
Mathematics Education Journal,SDGs (No-Poverty),1
Mathematics Education Journal,Sedekah,1
Medical Oncology,Anthracycline,1
Medical Oncology,PAK,1
Medical Oncology,"Small RhoGTPases, Breast cancer",1
Medical Oncology,Taxane,1
Metabolites,functional constipation,1
Metabolites,gut microbiota,1
Metabolites,metabolomics,1
Metabolites,personalization,1
Metabolites,short-chain fatty acids,1
Methodsx,Children,1
Methodsx,Mental health,1
Methodsx,Prevalence,1
Methodsx,Psychological distress,1
Methodsx,Risk factors,1
Microbial Pathogenesis,Bifidobacterium longumsubsp.infantisB8762,1
Microbial Pathogenesis,Biofilm,1
Microbial Pathogenesis,Chitosan,1
Microbial Pathogenesis,Colistin,1
Microbial Pathogenesis,Gastrointestinal infections,1
Microbial Pathogenesis,Gut–lung axis,1
Microbial Pathogenesis,Injectable hydrogels,1
Microbial Pathogenesis,Metagenomics,1
Microbial Pathogenesis,Methacrylic acid,1
Microbial Pathogenesis,Nanoparticles,1
Microbiology and Biotechnology Letters,ANOVA,3
Microbiology and Biotechnology Letters,Ammonia reduction,3
Microbiology and Biotechnology Letters,Bacillus subtilis,3
Microbiology and Biotechnology Letters,central composite design (CCD),3
Microbiology and Biotechnology Letters,liquid phase,3
Microbiology and Biotechnology Letters,response surface methodology (RSM),3
Microchemical Journal,LC-MS/MS,1
Microchemical Journal,Neonicotinoid pesticides,1
Microchemical Journal,Orthogonal array design,1
Microchemical Journal,QuEChERS,1
Microchemical Journal,Shrimp,1
Microorganisms for Sustainability,ASBR,1
Microorganisms for Sustainability,Anaerobic bioreactors,1
Microorganisms for Sustainability,Anaerobic digester,1
Microorganisms for Sustainability,Anaerobic filter reactors,1
Microorganisms for Sustainability,Bioethanol,1
Microorganisms for Sustainability,Bioethanol fermentation,1
Microorganisms for Sustainability,Biohydrogen,1
Microorganisms for Sustainability,Biomethane,1
Microorganisms for Sustainability,Budding yeast,1
Microorganisms for Sustainability,Centralized controller,1
Molecular Nutrition Food Research,Lactiplantibacillus plantarum Probio87,1
Molecular Nutrition Food Research,Nugent score,1
Molecular Nutrition Food Research,gut–vaginal axis,1
Molecular Nutrition Food Research,probiotic clinical trial,1
Molecular Nutrition Food Research,women's health,1
Molecular Nutrition and Food Research,HPV-positive women,2
Molecular Nutrition and Food Research,bacterial,2
Molecular Nutrition and Food Research,fungal,2
Molecular Nutrition and Food Research,probiotic,2
Molecular Nutrition and Food Research,vaginal microbiota,2
Molecular Nutrition and Food Research,Lactiplantibacillus plantarum,1
Molecular Nutrition and Food Research,gut microbiota,1
Molecular Nutrition and Food Research,human papillomavirus,1
Molecular Nutrition and Food Research,probiotics,1
Multidisciplinary Applications of Marine Resources A Step Towards Green and Sustainable Future,Algae,2
Multidisciplinary Applications of Marine Resources A Step Towards Green and Sustainable Future,Biodiesel,2
Multidisciplinary Applications of Marine Resources A Step Towards Green and Sustainable Future,Biological indicators,2
Multidisciplinary Applications of Marine Resources A Step Towards Green and Sustainable Future,Biomonitoring,2
Multidisciplinary Applications of Marine Resources A Step Towards Green and Sustainable Future,Bioplastic,2
Multidisciplinary Applications of Marine Resources A Step Towards Green and Sustainable Future,Climate change,2
Multidisciplinary Applications of Marine Resources A Step Towards Green and Sustainable Future,Extraction,2
Multidisciplinary Applications of Marine Resources A Step Towards Green and Sustainable Future,Film,2
Multidisciplinary Applications of Marine Resources A Step Towards Green and Sustainable Future,Green packaging,2
Multidisciplinary Applications of Marine Resources A Step Towards Green and Sustainable Future,Mangrove coastal management,2
Nano Structures and Nano Objects,Bioaerogel,2
Nano Structures and Nano Objects,Carboxymethyl cellulose,2
Nano Structures and Nano Objects,Durian peel waste,2
Nano Structures and Nano Objects,Green materials,2
Nano Structures and Nano Objects,MWCNTs,1
Nano Structures and Nano Objects,MXene,1
Nano Structures and Nano Objects,Magnetite,1
Nano Structures and Nano Objects,Metal,1
Nano Structures and Nano Objects,Metal oxide,1
Nano Structures and Nano Objects,Nanofluid,1
Nanostructured Materials for Food Packaging Applications,Active packaging,1
Nanostructured Materials for Food Packaging Applications,Bionanocomposite,1
Nanostructured Materials for Food Packaging Applications,Chitin nanocrystal,1
Nanostructured Materials for Food Packaging Applications,Chitin nanofiber,1
Nanotechnology Reviews,TGA,2
Nanotechnology Reviews,carboxymethylation reaction,2
Nanotechnology Reviews,functionalized nanocellulose,2
Nanotechnology Reviews,nanocellulose,2
Nanotechnology Reviews,oil palm empty fruit bunch,2
Nanotechnology Reviews,thermal stability,2
Nanotechnology Reviews,deep eutectic solvent,1
Nanotechnology Reviews,heavy metal,1
Nanotechnology Reviews,membrane,1
Nanotechnology Reviews,mesoporous silica,1
Nanotechnology for Environmental Engineering,Biological activity,1
Nanotechnology for Environmental Engineering,Degradation kinetics,1
Nanotechnology for Environmental Engineering,Gold nanoparticles,1
Nanotechnology for Environmental Engineering,Ixora coccinea Curtis flower,1
Nanotechnology for Environmental Engineering,Photocatalysis,1
Nanotechnology in the Life Sciences,Drug Delivery System,1
Nanotechnology in the Life Sciences,Gene delivery,1
Nanotechnology in the Life Sciences,Nano-antimicrobials,1
Nanotechnology in the Life Sciences,Nanofertilizers,1
Nanotechnology in the Life Sciences,Nanofungicides,1
Natural Hazards,Extreme rainfall,2
Natural Hazards,Dam-break erosion,1
Natural Hazards,Debris damming,1
Natural Hazards,Erosional dynamics,1
Natural Hazards,Geomorphic amplification,1
Natural Hazards,Lateral erosion,1
Natural Hazards,Monsoon,1
Natural Hazards,SL index,1
Natural Hazards,Spatial pattern,1
Natural Hazards,Tropical landslides,1
Natural Product Research,Calophyllum andersonii,1
Natural Product Research,Calophyllum lanigerum,1
Natural Product Research,Calophyllum recurvatum,1
Natural Product Research,Endiandra kingiana,1
Natural Product Research,chromanone acids,1
Natural Product Research,coumarin,1
Natural Product Research,coumarins,1
Natural Product Research,cytotoxicity,1
Natural Product Research,endiandric acid,1
Natural Product Research,kingianin,1
Neural Computing and Applications,Neural network,1
Neural Computing and Applications,Prediction model,1
Neural Computing and Applications,Source apportionment,1
Neural Computing and Applications,Urban air quality,1
Next Nanotechnology,Azadirachta indica,1
Next Nanotechnology,Characters,1
Next Nanotechnology,Inelastic neutron scattering,1
Next Nanotechnology,Iron oxide nanoparticles,1
Next Nanotechnology,MWCNT,1
Next Nanotechnology,Magnetic,1
Next Nanotechnology,Non-covalent functionalization,1
Next Nanotechnology,P3HT,1
Next Nanotechnology,Sensor,1
Next Nanotechnology,Structural,1
Nutrients,B. infantis,1
Nutrients,Lactiplantibacillus plantarum,1
Nutrients,anticancer,1
Nutrients,antimicrobial activity,1
Nutrients,cervical cancer cells,1
Nutrients,gastrointestinal symptoms,1
Nutrients,in vitro,1
Nutrients,probiotic properties,1
Nutrients,probiotics,1
Nutrients,toddlers,1
Nutrition and Food Science,Enzymatic hydrolysis,1
Nutrition and Food Science,Extrusion,1
Nutrition and Food Science,Food innovation,1
Nutrition and Food Science,Functional properties,1
Nutrition and Food Science,High-hydrostatic pressure,1
Nutrition and Food Science,Industrial feasibility,1
Nutrition and Food Science,Oat processing advancements,1
Nutrition and Food Science,Sustainable food processing,1
Ocean and Coastal Management,Coastal development,4
Ocean and Coastal Management,Coastal fisheries,4
Ocean and Coastal Management,Livelihood strategies,4
Ocean and Coastal Management,Sustainable coastal management,4
Ocean and Coastal Management,Sustainable livelihoods,4
Oceanologia,Error matrix,2
Oceanologia,RMSE,2
Oceanologia,ROMS Model,2
Oceanologia,SST,2
Oceanologia,Statistics,2
Open Life Sciences,Bacillus species,2
Open Life Sciences,cellulolytic ability,2
Open Life Sciences,consortia,2
Open Life Sciences,energy,2
Open Life Sciences,landfill leachate,2
Open Life Sciences,lignocellulose biomass,2
Open Life Sciences,membrane,2
Open Life Sciences,microbial fuel cells,2
Open Life Sciences,treatment,2
Open Life Sciences,wastewater,2
Organic Communications,molecular docking,2
Organic Communications,2-benzylidene-1-indanone derivatives,1
Organic Communications,ADME properties,1
Organic Communications,Aldol condensation reaction,1
Organic Communications,Heck coupling,1
Organic Communications,Ortho-carboxamidostilbene,1
Organic Communications,diabetes,1
Organic Communications,α-amylase,1
Organic Communications,α-amylase inhibitor,1
Packaging Operations in the Food Industry Unit Operations and Processing Equipment in the Food Industry,Nanotechnology,2
Packaging Operations in the Food Industry Unit Operations and Processing Equipment in the Food Industry,biocomposite films,2
Packaging Operations in the Food Industry Unit Operations and Processing Equipment in the Food Industry,food sector,2
Packaging Operations in the Food Industry Unit Operations and Processing Equipment in the Food Industry,nanoparticles,2
Packaging Operations in the Food Industry Unit Operations and Processing Equipment in the Food Industry,silver,2
Paddy and Water Environment,Aquifer stability and characteristics,3
Paddy and Water Environment,In-situ pumping test,3
Paddy and Water Environment,Pumping well yield,3
Paddy and Water Environment,Sustainable development,3
Palm Oil Industry Plantation and Process Towards Circular Economy,Bioremediation,1
Palm Oil Industry Plantation and Process Towards Circular Economy,Environmental education,1
Palm Oil Industry Plantation and Process Towards Circular Economy,Green technology,1
Palm Oil Industry Plantation and Process Towards Circular Economy,Microbial,1
Palm Oil Industry Plantation and Process Towards Circular Economy,Palm Oil Mill Effluent,1
Palm Oil Industry Plantation and Process Towards Circular Economy,Palm oil mill effluent,1
Palm Oil Industry Plantation and Process Towards Circular Economy,Palm oil waste management,1
Palm Oil Industry Plantation and Process Towards Circular Economy,Renewable energy,1
Palm Oil Industry Plantation and Process Towards Circular Economy,Science curriculum,1
Paper Asia,Banana peel,2
Paper Asia,Bioplastics,2
Paper Asia,Cellulose,2
Paper Asia,Packaging,2
Paper Asia,Tapioca powder,2
Paper Asia,Activated carbon,1
Paper Asia,Circular economy principles,1
Paper Asia,Method,1
Paper Asia,Models,1
Paper Asia,Superhydrophobic,1
Parasites and Vectors,Aedes aegypti,1
Parasites and Vectors,Aedes albopictus,1
Parasites and Vectors,Attractive toxic sugar bait (ATSB),1
Parasites and Vectors,Banana,1
Parasites and Vectors,Mango,1
Patient Preference and Adherence,children,1
Patient Preference and Adherence,gut–lung axis,1
Patient Preference and Adherence,probiotics,1
Patient Preference and Adherence,real-world study,1
Patient Preference and Adherence,respiratory tract infections,1
Peerj,Artificial Neural Networks,1
Peerj,Biopolymer,1
Peerj,Edge Computing,1
Peerj,Health Risk Assessment,1
Peerj,Hydropuntia sp,1
Peerj,Indoor Environmental Quality (IEQ),1
Peerj,Internet of Things,1
Peerj,Marine food,1
Peerj,Occupational Hygiene,1
Peerj,Occupational Safety and Health,1
Pertanika Journal of Science and Technology,Autohydrolysis,3
Pertanika Journal of Science and Technology,dissolving pulp,3
Pertanika Journal of Science and Technology,non-wood biomass,3
Pertanika Journal of Science and Technology,oil palm trunk,3
Pertanika Journal of Science and Technology,soda pulping,3
Pertanika Journal of Science and Technology,Antimicrobial resistance (AMR),2
Pertanika Journal of Science and Technology,cytotoxicity,2
Pertanika Journal of Science and Technology,dewatered sludge,2
Pertanika Journal of Science and Technology,inflammation,2
Pertanika Journal of Science and Technology,microbial fuel cell (MFC),2
Pertanika Journal of Tropical Agricultural Science,Drying,1
Pertanika Journal of Tropical Agricultural Science,Microbiological quality,1
Pertanika Journal of Tropical Agricultural Science,Rock melon,1
Pertanika Journal of Tropical Agricultural Science,feed,1
Pertanika Journal of Tropical Agricultural Science,insects,1
Pertanika Journal of Tropical Agricultural Science,microbiological quality,1
Pertanika Journal of Tropical Agricultural Science,pasteurisation,1
Pertanika Journal of Tropical Agricultural Science,pasteurization,1
Pertanika Journal of Tropical Agricultural Science,physicochemical properties,1
Pertanika Journal of Tropical Agricultural Science,physicochemical quality,1
Pharmaceuticals,chitosan,2
Pharmaceuticals,Candida auris,1
Pharmaceuticals,antifungal activity,1
Pharmaceuticals,antimicrobial resistance,1
Pharmaceuticals,biofilm,1
Pharmaceuticals,calcofluor white,1
Pharmaceuticals,candidemia,1
Pharmaceuticals,disulfiram,1
Pharmaceuticals,ethanol,1
Pharmaceuticals,hydrogel,1
Phenolic Resins Synthesis Modifications Properties and Applications,Chemical mixture,1
Phenolic Resins Synthesis Modifications Properties and Applications,Materials chemistry,1
Phenolic Resins Synthesis Modifications Properties and Applications,Phenolic resins,1
Phenolic Resins Synthesis Modifications Properties and Applications,Resin moulding methods,1
Phenolic Resins Synthesis Modifications Properties and Applications,Resole,1
Physical Sciences Reviews,nanocellulose,4
Physical Sciences Reviews,nanocomposites,3
Physical Sciences Reviews,conjugation,2
Physical Sciences Reviews,hybrid,2
Physical Sciences Reviews,metal oxide,2
Physical Sciences Reviews,thermoplastic starch,2
Physical Sciences Reviews,Wheat,1
Physical Sciences Reviews,banana,1
Physical Sciences Reviews,cellulose,1
Physical Sciences Reviews,composite,1
Planning Malaysia,adsorption,1
Planning Malaysia,fly ash,1
Planning Malaysia,metal ions,1
Planning Malaysia,water pollution,1
Planning Malaysia,water treatment,1
Plant Foods for Human Nutrition,Complementary medicine,1
Plant Foods for Human Nutrition,Hyperglycaemia,1
Plant Foods for Human Nutrition,Hyperlipidaemia,1
Plant Foods for Human Nutrition,Hypertension,1
Plant Foods for Human Nutrition,Polyunsaturated fatty acids,1
Plant Foods for Human Nutrition,Sacha inchi,1
Plant Tuber and Root Based Biocomposites Development Characterization and Applications,Binder,1
Plant Tuber and Root Based Biocomposites Development Characterization and Applications,Biocomposites,1
Plant Tuber and Root Based Biocomposites Development Characterization and Applications,Composite matrix,1
Plant Tuber and Root Based Biocomposites Development Characterization and Applications,Fuel briquette,1
Plant Tuber and Root Based Biocomposites Development Characterization and Applications,Root and tuber based starches,1
Plant Tuber and Root Based Biocomposites Development Characterization and Applications,Starch,1
Polimery Polymers,carbonization,6
Polimery Polymers,plastic waste,6
Polimery Polymers,char,3
Polimery Polymers,degradation,3
Polimery Polymers,mechanical properties,3
Polimery Polymers,morphology,3
Polimery Polymers,particles size,3
Polimery Polymers,thermal stability,3
Polimery Polymers,functionalization,2
Polimery Polymers,isolation process,2
Polymer,Injectable hydrogel,1
Polymer,Naltrexone,1
Polymer,Sustained release,1
Polymer Bulletin,DMA,5
Polymer Bulletin,Modulus,5
Polymer Bulletin,Polymer composites,5
Polymer Bulletin,Sugar palm fiber,5
Polymer Bulletin,Amphiphobic surfaces,2
Polymer Bulletin,Benzene,2
Polymer Bulletin,Bio-based polymers,2
Polymer Bulletin,Cellulose surface modification,2
Polymer Bulletin,Chitosan-based emulsions,2
Polymer Bulletin,Nanocomposites,2
Polymer Composites,biocomposite,4
Polymer Composites,PHBV,3
Polymer Composites,biopolymer,3
Polymer Composites,microfiller,3
Polymer Composites,spent coffee grounds,3
Polymer Composites,sustainable packaging,3
Polymer Composites,Patchouli,2
Polymer Composites,extracted residue,2
Polymer Composites,macroalgae,2
Polymer Composites,mechanical properties,2
Polymer Composites Derived from Animal Sources,materials science engineering,3
Polymer Composites Derived from Animal Sources,characterizations,2
Polymer Composites Derived from Animal Sources,hydroxyapatite,2
Polymer Composites Derived from Animal Sources,keratin,2
Polymer Composites Derived from Animal Sources,polymer composites,2
Polymer Composites Derived from Animal Sources,polymers,2
Polymer Composites Derived from Animal Sources,tissue engineering,2
Polymer Composites Derived from Animal Sources,Animal-based composite,1
Polymer Composites Derived from Animal Sources,Artificial,1
Polymer Composites Derived from Animal Sources,Calcium carbonate,1
Polymer Engineering and Science,cellulose nanofiber,7
Polymer Engineering and Science,sustainable packaging,7
Polymer Engineering and Science,bioaerogel,6
Polymer Engineering and Science,biocomposites,6
Polymer Engineering and Science,biofiller,6
Polymer Engineering and Science,biofilm,4
Polymer Engineering and Science,eco-friendly,4
Polymer Engineering and Science,raw seaweed,4
Polymer Engineering and Science,semi-refined carrageenan,4
Polymer Engineering and Science,PHBV biocomposites,3
Polymer International,biopolymers,2
Polymer International,composite aerogels,2
Polymer International,encapsulation,2
Polymer International,nutrient delivery,2
Polymer International,slow-release fertilizers,2
Polymer International,sustainable agriculture,2
Polymer International,bismuth ferrite,1
Polymer International,nanocomposite,1
Polymer International,photocatalytic performance,1
Polymer International,reusability,1
Polymers,MXene,1
Polymers,cellulose nanofibrils,1
Polymers,electromagnetic interference shielding,1
Polymers,hybrid films,1
Polymers,mechanical properties,1
Preparative Biochemistry and Biotechnology,Fermentation,1
Preparative Biochemistry and Biotechnology,bacteriocin-like inhibitory substances (BLIS),1
Preparative Biochemistry and Biotechnology,co-culture,1
Preparative Biochemistry and Biotechnology,fruit drink,1
Preparative Biochemistry and Biotechnology,lactic acid bacteria,1
Preparative Biochemistry and Biotechnology,lactic acid bacteria (LAB),1
Preparative Biochemistry and Biotechnology,optimization,1
Preparative Biochemistry and Biotechnology,prebiotics,1
Preparative Biochemistry and Biotechnology,probiotics,1
Preparative Biochemistry and Biotechnology,γ-Aminobutyric acid (GABA),1
Probiotics and Antimicrobial Proteins,Bacteriocin purification,2
Probiotics and Antimicrobial Proteins,Enterocin CC2,2
Probiotics and Antimicrobial Proteins,Oral health therapeutics,2
Probiotics and Antimicrobial Proteins,PEG-based aqueous two-phase system,2
Probiotics and Antimicrobial Proteins,Probiotic-derived antimicrobial,2
Probiotics and Antimicrobial Proteins,Streptococcus mutans,2
Probiotics and Antimicrobial Proteins,Anti-acne agent,1
Probiotics and Antimicrobial Proteins,Bacillusspp,1
Probiotics and Antimicrobial Proteins,Bacteriocins,1
Probiotics and Antimicrobial Proteins,Cell-free supernatant,1
Proceedings of Engineering and Technology Innovation,anomaly detection,1
Proceedings of Engineering and Technology Innovation,edible bird’s nest (EBN),1
Proceedings of Engineering and Technology Innovation,impurity segmentation,1
Proceedings of Engineering and Technology Innovation,intensity inhomogeneity (IIH),1
Proceedings of Engineering and Technology Innovation,β-variational autoencoder (β-VAE),1
Process Biochemistry,Fermentation,1
Process Biochemistry,Fruit juices,1
Process Biochemistry,Lactic acid,1
Process Biochemistry,Lactobacillus,1
Process Biochemistry,Prebiotic,1
Process Safety and Environmental Protection,Biohydrogen production,1
Process Safety and Environmental Protection,Biomass gasification,1
Process Safety and Environmental Protection,Biomethane production,1
Process Safety and Environmental Protection,Compositional analysis,1
Process Safety and Environmental Protection,Process systems engineering assessment,1
Process Safety and Environmental Protection,Techno-economic challenges,1
Processes,bioethanol,2
Processes,degradation-aware energy analysis,2
Processes,energy optimization,2
Processes,machine learning,2
Processes,specific energy consumption,2
Progress in Rubber Plastics and Recycling Technology,Natural rubber latex band,1
Progress in Rubber Plastics and Recycling Technology,film-based technology,1
Progress in Rubber Plastics and Recycling Technology,microplastic removal,1
Qualitative Report,Jaffna peninsula,1
Qualitative Report,multidimensional vulnerabilities,1
Qualitative Report,reflexive thematic analysis,1
Qualitative Report,small-scale fisheries,1
Qualitative Report,socioecological conflicts,1
Radiation Physics and Chemistry,Antioxidant activity,1
Radiation Physics and Chemistry,Eremothecium coryli,1
Radiation Physics and Chemistry,Fatty acids,1
Radiation Physics and Chemistry,Hazelnut,1
Radiation Physics and Chemistry,Nuts,1
Radiation Physics and Chemistry,Protein,1
Reaction Kinetics Mechanisms and Catalysis,Amino acid,2
Reaction Kinetics Mechanisms and Catalysis,Catalytic decarboxylation reaction,2
Reaction Kinetics Mechanisms and Catalysis,Pyridoxal 5′-phosphate,2
Reaction Kinetics Mechanisms and Catalysis,Theoretical calculation,2
Regenerative Engineering and Translational Medicine,Active wound dressing,1
Regenerative Engineering and Translational Medicine,Conventional wound dressing,1
Regenerative Engineering and Translational Medicine,Skin layers,1
Regenerative Engineering and Translational Medicine,Wound dressing,1
Regenerative Engineering and Translational Medicine,Wound matrix,1
Regenerative Engineering and Translational Medicine,Wound-healing phases,1
Regional Studies in Marine Science,Coastal waters,1
Regional Studies in Marine Science,Marine microplastics,1
Regional Studies in Marine Science,Meta-analysis,1
Regional Studies in Marine Science,Peninsular Malaysia,1
Regional Studies in Marine Science,South China Sea,1
Regional Studies in Marine Science,Strait of Malacca,1
Renewable Energy,Azolla filiculoides,2
Renewable Energy,Biodiesel,2
Renewable Energy,Feedstock,2
Renewable Energy,Third oil generation,2
Renewable Energy,Ulva lactuca,2
Renewable Energy,Waste frying oil,2
Renewable Energy,Anaerobic digestion (AD),1
Renewable Energy,Biofuel,1
Renewable Energy,Biogas production,1
Renewable Energy,Fish waste oil,1
Results in Chemistry,Agarwood,1
Results in Chemistry,Biopolymer,1
Results in Chemistry,Cellulose microfibrils,1
Results in Chemistry,Characterization,1
Results in Chemistry,D2EHPA,1
Results in Chemistry,Industrial wastewater,1
Results in Chemistry,Re-bleaching,1
Results in Chemistry,Separation,1
Results in Chemistry,Strip dispersion,1
Results in Chemistry,Transport rate,1
Results in Engineering,Marine engineering monitoring,2
Results in Engineering,Multi-scale feature fusion,2
Results in Engineering,Transformer-based detection,2
Results in Engineering,Turbid underwater imaging,2
Results in Engineering,Underwater debris detection,2
Reviews in Aquaculture,aquaculture,1
Reviews in Aquaculture,data envelopment analysis,1
Reviews in Aquaculture,meta-regression analysis,1
Reviews in Aquaculture,stochastic frontier analysis,1
Reviews in Aquaculture,technical efficiency,1
SAE International Journal of Fuels and Lubricants,CI Engine,1
SAE International Journal of Fuels and Lubricants,Combustion,1
SAE International Journal of Fuels and Lubricants,Emission,1
SAE International Journal of Fuels and Lubricants,Palm biodiesel,1
SAE International Journal of Fuels and Lubricants,Performance,1
Sains Malaysiana,Rheology,2
Sains Malaysiana,salt substitutes,2
Sains Malaysiana,sensory evaluation,2
Sains Malaysiana,sodium reduction,2
Sains Malaysiana,sweet Thai chili sauce,2
Sains Malaysiana,ADMET profiling,1
Sains Malaysiana,Antibacterial,1
Sains Malaysiana,Bibliometrics,1
Sains Malaysiana,Clostridium,1
Sains Malaysiana,antidiabetic agents,1
Science of the Total Environment,Advanced oxidation process,1
Science of the Total Environment,Biochar,1
Science of the Total Environment,Biomass,1
Science of the Total Environment,Environmental applications,1
Science of the Total Environment,Modification,1
Science of the Total Environment,Natural iron,1
Science of the Total Environment,Polycyclic aromatic hydrocarbons,1
Science of the Total Environment,Soil remediation,1
Science of the Total Environment,Sustainability,1
Science of the Total Environment,Tropical soil,1
Scientific Reports,Canopy layer,1
Scientific Reports,Energy consumption,1
Scientific Reports,Environmental footprint,1
Scientific Reports,Radioactive waste management,1
Scientific Reports,Realistic geometry model,1
Scientific Reports,Thorium extraction processing,1
Scientific Reports,Tropical climate,1
Scientific Reports,Various electrodes,1
Scientific Reports,Wind profile distribution,1
Scientific Reports,Wind tunnel experiment,1
Separation Science and Technology Philadelphia,Lipid extraction,2
Separation Science and Technology Philadelphia,beef tallow,2
Separation Science and Technology Philadelphia,biodiesel,2
Separation Science and Technology Philadelphia,bioenergy,2
Separation Science and Technology Philadelphia,separation,2
Separation Science and Technology Philadelphia,Intensified microbubbles,1
Separation Science and Technology Philadelphia,electrocoagulation,1
Separation Science and Technology Philadelphia,flocculation index,1
Separation Science and Technology Philadelphia,flocs,1
Separation Science and Technology Philadelphia,landfill leachate,1
Separation and Purification Technology,Amaranthus spp.,1
Separation and Purification Technology,Aquaculture wastewater,1
Separation and Purification Technology,Biofertilizer,1
Separation and Purification Technology,Chitosan,1
Separation and Purification Technology,"Response surface methodology, solid recovery",1
Soil and Sediment Contamination,Beris Lalang,2
Soil and Sediment Contamination,Solid waste,2
Soil and Sediment Contamination,dumpsites,2
Soil and Sediment Contamination,heavy metals contamination,2
Soil and Sediment Contamination,waste generation,2
Solving Halal Industry Issues Through Research in Halal Sciences,6Ds gamification framework,1
Solving Halal Industry Issues Through Research in Halal Sciences,Analysis,1
Solving Halal Industry Issues Through Research in Halal Sciences,Computational Social Science,1
Solving Halal Industry Issues Through Research in Halal Sciences,Gamification,1
Solving Halal Industry Issues Through Research in Halal Sciences,Halal,1
Solving Halal Industry Issues Through Research in Halal Sciences,Halal ecosystem,1
Solving Halal Industry Issues Through Research in Halal Sciences,Social Science,1
Springer Proceedings in Materials,Bioremediation,2
Springer Proceedings in Materials,Food waste digestate,2
Springer Proceedings in Materials,Hydrocarbon,2
Springer Proceedings in Materials,Refinery oily sludge,2
Springer Proceedings in Materials,Seed germination,2
Springer Proceedings in Materials,Anaerobic Digestion,1
Springer Proceedings in Materials,Biogas application,1
Springer Proceedings in Materials,Biogas purification,1
Springer Series on Polymer and Composite Materials,Biodegradable,1
Springer Series on Polymer and Composite Materials,Biopolymer,1
Springer Series on Polymer and Composite Materials,Cellulose,1
Springer Series on Polymer and Composite Materials,Chitin,1
Springer Series on Polymer and Composite Materials,Coating,1
Springer Series on Polymer and Composite Materials,Degree of deacetylation,1
Springer Series on Polymer and Composite Materials,Edible film,1
Springer Series on Polymer and Composite Materials,Lignin,1
Springer Series on Polymer and Composite Materials,Packaging,1
Springer Series on Polymer and Composite Materials,Polylactic acid (PLA),1
Springer Water,Environment,1
Springer Water,Management,1
Springer Water,Pollution,1
Springer Water,Solid waste,1
Springer Water,Sustainable development,1
Starch Staerke,carbohydrate valorization,1
Starch Staerke,cellulase,1
Starch Staerke,enzymatic hydrolysis,1
Starch Staerke,fat substitution,1
Starch Staerke,pectinase,1
Starch Staerke,pumpkin–carrot matrix,1
Surface Innovations,ABS,1
Surface Innovations,SAN,1
Surface Innovations,characterization techniques,1
Surface Innovations,coatings,1
Surface Innovations,"infrared (R, FTIR)",1
Surface Innovations,microscopy,1
Surface Innovations,optical transparency,1
Surface Innovations,resins and plastics,1
Surface Innovations,scanning electron microscopy,1
Surface Innovations,surface roughness,1
Surfaces and Interfaces,Acacia mangium wood,1
Surfaces and Interfaces,Activated carbon,1
Surfaces and Interfaces,Adsorption capacity,1
Surfaces and Interfaces,Bromocresol green dye,1
Surfaces and Interfaces,Optimization,1
Surfaces and Interfaces,Response surface methodology,1
Sustainability Switzerland,bioethanol,1
Sustainability Switzerland,circular bioeconomy,1
Sustainability Switzerland,food industry wastes,1
Sustainability Switzerland,life cycle assessment,1
Sustainability Switzerland,sustainability,1
Thermal Science and Engineering Progress,Biosolids,1
Thermal Science and Engineering Progress,Pyrolysis,1
Thermal Science and Engineering Progress,Renewable Energy,1
Thermal Science and Engineering Progress,Sewage Sludge,1
Thermal Science and Engineering Progress,Thermochemical,1
Trends in Food Science and Technology,Bioavailability,1
Trends in Food Science and Technology,Health benefits,1
Trends in Food Science and Technology,Lactoferrin,1
Trends in Food Science and Technology,Mechanisms of action,1
Trends in Food Science and Technology,Natural therapeutic agent,1
Tropical Animal Health and Production,Broiler chickens,3
Tropical Animal Health and Production,Feed conversion ratio,3
Tropical Animal Health and Production,Fermented foods,3
Tropical Animal Health and Production,Meat quality,3
Tropical Animal Health and Production,Probiotics,3
Tropical Biomedicine,Computational biology,1
Tropical Biomedicine,N-feruloyltyramine,1
Tropical Biomedicine,Nsp1,1
Tropical Biomedicine,Piper sarmentosum Roxb,1
Tropical Biomedicine,SARS-CoV-2,1
Veterinary World,probiotics,2
Veterinary World,One Health,1
Veterinary World,cow’s milk allergy,1
Veterinary World,digestibility,1
Veterinary World,food safety,1
Veterinary World,in-vitro,1
Veterinary World,lactic acid bacteria,1
Veterinary World,postbiotics,1
Veterinary World,proteolytic activity,1
Veterinary World,short-chain fatty acids,1
Vietnam Journal of Science and Technology,confined spaces,1
Vietnam Journal of Science and Technology,heavy metals,1
Vietnam Journal of Science and Technology,heritage buildings,1
Vietnam Journal of Science and Technology,indoor air quality,1
Vietnam Journal of Science and Technology,microplastics,1
Vietnam Journal of Science and Technology,occupational health,1
Vietnam Journal of Science and Technology,particulate matter,1
Waste Biorefineries Future Energy Green Products and Waste Treatment,ABE fermentation,1
Waste Biorefineries Future Energy Green Products and Waste Treatment,Adaptive laboratory evolution,1
Waste Biorefineries Future Energy Green Products and Waste Treatment,Biobutanol,1
Waste Biorefineries Future Energy Green Products and Waste Treatment,Biomass,1
Waste Biorefineries Future Energy Green Products and Waste Treatment,Clostridium,1
Waste Biorefineries Future Energy Green Products and Waste Treatment,Mutagenesis,1
Waste Biorefineries Future Energy Green Products and Waste Treatment,Sustainable large-scale production,1
Waste Disposal and Sustainable Energy,Biodiesel,2
Waste Disposal and Sustainable Energy,Hybrid,2
Waste Disposal and Sustainable Energy,Optimisation,2
Waste Disposal and Sustainable Energy,Transesterification,2
Waste Disposal and Sustainable Energy,Waste frying oil (WFO),2
Waste Management and Research,Food waste compost,2
Waste Management and Research,circular economy,2
Waste Management and Research,net greenhouse gas emissions,2
Waste Management and Research,organic waste management,2
Waste Management and Research,organic waste treatment,2
Waste Management and Research,tourism products,2
Waste Management and Research,waste disposal sites,2
Waste Management and Research,waste generated,2
Waste and Biomass Valorization,Empty fruit bunch fiber,2
Waste and Biomass Valorization,Heat flux,2
Waste and Biomass Valorization,Refining,2
Waste and Biomass Valorization,Sandwich composite,2
Waste and Biomass Valorization,Thermal insulation,2
Waste and Biomass Valorization,Fruit waste,1
Waste and Biomass Valorization,Green extraction,1
Waste and Biomass Valorization,Protein,1
Waste and Biomass Valorization,Purification,1
Waste and Biomass Valorization,Wound,1
Water Air and Soil Pollution,AERMOD,1
Water Air and Soil Pollution,Air pollution modeling,1
Water Air and Soil Pollution,Contaminated water,1
Water Air and Soil Pollution,Dispersion,1
Water Air and Soil Pollution,Diuron,1
Water Air and Soil Pollution,Energy recovery,1
Water Air and Soil Pollution,Forecaster Model,1
Water Air and Soil Pollution,Land Use,1
Water Air and Soil Pollution,LandGEM,1
Water Air and Soil Pollution,Landfill gas emissions,1
Water Environment Research,Langmuir equilibrium model,1
Water Environment Research,activated carbon,1
Water Environment Research,adsorption efficiency,1
Water Environment Research,bioreactor,1
Water Environment Research,bioremediation,1
Water Environment Research,biostimulation,1
Water Environment Research,central composite design,1
Water Environment Research,reactive dyes,1
Water Environment Research,tannase enzyme,1
Water Environment Research,tannery,1
Water Science and Engineering,Capturing,1
Water Science and Engineering,Colloidal,1
Water Science and Engineering,Interactions,1
Water Science and Engineering,Microplastics,1
Water Science and Engineering,Surfaces,1
Weather and Forecasting,Climate,4
Weather and Forecasting,Climate change,4
Weather and Forecasting,Climate variability,4
Weather and Forecasting,Deep learning,4
Weather and Forecasting,Renewable energy,4
Women S Health,childbearing,1
Women S Health,intervention,1
Women S Health,maternal health,1
Women S Health,postpartum depression,1
Women S Health,social support,1
Wood Material Science and Engineering,Rubberwood,2
Wood Material Science and Engineering,leachate,2
Wood Material Science and Engineering,sodium acetate,2
Wood Material Science and Engineering,sodium butyrate,2
Wood Material Science and Engineering,wood preservation,2
World Development Perspectives,Social rights,2
World Development Perspectives,Socio-economic factors,2
World Development Perspectives,Stakeholder engagement,2
World Development Perspectives,Watershed management,2
World Development Perspectives,Willingness to participate,2
World Journal of Microbiology and Biotechnology,Burkholderia ambifaria strain E5-3,4
World Journal of Microbiology and Biotechnology,Fed-batch fermentation,4
World Journal of Microbiology and Biotechnology,Inhibitor tolerance,4
World Journal of Microbiology and Biotechnology,Lignocellulosic biomass,4
World Journal of Microbiology and Biotechnology,Polyhydroxybutyrate,4
World Journal of Microbiology and Biotechnology,Antibiofilm,2
World Journal of Microbiology and Biotechnology,Efflux pump inhibitors,2
World Journal of Microbiology and Biotechnology,Multidrug-resistant (MDR) bacteria,2
World Journal of Microbiology and Biotechnology,Staphylococcus aureus,2
World Journal of Microbiology and Biotechnology,Terpenes,2
