Name,Scopus_ID,Journal,Link,Date,Citations,Keywords,Impact Factor,Journal Homepage,Open Access,Access Type
ABDORREZA MOHAMMADI NAFCHI,57205295763,Food Control,https://www.scopus.com/inward/record.uri?partnerID=HzOxMe3b&scp=105034968709&origin=inward,2026-09-01,2,Antibacterial activity ; Antioxidant activity ; Enzyme-like activity ; Polysaccharide stabilization ; Strawberry preservation,N/A,N/A,No,
ABDORREZA MOHAMMADI NAFCHI,57205295763,Public Health in Practice,https://www.scopus.com/inward/record.uri?partnerID=HzOxMe3b&scp=105029241789&origin=inward,2026-06-01,1,N/A,N/A,N/A,Yes,"All Open Access, Gold, Green"
ABDORREZA MOHAMMADI NAFCHI,57205295763,Applied Food Research,https://www.scopus.com/inward/record.uri?partnerID=HzOxMe3b&scp=105025462310&origin=inward,2026-06-01,8,Basil seed beverage ; Gellan gum ; Persian gum ; Rheological properties ; Sodium alginate ; Stabilizers ; Suspension stability,N/A,N/A,Yes,"All Open Access, Gold"
ABDORREZA MOHAMMADI NAFCHI,57205295763,Journal of Food Science and Technology Iran,https://www.scopus.com/inward/record.uri?partnerID=HzOxMe3b&scp=105040182191&origin=inward,2026-06-01,0,correlation ; edible coating ; K-value ; loquat seed polysaccharide ; rainbow trout ; spoilage,N/A,N/A,No,
ABDORREZA MOHAMMADI NAFCHI,57205295763,Reaction Kinetics Mechanisms and Catalysis,https://www.scopus.com/inward/record.uri?partnerID=HzOxMe3b&scp=105028211339&origin=inward,2026-04-01,1,Amino acid ; Catalytic decarboxylation reaction ; Pyridoxal 5′-phosphate ; Theoretical calculation,N/A,N/A,No,
ABDORREZA MOHAMMADI NAFCHI,57205295763,Journal of Food Measurement and Characterization,https://www.scopus.com/inward/record.uri?partnerID=HzOxMe3b&scp=105023665435&origin=inward,2026-03-01,8,Encapsulation ; Hydrogel ; Jujube (Ziziphus jujuba) extract ; Sodium alginate ; Soy protein isolate ; Thermal processing,N/A,N/A,No,
ABDORREZA MOHAMMADI NAFCHI,57205295763,Journal of Food Measurement and Characterization,https://www.scopus.com/inward/record.uri?partnerID=HzOxMe3b&scp=105024713076&origin=inward,2026-03-01,11,Antioxidant activity ; Food spoilage indicator ; Gelatin film ; Intelligent packaging ; PH-Sensitive indicator,N/A,N/A,No,
ABDORREZA MOHAMMADI NAFCHI,57205295763,Packaging Operations in the Food Industry Unit Operations and Processing Equipment in the Food Industry,https://www.scopus.com/inward/record.uri?partnerID=HzOxMe3b&scp=105033420490&origin=inward,2026-01-01,0,biocomposite films ; food sector ; nanoparticles ; Nanotechnology ; silver,N/A,N/A,No,
ABDORREZA MOHAMMADI NAFCHI,57205295763,Food Science and Nutrition,https://www.scopus.com/inward/record.uri?partnerID=HzOxMe3b&scp=105028101203&origin=inward,2026-01-01,12,active film ; meat ; nano-TiO2 ; oxidation ; Penganum harmala ; sago starch,N/A,N/A,Yes,"All Open Access, Hybrid Gold, Green"
ABDORREZA MOHAMMADI NAFCHI,57205295763,Journal of Food Measurement and Characterization,https://www.scopus.com/inward/record.uri?partnerID=HzOxMe3b&scp=105035406889&origin=inward,2026-01-01,0,Artocarpus altilis ; Composite flour muffins ; Mineral enrichment ; Physicochemical characterisation ; Texture Profile Analysis (TPA),N/A,N/A,No,
ABDORREZA MOHAMMADI NAFCHI,57205295763,Food Hydrocolloids for Health,https://www.scopus.com/inward/record.uri?partnerID=HzOxMe3b&scp=105020260545&origin=inward,2025-12-01,2,biopolymer compatibility ; Capsules and Beads ; Encapsulation ; Food coating ; Native biopolymers ; Persian gum ; Pharmaceutical applications,N/A,N/A,Yes,"All Open Access, Gold, Green"
ABDORREZA MOHAMMADI NAFCHI,57205295763,Bioactive Carbohydrates and Dietary Fibre,https://www.scopus.com/inward/record.uri?partnerID=HzOxMe3b&scp=105021257414&origin=inward,2025-12-01,3,Antioxidant activity ; Emulsion ; Essential oil ; Plant-based milk ; Ultrasonication,N/A,N/A,No,
ABDORREZA MOHAMMADI NAFCHI,57205295763,Future Foods,https://www.scopus.com/inward/record.uri?partnerID=HzOxMe3b&scp=105010689545&origin=inward,2025-12-01,2,Chemical evaluation ; Fish fillet ; Loquat (Eriobotrya japonica) ; Microbial evaluation ; Polysaccharide ; Shelf life,N/A,N/A,Yes,"All Open Access, Gold"
ABDORREZA MOHAMMADI NAFCHI,57205295763,Applied Food Research,https://www.scopus.com/inward/record.uri?partnerID=HzOxMe3b&scp=105011058805&origin=inward,2025-12-01,15,High-hydrostatic pressure ; In-vitro digestibility ; Physicochemical properties ; Sago starch,N/A,N/A,Yes,"All Open Access, Gold, Green"
ABDORREZA MOHAMMADI NAFCHI,57205295763,International Journal of Biological Macromolecules,https://www.scopus.com/inward/record.uri?partnerID=HzOxMe3b&scp=105016781213&origin=inward,2025-11-01,4,Emulsion electrospinning ; Nanofibers ; Pullulan ; Tocotrienol ; Zein,N/A,N/A,No,
ABDORREZA MOHAMMADI NAFCHI,57205295763,Journal of Food Measurement and Characterization,https://www.scopus.com/inward/record.uri?partnerID=HzOxMe3b&scp=105010634092&origin=inward,2025-10-01,38,Active packaging ; Chicken fillets ; Chitosan films ; Eggplant anthocyanins ; Essential oil ; Food preservation ; Nanoemulsion ; Oliveria decumbens,N/A,N/A,Yes,"All Open Access, Hybrid Gold"
ABDORREZA MOHAMMADI NAFCHI,57205295763,Food Science and Nutrition,https://www.scopus.com/inward/record.uri?partnerID=HzOxMe3b&scp=105016816192&origin=inward,2025-09-01,27,anthocyanins ; biodegradable film ; fish spoilage indicator ; pH-responsive packaging ; pomegranate flower extract,N/A,N/A,Yes,"All Open Access, Hybrid Gold, Green"
ABDORREZA MOHAMMADI NAFCHI,57205295763,Malaysian Journal of Chemistry,https://www.scopus.com/inward/record.uri?partnerID=HzOxMe3b&scp=105014426272&origin=inward,2025-08-25,0,extraction ; Microcrystalline cellulose (MCCs) ; Oil palm empty fruit bunches (OPEFB),N/A,N/A,Yes,"All Open Access, Bronze"
ABDORREZA MOHAMMADI NAFCHI,57205295763,Food Science and Nutrition,https://www.scopus.com/inward/record.uri?partnerID=HzOxMe3b&scp=105013185276&origin=inward,2025-08-01,20,chicken meat ; gas chromatography ; immersion coating ; lipid oxidation ; microbial spoilage ; plant bioactive compounds ; Syzygium aromaticum,N/A,N/A,Yes,"All Open Access, Hybrid Gold, Green"
ABDORREZA MOHAMMADI NAFCHI,57205295763,Food Science and Nutrition,https://www.scopus.com/inward/record.uri?partnerID=HzOxMe3b&scp=105006636334&origin=inward,2025-06-01,35,acrylamide ; edible coating ; oil uptake ; oxidative stability ; potato strips ; tarragon ; Zataria multiflora Boiss,N/A,N/A,Yes,"All Open Access, Hybrid Gold, Green"
ABDORREZA MOHAMMADI NAFCHI,57205295763,Journal of Food Measurement and Characterization,https://www.scopus.com/inward/record.uri?partnerID=HzOxMe3b&scp=105003402284&origin=inward,2025-05-01,9,Emulsification ; Essential oil encapsulation ; Food preservation ; Functional food ; Milk fortification,N/A,N/A,No,
ABDORREZA MOHAMMADI NAFCHI,57205295763,Journal of Food Measurement and Characterization,https://www.scopus.com/inward/record.uri?partnerID=HzOxMe3b&scp=85218684413&origin=inward,2025-04-01,23,Microalgae ; Natural antioxidant ; Pseudomonas aeruginosa ; Shelf life ; Sodium metabisulfite ; Spirulina,N/A,N/A,No,
ABDORREZA MOHAMMADI NAFCHI,57205295763,Applied Food Biotechnology,https://www.scopus.com/inward/record.uri?partnerID=HzOxMe3b&scp=105026613557&origin=inward,2025-01-01,1,Essential Oil ; Nanoemulsion ; Natural Preservative ; Rosa damascene ; Steam distillation,N/A,N/A,No,
ABDORREZA MOHAMMADI NAFCHI,57205295763,Food Chemistry X,https://www.scopus.com/inward/record.uri?partnerID=HzOxMe3b&scp=85201642970&origin=inward,2024-10-30,15,Antioxidant activity ; Frozen burger preservation ; Microbial load reduction ; Oxidation stability ; Plant extract nanoemulsions ; Shelf-life extension,N/A,N/A,Yes,"All Open Access, Gold, Green"
ABDORREZA MOHAMMADI NAFCHI,57205295763,Journal of Food Measurement and Characterization,https://www.scopus.com/inward/record.uri?partnerID=HzOxMe3b&scp=85195209908&origin=inward,2024-07-01,21,Antimicrobial ; Edible coating ; Food packaging ; Plastic ; Protein-based coatings,N/A,N/A,No,
ANA MASARA AHMAD MOKHTAR,57223183376,Archives of Biochemistry and Biophysics,https://www.scopus.com/inward/record.uri?partnerID=HzOxMe3b&scp=105039706624&origin=inward,2026-08-01,0,Cancer ; Cdc42 ; In silico ; Primary immunodeficiency ; Small G-protein,N/A,N/A,No,
ANA MASARA AHMAD MOKHTAR,57223183376,Medical Oncology,https://www.scopus.com/inward/record.uri?partnerID=HzOxMe3b&scp=105037096094&origin=inward,2026-06-01,1,"Anthracycline ; PAK ; Small RhoGTPases, Breast cancer ; Taxane",N/A,N/A,No,
ANA MASARA AHMAD MOKHTAR,57223183376,International Journal of Environmental Science and Technology,https://www.scopus.com/inward/record.uri?partnerID=HzOxMe3b&scp=105024353999&origin=inward,2026-02-01,2,Cancer ; Environment ; Mutagenicity ; Toxic waste ; Toxicity,N/A,N/A,Yes,"All Open Access, Hybrid Gold"
ANA MASARA AHMAD MOKHTAR,57223183376,Cell Biochemistry and Function,https://www.scopus.com/inward/record.uri?partnerID=HzOxMe3b&scp=105027634422&origin=inward,2026-01-01,2,bibliometric analysis ; Cancer Oncology ; Rho GTPases ; VOSviewer,N/A,N/A,No,
ANA MASARA AHMAD MOKHTAR,57223183376,Journal of Food Measurement and Characterization,https://www.scopus.com/inward/record.uri?partnerID=HzOxMe3b&scp=105019562991&origin=inward,2026-01-01,2,Cocoa rind ; Natural deep eutectic solvents ; Optimization ; Phenolic compound ; Theobroma cocoa l ; Ultrasonic-assisted extraction,N/A,N/A,No,
ANA MASARA AHMAD MOKHTAR,57223183376,Scientific Reports,https://www.scopus.com/inward/record.uri?partnerID=HzOxMe3b&scp=105017931371&origin=inward,2025-12-01,3,N/A,N/A,N/A,Yes,"All Open Access, Gold, Green"
ANA MASARA AHMAD MOKHTAR,57223183376,Bioessays,https://www.scopus.com/inward/record.uri?partnerID=HzOxMe3b&scp=105015363280&origin=inward,2025-11-01,1,activation ; biomarker ; biosensors ; expression ; prognosis ; Rho GTPases ; signaling,N/A,N/A,No,
ANA MASARA AHMAD MOKHTAR,57223183376,Drug Delivery and Translational Research,https://www.scopus.com/inward/record.uri?partnerID=HzOxMe3b&scp=86000662261&origin=inward,2025-10-01,0,Antimicrobial innovation ; Dental caries ; Enterocin CC2 ; Microemulsion formulation ; Streptococcus mutans,N/A,N/A,No,
ANA MASARA AHMAD MOKHTAR,57223183376,Journal of Food Measurement and Characterization,https://www.scopus.com/inward/record.uri?partnerID=HzOxMe3b&scp=85208129546&origin=inward,2024-12-01,2,Bioactive ingredient ; Free radical ; Microcapsule ; Nutraceutical ; Oil palm leaf,N/A,N/A,No,
ANA MASARA AHMAD MOKHTAR,57223183376,Asia Pacific Journal of Science and Technology,https://www.scopus.com/inward/record.uri?partnerID=HzOxMe3b&scp=85212756024&origin=inward,2024-11-11,0,Agriculture ; Antibiotics ; Antimicrobial resistance (AMR) ; Antimicrobial stewardship program (ASP) ; Aquaculture ; Healthcare professionals ; Non-governmental organisation (NGO) ; Public awareness,N/A,N/A,No,
ANA MASARA AHMAD MOKHTAR,57223183376,Cellular Signalling,https://www.scopus.com/inward/record.uri?partnerID=HzOxMe3b&scp=85192449287&origin=inward,2024-08-01,4,APRIL ; BAFF ; Bibliometric analysis ; Immunological disorders ; Receptors,N/A,N/A,No,
ANA MASARA AHMAD MOKHTAR,57223183376,Journal of the Taiwan Institute of Chemical Engineers,https://www.scopus.com/inward/record.uri?partnerID=HzOxMe3b&scp=85186262884&origin=inward,2024-07-01,2,Bacteriocin-like inhibitory substance ; Inhibitory activity ; Ionic liquid-based aqueous two-phase system ; Oral pathogen ; Purification,N/A,N/A,No,
ANA MASARA AHMAD MOKHTAR,57223183376,Tropical Biomedicine,https://www.scopus.com/inward/record.uri?partnerID=HzOxMe3b&scp=85201618118&origin=inward,2024-06-01,1,Computational biology ; N-feruloyltyramine ; Nsp1 ; Piper sarmentosum Roxb ; SARS-CoV-2,N/A,N/A,Yes,"All Open Access, Bronze"
ANA MASARA AHMAD MOKHTAR,57223183376,Heliyon,https://www.scopus.com/inward/record.uri?partnerID=HzOxMe3b&scp=85189473077&origin=inward,2024-04-15,22,Immunomodulation ; Immunostimulation ; Immunosuppression ; Phytochemicals ; Traditional plants,N/A,N/A,Yes,"All Open Access, Gold, Green"
ANA MASARA AHMAD MOKHTAR,57223183376,Pertanika Journal of Science and Technology,https://www.scopus.com/inward/record.uri?partnerID=HzOxMe3b&scp=85194171266&origin=inward,2024-04-01,0,Antimicrobial resistance (AMR) ; cytotoxicity ; dewatered sludge ; inflammation ; microbial fuel cell (MFC),N/A,N/A,Yes,"All Open Access, Hybrid Gold"
ANA MASARA AHMAD MOKHTAR,57223183376,Heliyon,https://www.scopus.com/inward/record.uri?partnerID=HzOxMe3b&scp=85186617769&origin=inward,2024-03-15,9,Antimicrobial agents ; E. alte ; GC-MS ; HPLC ; MRSA,N/A,N/A,Yes,"All Open Access, Gold, Green"
ANA MASARA AHMAD MOKHTAR,57223183376,Open Life Sciences,https://www.scopus.com/inward/record.uri?partnerID=HzOxMe3b&scp=85183921977&origin=inward,2024-01-01,5,energy ; membrane ; microbial fuel cells ; treatment ; wastewater,N/A,N/A,Yes,"All Open Access, Gold, Green"
ARNIZA GHAZALI,7007075138,Materials Letters,https://www.scopus.com/inward/record.uri?partnerID=HzOxMe3b&scp=105012218621&origin=inward,2025-12-15,0,Biomass ; Circularity ; Crop resilience ; Nano-rhizosphere ; Pyrogenic minerals ; Silica ; XHR FESEM,N/A,N/A,Yes,"All Open Access, Hybrid Gold"
ARNIZA GHAZALI,7007075138,International Journal of Agricultural Resources Governance and Ecology,https://www.scopus.com/inward/record.uri?partnerID=HzOxMe3b&scp=105026078974&origin=inward,2025-01-01,0,bioeconomy ; circular bioeconomy ; circular economy ; education systems ; HEIs ; higher education institutions ; innovative education models ; national needs-to-skill alignment ; reskilling ; sustainability ; talent development ; upskilling,N/A,N/A,Yes,"All Open Access, Hybrid Gold"
ARNIZA GHAZALI,7007075138,ACS Symposium Series,https://www.scopus.com/inward/record.uri?partnerID=HzOxMe3b&scp=85209715915&origin=inward,2024-10-01,0,N/A,N/A,N/A,No,
ARNIZA GHAZALI,7007075138,Handbook of Biorefinery Research and Technology Production of Biofuels and Biochemicals,https://www.scopus.com/inward/record.uri?partnerID=HzOxMe3b&scp=105001912755&origin=inward,2024-08-31,2,Briquette ; Energy ; Forest biomass ; Fuel ; Fuel-blending ; Logging residues ; Pellet,N/A,N/A,Yes,"All Open Access, Gold"
ARNIZA GHAZALI,7007075138,Global Journal Al Thaqafah,https://www.scopus.com/inward/record.uri?partnerID=HzOxMe3b&scp=85200546572&origin=inward,2024-07-01,2,Academic Misconduct ; Circularity ; Nation Building ; Plagiarism ; Talent,N/A,N/A,No,
ARNIZA GHAZALI,7007075138,Heliyon,https://www.scopus.com/inward/record.uri?partnerID=HzOxMe3b&scp=85192761943&origin=inward,2024-05-30,3,Alkaline peroxide ; Biomass ; Circularity ; Delamination ; Dioxydanyl radical ; EFB ; Nano-functional,N/A,N/A,Yes,"All Open Access, Gold, Green"
AZFARALARIFF AHMAD,57203963187,Biofuels Bioproducts and Biorefining,https://www.scopus.com/inward/record.uri?partnerID=HzOxMe3b&scp=105001814461&origin=inward,2025-11-01,6,aerogel ; agriculture waste ; bioadsorbent ; cellulose ; durian,N/A,N/A,Yes,"All Open Access, Bronze"
AZFARALARIFF AHMAD,57203963187,International Journal of Biological Macromolecules,https://www.scopus.com/inward/record.uri?partnerID=HzOxMe3b&scp=86000739339&origin=inward,2025-05-01,10,Biopolymers ; Commercialization ; Edible films ; Manufacturing conditions ; Optimization strategies ; Scale-up,N/A,N/A,No,"All Open Access, Green"
AZFARALARIFF AHMAD,57203963187,Malaysian Applied Biology,https://www.scopus.com/inward/record.uri?partnerID=HzOxMe3b&scp=85208412767&origin=inward,2024-10-27,0,ATM protein ; DNA damage ; human health ; MRN Complex ; RAD50 gene,N/A,N/A,Yes,"All Open Access, Gold, Green"
AZFARALARIFF AHMAD,57203963187,Malaysian Applied Biology,https://www.scopus.com/inward/record.uri?partnerID=HzOxMe3b&scp=85208441996&origin=inward,2024-10-27,0,Danio rerio ; DNA repair ; Human ; in-silico ; RAD50,N/A,N/A,Yes,"All Open Access, Gold"
AZFARALARIFF AHMAD,57203963187,Fibers and Polymers,https://www.scopus.com/inward/record.uri?partnerID=HzOxMe3b&scp=85197558620&origin=inward,2024-08-01,16,Applications ; Biocomposites ; Natural fibers ; Reinforcement ; Thermoplastic elastomer,N/A,N/A,No,
AZFARALARIFF AHMAD,57203963187,Express Polymer Letters,https://www.scopus.com/inward/record.uri?partnerID=HzOxMe3b&scp=85193681598&origin=inward,2024-07-01,4,3D X-ray imaging ; bioaerogel ; cellulose nanofibers ; seaweed ; supercritical CO2,N/A,N/A,Yes,"All Open Access, Gold, Green"
AZFARALARIFF AHMAD,57203963187,Polymer Composites,https://www.scopus.com/inward/record.uri?partnerID=HzOxMe3b&scp=85186436704&origin=inward,2024-05-10,2,biopolymer ; extracted residue ; macroalgae ; microparticle ; Patchouli,N/A,N/A,Yes,"All Open Access, Bronze"
AZFARALARIFF AHMAD,57203963187,Bioresource Technology Reports,https://www.scopus.com/inward/record.uri?partnerID=HzOxMe3b&scp=85179000568&origin=inward,2024-02-01,22,Bast fiber nonwoven ; Biopolymer ; Chemical modification ; Spent coffee grounds ; Sustainable packaging,N/A,N/A,No,
AZFARALARIFF AHMAD,57203963187,Polymer Engineering and Science,https://www.scopus.com/inward/record.uri?partnerID=HzOxMe3b&scp=85178411940&origin=inward,2024-02-01,8,bioaerogel ; cellulose nanofiber ; eco-friendly ; freeze–thaw ; palm oil empty fruit bunch ; water resistant,N/A,N/A,No,
AZFARALARIFF AHMAD,57203963187,International Journal of Biological Macromolecules,https://www.scopus.com/inward/record.uri?partnerID=HzOxMe3b&scp=85180535889&origin=inward,2024-02-01,13,Adsorption ; Aerogel ; Environmental application ; Health care ; Methylene blue ; Nanocellulose ; Spent coffee,N/A,N/A,No,
AZFARALARIFF AHMAD,57203963187,International Journal of Food Science and Technology,https://www.scopus.com/inward/record.uri?partnerID=HzOxMe3b&scp=85176114316&origin=inward,2024-01-01,4,Characterisation ; extraction ; gel strength ; gelatine ; hard capsule ; molecular weight ; tilapia,N/A,N/A,Yes,"All Open Access, Bronze"
AZHAR MAT EASA,55400960500,Sains Malaysiana,https://www.scopus.com/inward/record.uri?partnerID=HzOxMe3b&scp=105035891032&origin=inward,2026-03-01,0,Rheology ; salt substitutes ; sensory evaluation ; sodium reduction ; sweet Thai chili sauce,N/A,N/A,Yes,"All Open Access, Gold"
AZHAR MAT EASA,55400960500,Journal of Food Science and Technology,https://www.scopus.com/inward/record.uri?partnerID=HzOxMe3b&scp=85211901741&origin=inward,2025-11-01,0,Food Neophobia Scale ; Insect Phobia Scale ; Malaysian ; Migratory locust ; Willingness to Consume,N/A,N/A,No,"All Open Access, Green"
AZHAR MAT EASA,55400960500,International Journal of Food Science and Technology,https://www.scopus.com/inward/record.uri?partnerID=HzOxMe3b&scp=105025902019&origin=inward,2025-07-01,0,fermentation ; flour ; noodles ; sensoryu evaluation ; texture,N/A,N/A,Yes,"All Open Access, Gold"
AZHAR MAT EASA,55400960500,Food Science and Nutrition,https://www.scopus.com/inward/record.uri?partnerID=HzOxMe3b&scp=105005201706&origin=inward,2025-04-01,0,fermented rice noodles ; quality attributes ; Saccharomyces cerevisiae ; starch ; yeast fermentation,N/A,N/A,Yes,"All Open Access, Hybrid Gold, Green"
AZHAR MAT EASA,55400960500,Food Quality and Safety,https://www.scopus.com/inward/record.uri?partnerID=HzOxMe3b&scp=105014967803&origin=inward,2025-01-01,2,moisture ; Pineapple jam ; syneresis ; texture ; water activity,N/A,N/A,Yes,"All Open Access, Gold"
AZHAR MAT EASA,55400960500,Journal of Supercritical Fluids,https://www.scopus.com/inward/record.uri?partnerID=HzOxMe3b&scp=85206884892&origin=inward,2025-01-01,2,Kinetic study ; Oil palm fruits ; Response surface methodology ; ScCO2 extraction ; Thermodynamic modelling ; Virgin palm oil,N/A,N/A,No,
AZHAR MAT EASA,55400960500,Food Science and Biotechnology,https://www.scopus.com/inward/record.uri?partnerID=HzOxMe3b&scp=85197929850&origin=inward,2025-01-01,9,Complexation ; Fermentation ; Lentil proteins ; Water kefir grains ; Whey proteins,N/A,N/A,Yes,"All Open Access, Hybrid Gold, Green"
AZHAR MAT EASA,55400960500,International Food Research Journal,https://www.scopus.com/inward/record.uri?partnerID=HzOxMe3b&scp=85199753904&origin=inward,2024-06-01,1,canned dodol ; curdlan ; physical ; sensory properties ; textural,N/A,N/A,Yes,"All Open Access, Bronze"
AZHAR MAT EASA,55400960500,Food Research,https://www.scopus.com/inward/record.uri?partnerID=HzOxMe3b&scp=85190259865&origin=inward,2024-02-01,1,Flavonoids ; Optimisation ; Ultrasound-assisted extraction ; Zhenghe white tea,N/A,N/A,Yes,"All Open Access, Gold"
AZNIWATI ABD AZIZ,36665790400,Polymer Bulletin,https://www.scopus.com/inward/record.uri?partnerID=HzOxMe3b&scp=105035322701&origin=inward,2026-06-01,0,Amphiphobic surfaces ; Bio-based polymers ; Cellulose surface modification ; Chitosan-based emulsions ; Polymer coatings ; Wax–polymer interactions,N/A,N/A,No,
AZNIWATI ABD AZIZ,36665790400,Express Polymer Letters,https://www.scopus.com/inward/record.uri?partnerID=HzOxMe3b&scp=105011301612&origin=inward,2025-09-01,4,bio-binder ; biocomposite ; biopolymer ; recycling ; sustainable materials,N/A,N/A,Yes,"All Open Access, Gold, Green"
AZNIWATI ABD AZIZ,36665790400,Iranian Polymer Journal English Edition,https://www.scopus.com/inward/record.uri?partnerID=HzOxMe3b&scp=105004036770&origin=inward,2025-06-01,1,Corrosion ; Density functional theory ; Epoxy ; Microcrystalline cellulose ; Primer coating,N/A,N/A,No,
AZNIWATI ABD AZIZ,36665790400,Malaysian Journal of Chemistry,https://www.scopus.com/inward/record.uri?partnerID=HzOxMe3b&scp=105014410836&origin=inward,2025-01-01,0,carbon black ; Conductive ink ; epoxy ; graphite ; polyethylene terephthalate,N/A,N/A,Yes,"All Open Access, Bronze"
AZNIWATI ABD AZIZ,36665790400,Malaysian Journal of Chemistry,https://www.scopus.com/inward/record.uri?partnerID=HzOxMe3b&scp=105008299507&origin=inward,2025-01-01,0,adhesion ; polyester ; primer coating ; Self-healing ; thermoplastic polyurethane,N/A,N/A,Yes,"All Open Access, Bronze"
AZNIWATI ABD AZIZ,36665790400,Materials Today Sustainability,https://www.scopus.com/inward/record.uri?partnerID=HzOxMe3b&scp=85200138832&origin=inward,2024-09-01,1,Autoclave fibre cement composite ; Oil pam empty fruit bunch pulp ; Radiata pine pulp,N/A,N/A,No,
AZNIWATI ABD AZIZ,36665790400,Polymer Engineering and Science,https://www.scopus.com/inward/record.uri?partnerID=HzOxMe3b&scp=85191755592&origin=inward,2024-07-01,4,biocomposites ; biological treatment ; blended bioplastic ; spent coffee ground,N/A,N/A,Yes,"All Open Access, Bronze"
AZNIWATI ABD AZIZ,36665790400,International Journal of Biological Macromolecules,https://www.scopus.com/inward/record.uri?partnerID=HzOxMe3b&scp=85189662329&origin=inward,2024-05-01,20,Biocomposites ; Biological treatment ; Spent coffee ground,N/A,N/A,No,
CHARLES NG,57216745776,Journal of Soil Science and Plant Nutrition,https://www.scopus.com/inward/record.uri?partnerID=HzOxMe3b&scp=105039464117&origin=inward,2026-06-01,0,Alginate composite ; Bacillus subtilis ; Controlled-release fertilizer ; Microbial biopolymer coating ; Nutrient release modelling ; Soil nutrient retention,N/A,N/A,No,
CHARLES NG,57216745776,Biological Agriculture and Horticulture,https://www.scopus.com/inward/record.uri?partnerID=HzOxMe3b&scp=105016716985&origin=inward,2026-01-01,0,Bacillus subtilis ; Bio-coated fertiliser ; goat manure ; Saccharum officinarum L ; Zea mays L,N/A,N/A,No,"All Open Access, Green"
CHARLES NG,57216745776,Tropical Animal Health and Production,https://www.scopus.com/inward/record.uri?partnerID=HzOxMe3b&scp=105027162583&origin=inward,2026-01-01,0,Broiler chickens ; Feed conversion ratio ; Fermented foods ; Meat quality ; Probiotics,N/A,N/A,No,
CHARLES NG,57216745776,International Journal of River Basin Management,https://www.scopus.com/inward/record.uri?partnerID=HzOxMe3b&scp=105009511106&origin=inward,2025-01-01,0,drinking water ; pathogenic bacteria ; rates of attachment ; rates of detachment ; Riverbank filtration (RBF),N/A,N/A,No,
CHARLES NG,57216745776,Microbiology and Biotechnology Letters,https://www.scopus.com/inward/record.uri?partnerID=HzOxMe3b&scp=85214969709&origin=inward,2024-12-28,2,Ammonia reduction ; ANOVA ; Bacillus subtilis ; central composite design (CCD) ; liquid phase ; response surface methodology (RSM),N/A,N/A,Yes,"All Open Access, Bronze"
CHARLES NG,57216745776,Environmental Science and Pollution Research,https://www.scopus.com/inward/record.uri?partnerID=HzOxMe3b&scp=85200410220&origin=inward,2024-08-01,6,Batch and continuous modes ; Heavy metal removal ; Leachate treatment ; Membrane bioreactor ; Phycoremediation agent ; Scenedesmussp,N/A,N/A,No,
CHE KU ABDULLAH CHE KU ALAM,36477042900,Biomass and Bioenergy,https://www.scopus.com/inward/record.uri?partnerID=HzOxMe3b&scp=105027037573&origin=inward,2026-06-01,3,Barrier performance ; Biopolymer nanocomposites ; Circular bioeconomy ; Kappaphycus alvarezii ; Seaweed biomass ; Silica nanoparticle ; Sustainable packaging,N/A,N/A,No,
CHE KU ABDULLAH CHE KU ALAM,36477042900,Bioresource Technology Reports,https://www.scopus.com/inward/record.uri?partnerID=HzOxMe3b&scp=105029719710&origin=inward,2026-06-01,0,Biodegradable nanocomposites ; Interfacial interactions ; Raman spectroscopy ; Rice husk-derived silica nanoparticles ; Seaweed biopolymer ; Sustainable materials,N/A,N/A,No,
CHE KU ABDULLAH CHE KU ALAM,36477042900,Journal of Environmental Chemical Engineering,https://www.scopus.com/inward/record.uri?partnerID=HzOxMe3b&scp=105025029481&origin=inward,2026-02-01,4,Barrier properties ; Bio-nanocomposites ; Rice husk silica nanoparticles ; Seaweed films ; Sustainable packaging,N/A,N/A,No,
CHE KU ABDULLAH CHE KU ALAM,36477042900,Polymer Engineering and Science,https://www.scopus.com/inward/record.uri?partnerID=HzOxMe3b&scp=105021268279&origin=inward,2026-01-01,1,biodegradable packaging ; biofiller ; PHBV biocomposites ; spent coffee grounds ; sustainable materials ; waste valorization,N/A,N/A,No,
CHE KU ABDULLAH CHE KU ALAM,36477042900,International Journal of Biological Macromolecules,https://www.scopus.com/inward/record.uri?partnerID=HzOxMe3b&scp=105018932111&origin=inward,2025-11-01,1,3D printing ; Additive manufacturing ; Nanocomposites ; Polymer composites ; Reinforcement,N/A,N/A,No,
CHE KU ABDULLAH CHE KU ALAM,36477042900,Biofuels Bioproducts and Biorefining,https://www.scopus.com/inward/record.uri?partnerID=HzOxMe3b&scp=105001814461&origin=inward,2025-11-01,6,aerogel ; agriculture waste ; bioadsorbent ; cellulose ; durian,N/A,N/A,Yes,"All Open Access, Bronze"
CHE KU ABDULLAH CHE KU ALAM,36477042900,International Journal of Biological Macromolecules,https://www.scopus.com/inward/record.uri?partnerID=HzOxMe3b&scp=105015151035&origin=inward,2025-10-01,5,Biofilm ; Cellulose nanofiber ; Hydrophobicity ; Semi-refined carrageenan ; Triethoxymethylsilane,N/A,N/A,No,
CHE KU ABDULLAH CHE KU ALAM,36477042900,Jordan Journal of Mechanical and Industrial Engineering,https://www.scopus.com/inward/record.uri?partnerID=HzOxMe3b&scp=105021402110&origin=inward,2025-09-01,0,Acoustic absorption ; Bio-composite materials ; Mechanical systems noise control ; Micro-perforated panel (MPP) ; Sustainable engineering materials,N/A,N/A,Yes,"All Open Access, Bronze"
CHE KU ABDULLAH CHE KU ALAM,36477042900,Composites Communications,https://www.scopus.com/inward/record.uri?partnerID=HzOxMe3b&scp=105007165981&origin=inward,2025-08-01,5,3D printing ; Biopolymer ; Nanocellulose ; Nanocomposites ; Polymer blend,N/A,N/A,No,
CHE KU ABDULLAH CHE KU ALAM,36477042900,Bioresource Technology Reports,https://www.scopus.com/inward/record.uri?partnerID=HzOxMe3b&scp=105005065363&origin=inward,2025-06-01,7,Biopolymer ; Circular bioeconomy ; Lignin extraction ; Patchouli waste fiber ; Spent coffee grounds,N/A,N/A,No,
CHE KU ABDULLAH CHE KU ALAM,36477042900,Polymer Engineering and Science,https://www.scopus.com/inward/record.uri?partnerID=HzOxMe3b&scp=105001022985&origin=inward,2025-05-01,6,biofilm ; cellulose nanofiber ; raw seaweed ; semi-refined carrageenan ; sustainable packaging,N/A,N/A,Yes,"All Open Access, Bronze"
CHE KU ABDULLAH CHE KU ALAM,36477042900,International Journal of Biological Macromolecules,https://www.scopus.com/inward/record.uri?partnerID=HzOxMe3b&scp=85217950216&origin=inward,2025-05-01,18,Fire resistance ; Flammability ; Natural fibre ; Polymer composites ; Thermal,N/A,N/A,No,
CHE KU ABDULLAH CHE KU ALAM,36477042900,Express Polymer Letters,https://www.scopus.com/inward/record.uri?partnerID=HzOxMe3b&scp=85216924786&origin=inward,2025-03-01,9,biofiller ; biopolymer ; compatibility ; extracted lignin ; polymer blend,N/A,N/A,Yes,"All Open Access, Gold, Green"
CHE KU ABDULLAH CHE KU ALAM,36477042900,Clean Technologies and Environmental Policy,https://www.scopus.com/inward/record.uri?partnerID=HzOxMe3b&scp=85213278068&origin=inward,2025-02-01,9,Biopolymers ; Cellulose ; Cellulose derivatives ; Fruit peel ; Sustainable materials ; Tropical fruit,N/A,N/A,No,
CHE KU ABDULLAH CHE KU ALAM,36477042900,International Journal of Biological Macromolecules,https://www.scopus.com/inward/record.uri?partnerID=HzOxMe3b&scp=85197340005&origin=inward,2024-08-01,74,Lignin properties ; Lignin utilization ; Technical lignin,N/A,N/A,No,
CHE KU ABDULLAH CHE KU ALAM,36477042900,Polymer Composites,https://www.scopus.com/inward/record.uri?partnerID=HzOxMe3b&scp=85190378187&origin=inward,2024-07-10,26,biocomposite ; microfiller ; PHBV ; spent coffee grounds ; sustainable packaging,N/A,N/A,No,
CHE KU ABDULLAH CHE KU ALAM,36477042900,Express Polymer Letters,https://www.scopus.com/inward/record.uri?partnerID=HzOxMe3b&scp=85193681598&origin=inward,2024-07-01,4,3D X-ray imaging ; bioaerogel ; cellulose nanofibers ; seaweed ; supercritical CO2,N/A,N/A,Yes,"All Open Access, Gold, Green"
CHE KU ABDULLAH CHE KU ALAM,36477042900,Polymer Bulletin,https://www.scopus.com/inward/record.uri?partnerID=HzOxMe3b&scp=85180507371&origin=inward,2024-06-01,21,DMA ; Modulus ; Polymer composites ; Sugar palm fiber,N/A,N/A,No,
CHE KU ABDULLAH CHE KU ALAM,36477042900,Polymer Composites,https://www.scopus.com/inward/record.uri?partnerID=HzOxMe3b&scp=85186436704&origin=inward,2024-05-10,2,biopolymer ; extracted residue ; macroalgae ; microparticle ; Patchouli,N/A,N/A,Yes,"All Open Access, Bronze"
CHE KU ABDULLAH CHE KU ALAM,36477042900,Polymer Composites,https://www.scopus.com/inward/record.uri?partnerID=HzOxMe3b&scp=85184257173&origin=inward,2024-05-10,10,bionanocomposites ; biopolymer ; hydrophobicity ; kappa-carrageenan ; lignin nanoparticles ; mechanical ; reinforcement,N/A,N/A,No,
CHE KU ABDULLAH CHE KU ALAM,36477042900,International Journal of Biological Macromolecules,https://www.scopus.com/inward/record.uri?partnerID=HzOxMe3b&scp=85189656485&origin=inward,2024-05-01,29,Biodegradability ; Biofiller ; Biopolymer composites ; Compatibility ; Sustainable packaging,N/A,N/A,No,
CHE KU ABDULLAH CHE KU ALAM,36477042900,Bioresource Technology Reports,https://www.scopus.com/inward/record.uri?partnerID=HzOxMe3b&scp=85179000568&origin=inward,2024-02-01,22,Bast fiber nonwoven ; Biopolymer ; Chemical modification ; Spent coffee grounds ; Sustainable packaging,N/A,N/A,No,
CHE KU ABDULLAH CHE KU ALAM,36477042900,Polymer Engineering and Science,https://www.scopus.com/inward/record.uri?partnerID=HzOxMe3b&scp=85178411940&origin=inward,2024-02-01,8,bioaerogel ; cellulose nanofiber ; eco-friendly ; freeze–thaw ; palm oil empty fruit bunch ; water resistant,N/A,N/A,No,
LAI HOONG CHENG,15824798900,Food Science and Nutrition,https://www.scopus.com/inward/record.uri?partnerID=HzOxMe3b&scp=105035707430&origin=inward,2026-04-01,0,bioactive peptides ; Chlamydomonas reinhardtii ; diabetes management ; functional foods ; hypoglycaemic activity,N/A,N/A,Yes,"All Open Access, Hybrid Gold, Green"
LAI HOONG CHENG,15824798900,Foods,https://www.scopus.com/inward/record.uri?partnerID=HzOxMe3b&scp=105032757243&origin=inward,2026-03-01,2,algae-derived peptides ; applications ; bioactive functionalities ; computational technology ; structure–activity relationships ; sustainable resources,N/A,N/A,Yes,"All Open Access, Gold, Green"
LAI HOONG CHENG,15824798900,Starch Staerke,https://www.scopus.com/inward/record.uri?partnerID=HzOxMe3b&scp=105029017688&origin=inward,2026-01-01,0,carbohydrate valorization ; cellulase ; enzymatic hydrolysis ; fat substitution ; pectinase ; pumpkin–carrot matrix,N/A,N/A,Yes,"All Open Access, Bronze"
LAI HOONG CHENG,15824798900,Journal of Food Measurement and Characterization,https://www.scopus.com/inward/record.uri?partnerID=HzOxMe3b&scp=105017498523&origin=inward,2025-12-01,0,Glucono-delta-lactone (GDL) ; Oat rice ; Physicochemical properties ; Quick-cooking cereals ; Rehydration kinetics ; Texture profile analysis (TPA),N/A,N/A,Yes,"All Open Access, Hybrid Gold"
LAI HOONG CHENG,15824798900,Food Chemistry X,https://www.scopus.com/inward/record.uri?partnerID=HzOxMe3b&scp=105018575780&origin=inward,2025-10-01,6,Antimicrobial peptides ; Chlamydomonas reinhardtii ; Mechanism ; Molecular docking ; Salmonella,N/A,N/A,Yes,"All Open Access, Gold, Green"
LAI HOONG CHENG,15824798900,Journal of Food Measurement and Characterization,https://www.scopus.com/inward/record.uri?partnerID=HzOxMe3b&scp=105004364082&origin=inward,2025-07-01,3,Extensibility ; Flour composite ; Imitation cheese ; Starch ; Stretchability ; Stringiness,N/A,N/A,No,"All Open Access, Green"
LAI HOONG CHENG,15824798900,Nutrition and Food Science,https://www.scopus.com/inward/record.uri?partnerID=HzOxMe3b&scp=105004671385&origin=inward,2025-05-27,4,Enzymatic hydrolysis ; Extrusion ; Food innovation ; Functional properties ; High-hydrostatic pressure ; Industrial feasibility ; Oat processing advancements ; Sustainable food processing,N/A,N/A,No,
LAI HOONG CHENG,15824798900,Efood,https://www.scopus.com/inward/record.uri?partnerID=HzOxMe3b&scp=105000272143&origin=inward,2025-04-01,1,cytochrome P450 (CYP61) ; food safety ; metagenomic analysis ; microbial consortium ; T-2 toxin degradation,N/A,N/A,Yes,"All Open Access, Gold, Green"
LAI HOONG CHENG,15824798900,Foods,https://www.scopus.com/inward/record.uri?partnerID=HzOxMe3b&scp=105003552283&origin=inward,2025-04-01,3,crayfish ; kinetic model ; quantity ; shelf-life ; storage period,N/A,N/A,Yes,"All Open Access, Gold, Green"
LAI HOONG CHENG,15824798900,Proceedings of Engineering and Technology Innovation,https://www.scopus.com/inward/record.uri?partnerID=HzOxMe3b&scp=85218772399&origin=inward,2025-02-10,0,anomaly detection ; edible bird’s nest (EBN) ; impurity segmentation ; intensity inhomogeneity (IIH) ; β-variational autoencoder (β-VAE),N/A,N/A,Yes,"All Open Access, Gold, Green"
LAI HOONG CHENG,15824798900,Frontiers in Nutrition,https://www.scopus.com/inward/record.uri?partnerID=HzOxMe3b&scp=105025542224&origin=inward,2025-01-01,5,dominant strains ; fermentation ; kombucha ; sensory quality ; synthetic consortia,N/A,N/A,Yes,"All Open Access, Gold, Green"
LAI HOONG CHENG,15824798900,Current Research in Nutrition and Food Science,https://www.scopus.com/inward/record.uri?partnerID=HzOxMe3b&scp=85214010670&origin=inward,2024-12-01,0,Chlamydomonas Reinhardtii ; Natural Preservatives ; Protein Extraction ; Shrimp Preservation ; Total Viable Count,N/A,N/A,Yes,"All Open Access, Gold"
LAI HOONG CHENG,15824798900,Journal of Texture Studies,https://www.scopus.com/inward/record.uri?partnerID=HzOxMe3b&scp=85177239368&origin=inward,2024-02-01,6,cheese ; extensibility ; imitation cheese ; mozzarella cheese ; stretchability ; stringiness,N/A,N/A,No,
LAI HOONG CHENG,15824798900,Frontiers in Microbiology,https://www.scopus.com/inward/record.uri?partnerID=HzOxMe3b&scp=85203135863&origin=inward,2024-01-01,19,clean fermentation ; kombucha ; metabolome ; microbial identification ; symbiosis,N/A,N/A,Yes,"All Open Access, Gold, Green"
EFFARIZAH MOHD ESAH,56938698000,Journal of Food Science and Technology,https://www.scopus.com/inward/record.uri?partnerID=HzOxMe3b&scp=105033395422&origin=inward,2026-01-01,0,Lightness ; Microbial ; pH ; Potassium sorbate ; Sodium-free ; White salted noodles,N/A,N/A,No,
EFFARIZAH MOHD ESAH,56938698000,Foods,https://www.scopus.com/inward/record.uri?partnerID=HzOxMe3b&scp=105026011508&origin=inward,2025-12-01,3,adhesion ; biofilm ; lactic acid bacteria ; stress resistance,N/A,N/A,Yes,"All Open Access, Gold, Green"
EFFARIZAH MOHD ESAH,56938698000,Food Bioscience,https://www.scopus.com/inward/record.uri?partnerID=HzOxMe3b&scp=85218850919&origin=inward,2025-04-01,8,Aspergillus flavus ; Aspergillus niger ; Chilli ; Essential oils,N/A,N/A,No,
EFFARIZAH MOHD ESAH,56938698000,Frontiers in Microbiology,https://www.scopus.com/inward/record.uri?partnerID=HzOxMe3b&scp=85215522621&origin=inward,2024-01-01,15,biofilm ; encapsulation ; Lactobacillus ; quorum sensing ; stress resistance,N/A,N/A,Yes,"All Open Access, Gold, Green"
FAHEEM ULLAH,56742959600,ACS Omega,https://www.scopus.com/inward/record.uri?partnerID=HzOxMe3b&scp=105042514748&origin=inward,2026-06-23,0,N/A,N/A,N/A,Yes,"All Open Access, Gold"
FAHEEM ULLAH,56742959600,Polymer,https://www.scopus.com/inward/record.uri?partnerID=HzOxMe3b&scp=105038211687&origin=inward,2026-06-18,0,Injectable hydrogel ; Naltrexone ; Sustained release,N/A,N/A,No,
FAHEEM ULLAH,56742959600,Microbial Pathogenesis,https://www.scopus.com/inward/record.uri?partnerID=HzOxMe3b&scp=105027184294&origin=inward,2026-02-01,2,Biofilm ; Chitosan ; Colistin ; Injectable hydrogels ; Methacrylic acid ; Nanoparticles,N/A,N/A,No,
FAHEEM ULLAH,56742959600,International Journal of Biological Macromolecules,https://www.scopus.com/inward/record.uri?partnerID=HzOxMe3b&scp=105012310163&origin=inward,2025-09-01,9,Angiogenesis ; Biochemical analysis ; Biomimetic 3D scaffolds ; ECM remodeling ; Healing,N/A,N/A,No,
FAHEEM ULLAH,56742959600,Journal of Applied Polymer Science,https://www.scopus.com/inward/record.uri?partnerID=HzOxMe3b&scp=105002168869&origin=inward,2025-05-15,6,catalyst ; dyes ; hydrogel ; nitrocompounds ; silver nanoparticles,N/A,N/A,Yes,"All Open Access, Bronze"
FAHEEM ULLAH,56742959600,Pharmaceuticals,https://www.scopus.com/inward/record.uri?partnerID=HzOxMe3b&scp=105003666864&origin=inward,2025-04-01,2,antifungal activity ; antimicrobial resistance ; biofilm ; calcofluor white ; Candida auris ; candidemia ; chitosan ; hydrogel,N/A,N/A,Yes,"All Open Access, Gold, Green"
FAHEEM ULLAH,56742959600,International Journal of Adhesion and Adhesives,https://www.scopus.com/inward/record.uri?partnerID=HzOxMe3b&scp=85215982553&origin=inward,2025-03-01,12,Adhesives ; Hydrogels ; Interactions ; Solid surfaces ; Toughness,N/A,N/A,No,
FAHEEM ULLAH,56742959600,Frontiers in Dental Medicine,https://www.scopus.com/inward/record.uri?partnerID=HzOxMe3b&scp=105022100027&origin=inward,2025-01-01,0,antimicrobial activity ; biocompatibility ; cytotoxicity ; drug delivery ; mesenchymal stem cell derived exosomes ; mucoadhesive hydrogel ; oral ulcers,N/A,N/A,Yes,"All Open Access, Gold, Green"
FAHEEM ULLAH,56742959600,Biomedical Materials Bristol,https://www.scopus.com/inward/record.uri?partnerID=HzOxMe3b&scp=85212591146&origin=inward,2025-01-01,10,anticancer ; core-shell ; drug delivery ; electrospinning ; magnetoelectric ; nanofibers,N/A,N/A,No,
FAHEEM ULLAH,56742959600,Pharmaceuticals,https://www.scopus.com/inward/record.uri?partnerID=HzOxMe3b&scp=85197316075&origin=inward,2024-06-01,8,chitosan ; disulfiram ; ethanol ; injectable hydrogel ; naltrexone ; sustained release,N/A,N/A,Yes,"All Open Access, Gold, Green"
FAHEEM ULLAH,56742959600,Biomedical Physics and Engineering Express,https://www.scopus.com/inward/record.uri?partnerID=HzOxMe3b&scp=85190721102&origin=inward,2024-05-01,18,absorbable ; guided bone regeneration (GBR) ; guided tissue regeneration (GTR) ; non-absorbable,N/A,N/A,Yes,"All Open Access, Hybrid Gold"
FAHEEM ULLAH,56742959600,Nanotechnology in the Life Sciences,https://www.scopus.com/inward/record.uri?partnerID=HzOxMe3b&scp=85216087572&origin=inward,2024-01-01,3,Gene delivery ; Nano-antimicrobials ; Nanofertilizers ; Nanofungicides ; Drug Delivery System,N/A,N/A,No,
FAHEEM ULLAH,56742959600,Human Microbiome Techniques Strategies and Therapeutic Potential,https://www.scopus.com/inward/record.uri?partnerID=HzOxMe3b&scp=105003520500&origin=inward,2024-01-01,0,Dysbiosis ; Immunological disorders ; Microbiome ; Microbiome-based interventions ; Probiotics,N/A,N/A,No,
HARLINA AHMAD,57205330874,Pertanika Journal of Science and Technology,https://www.scopus.com/inward/record.uri?partnerID=HzOxMe3b&scp=85185281271&origin=inward,2024-01-01,14,Carbofuran ; degradation ; fate ; metabolic pathways ; metabolites ; toxicity ; usage,N/A,N/A,Yes,"All Open Access, Hybrid Gold"
HARLINA AHMAD,57205330874,Multidisciplinary Applications of Marine Resources A Step Towards Green and Sustainable Future,https://www.scopus.com/inward/record.uri?partnerID=HzOxMe3b&scp=105004979835&origin=inward,2024-01-01,1,Biological indicators ; Biomonitoring ; Climate change ; Mangrove coastal management ; Water quality,N/A,N/A,No,
HAYATI SAMSUDIN,23980929200,Journal of Food Measurement and Characterization,https://www.scopus.com/inward/record.uri?partnerID=HzOxMe3b&scp=105030552845&origin=inward,2026-05-01,1,Active packaging ; Antimicrobial ; CO₂ scavenger ; Fresh produce ; Quality parameters,N/A,N/A,Yes,"All Open Access, Hybrid Gold"
HAYATI SAMSUDIN,23980929200,Journal of Applied Polymer Science,https://www.scopus.com/inward/record.uri?partnerID=HzOxMe3b&scp=105014609156&origin=inward,2025-12-20,0,dyes/pigments ; packaging ; polyolefins ; sensors and actuators ; thermoplastics,N/A,N/A,No,
HAYATI SAMSUDIN,23980929200,Discover Food,https://www.scopus.com/inward/record.uri?partnerID=HzOxMe3b&scp=105005656597&origin=inward,2025-12-01,7,Banana fruit ; Chitosan coating ; Delay ripening ; Nanoclay ; Shelf-life extension,N/A,N/A,Yes,"All Open Access, Gold, Green"
HAYATI SAMSUDIN,23980929200,Journal of Food Measurement and Characterization,https://www.scopus.com/inward/record.uri?partnerID=HzOxMe3b&scp=105013584533&origin=inward,2025-11-01,4,Antimicrobial ; Co-precipitation technique ; Inclusion complex ; Kneading technique ; Volatile compounds,N/A,N/A,Yes,"All Open Access, Hybrid Gold"
HAYATI SAMSUDIN,23980929200,Journal of Food Science,https://www.scopus.com/inward/record.uri?partnerID=HzOxMe3b&scp=105002084582&origin=inward,2025-04-01,3,alginate beads ; antioxidant activity ; immobilized pectinase ; papaya juice ; pectin,N/A,N/A,No,
HAYATI SAMSUDIN,23980929200,Pertanika Journal of Science and Technology,https://www.scopus.com/inward/record.uri?partnerID=HzOxMe3b&scp=85219079330&origin=inward,2025-01-01,2,Differential scanning calorimetry ; ginger essential oil ; nanoemulsion ; pectin-based film ; tensile properties,N/A,N/A,Yes,"All Open Access, Hybrid Gold"
HAYATI SAMSUDIN,23980929200,Journal of Food Measurement and Characterization,https://www.scopus.com/inward/record.uri?partnerID=HzOxMe3b&scp=85207275156&origin=inward,2024-11-01,0,Porous starch ; Sago starch ; Starch carrier ; Starch modification,N/A,N/A,No,
HAYATI SAMSUDIN,23980929200,E Polymers,https://www.scopus.com/inward/record.uri?partnerID=HzOxMe3b&scp=85213731314&origin=inward,2024-01-01,2,acetyl groups ; acetylation ; degree of substitution ; encapsulation ; surface-modified tapioca starches,N/A,N/A,Yes,"All Open Access, Gold, Green"
HUSNUL AZAN TAJARUDIN,23767436800,Journal of Soil Science and Plant Nutrition,https://www.scopus.com/inward/record.uri?partnerID=HzOxMe3b&scp=105039464117&origin=inward,2026-06-01,0,Alginate composite ; Bacillus subtilis ; Controlled-release fertilizer ; Microbial biopolymer coating ; Nutrient release modelling ; Soil nutrient retention,N/A,N/A,No,
HUSNUL AZAN TAJARUDIN,23767436800,International Journal of Biological Macromolecules,https://www.scopus.com/inward/record.uri?partnerID=HzOxMe3b&scp=105029674841&origin=inward,2026-03-01,0,Antibacterial activity ; Artificial neural networks (ANN) ; CS-based materials ; Machine learning-assisted materials design ; Nanocomposite,N/A,N/A,No,
HUSNUL AZAN TAJARUDIN,23767436800,Biological Agriculture and Horticulture,https://www.scopus.com/inward/record.uri?partnerID=HzOxMe3b&scp=105016716985&origin=inward,2026-01-01,0,Bacillus subtilis ; Bio-coated fertiliser ; goat manure ; Saccharum officinarum L ; Zea mays L,N/A,N/A,No,"All Open Access, Green"
HUSNUL AZAN TAJARUDIN,23767436800,Tropical Animal Health and Production,https://www.scopus.com/inward/record.uri?partnerID=HzOxMe3b&scp=105027162583&origin=inward,2026-01-01,0,Broiler chickens ; Feed conversion ratio ; Fermented foods ; Meat quality ; Probiotics,N/A,N/A,No,
HUSNUL AZAN TAJARUDIN,23767436800,Journal of Environmental Chemical Engineering,https://www.scopus.com/inward/record.uri?partnerID=HzOxMe3b&scp=105021486092&origin=inward,2025-12-01,1,Bioprocess ; Bioreactor ; Environmental Bioprocess ; Fermentation ; Microbiology,N/A,N/A,No,
HUSNUL AZAN TAJARUDIN,23767436800,Biomass and Bioenergy,https://www.scopus.com/inward/record.uri?partnerID=HzOxMe3b&scp=105010564145&origin=inward,2025-11-01,6,Agricultural waste ; Bio-succinic acid ; Circular economy ; Fermentation ; Microbial bioconversion ; Zero waste,N/A,N/A,No,
HUSNUL AZAN TAJARUDIN,23767436800,International Journal of Ecosystems and Ecology Science,https://www.scopus.com/inward/record.uri?partnerID=HzOxMe3b&scp=105009475458&origin=inward,2025-03-01,0,Bacillus subtilis ; bioreactor and ammonia reduction ; eco-friendly bio-spray ; hazardous chemicals ; Odor pollution,N/A,N/A,Yes,"All Open Access, Bronze"
HUSNUL AZAN TAJARUDIN,23767436800,ASM Science Journal,https://www.scopus.com/inward/record.uri?partnerID=HzOxMe3b&scp=105018120955&origin=inward,2025-01-01,1,encapsulation ; Lactobacillus plantarum ; microcapsules ; prebiotic ; synbiotics,N/A,N/A,Yes,"All Open Access, Gold"
HUSNUL AZAN TAJARUDIN,23767436800,Open Life Sciences,https://www.scopus.com/inward/record.uri?partnerID=HzOxMe3b&scp=105000333713&origin=inward,2025-01-01,7,Bacillus species ; cellulolytic ability ; consortia ; landfill leachate ; lignocellulose biomass,N/A,N/A,Yes,"All Open Access, Gold, Green"
HUSNUL AZAN TAJARUDIN,23767436800,International Journal of River Basin Management,https://www.scopus.com/inward/record.uri?partnerID=HzOxMe3b&scp=105009511106&origin=inward,2025-01-01,0,drinking water ; pathogenic bacteria ; rates of attachment ; rates of detachment ; Riverbank filtration (RBF),N/A,N/A,No,
HUSNUL AZAN TAJARUDIN,23767436800,Journal of Hazardous Toxic and Radioactive Waste,https://www.scopus.com/inward/record.uri?partnerID=HzOxMe3b&scp=85210585925&origin=inward,2025-01-01,2,Biomass conversion ; Chicken manure ; Green technology ; Membraneless microbial fuel cell ; Renewable energy,N/A,N/A,No,
HUSNUL AZAN TAJARUDIN,23767436800,Bioremediation Journal,https://www.scopus.com/inward/record.uri?partnerID=HzOxMe3b&scp=105007618650&origin=inward,2025-01-01,0,Acetic acid ; bioremediation ; butyric acid ; Clostridium butyricum ; fermentation ; metals,N/A,N/A,No,
HUSNUL AZAN TAJARUDIN,23767436800,Microbiology and Biotechnology Letters,https://www.scopus.com/inward/record.uri?partnerID=HzOxMe3b&scp=85214969709&origin=inward,2024-12-28,2,Ammonia reduction ; ANOVA ; Bacillus subtilis ; central composite design (CCD) ; liquid phase ; response surface methodology (RSM),N/A,N/A,Yes,"All Open Access, Bronze"
HUSNUL AZAN TAJARUDIN,23767436800,Environmental Science and Pollution Research,https://www.scopus.com/inward/record.uri?partnerID=HzOxMe3b&scp=85200410220&origin=inward,2024-08-01,6,Batch and continuous modes ; Heavy metal removal ; Leachate treatment ; Membrane bioreactor ; Phycoremediation agent ; Scenedesmussp,N/A,N/A,No,
HUSNUL AZAN TAJARUDIN,23767436800,Energy Conversion and Management X,https://www.scopus.com/inward/record.uri?partnerID=HzOxMe3b&scp=85189652432&origin=inward,2024-04-01,6,Bioremediation ; Chicken manure ; Electricity generation ; Green technology ; Microbial fuel cell ; Waste management,N/A,N/A,Yes,"All Open Access, Gold"
HUSNUL AZAN TAJARUDIN,23767436800,Food Waste Valorization Emerging Trends Techno Economic and Environmental Considerations,https://www.scopus.com/inward/record.uri?partnerID=HzOxMe3b&scp=85205158434&origin=inward,2024-01-01,1,Food waste ; life-cycle assessment ; techno-economic analysis ; waste valorization,N/A,N/A,No,
HUSNUL AZAN TAJARUDIN,23767436800,Wood Material Science and Engineering,https://www.scopus.com/inward/record.uri?partnerID=HzOxMe3b&scp=85185145657&origin=inward,2024-01-01,0,leachate ; Rubberwood ; sodium acetate ; sodium butyrate ; wood preservation,N/A,N/A,No,
JAPARENG LALUNG,55645047600,Parasites and Vectors,https://www.scopus.com/inward/record.uri?partnerID=HzOxMe3b&scp=105029165520&origin=inward,2026-12-01,1,Aedes aegypti ; Aedes albopictus ; Attractive toxic sugar bait (ATSB) ; Banana ; Mango,N/A,N/A,Yes,"All Open Access, Gold, Green"
JAPARENG LALUNG,55645047600,International Journal of Energy Research,https://www.scopus.com/inward/record.uri?partnerID=HzOxMe3b&scp=105035254666&origin=inward,2026-01-01,0,advancements application ; goat hair ; natural fiber ; recycle natural materials ; waste management,N/A,N/A,Yes,"All Open Access, Gold"
JAPARENG LALUNG,55645047600,Journal of Tropical Biodiversity and Biotechnology,https://www.scopus.com/inward/record.uri?partnerID=HzOxMe3b&scp=105037853005&origin=inward,2026-01-01,0,Biofixation ; Biofuel ; Carbohydrate ; Extremophile ; Microalgae,N/A,N/A,Yes,"All Open Access, Gold"
JAPARENG LALUNG,55645047600,Journal of Water Process Engineering,https://www.scopus.com/inward/record.uri?partnerID=HzOxMe3b&scp=105022070326&origin=inward,2025-12-01,0,Biochar ; Diuron ; Melamine ; Phytoremediation ; Sustainable,N/A,N/A,No,
JAPARENG LALUNG,55645047600,Biotechnology Advances,https://www.scopus.com/inward/record.uri?partnerID=HzOxMe3b&scp=105007330970&origin=inward,2025-10-01,3,Additives ; Heterotrophic microbes ; Microbial plastic degradation ; Structural integrity weakening,N/A,N/A,No,
JAPARENG LALUNG,55645047600,Energy Nexus,https://www.scopus.com/inward/record.uri?partnerID=HzOxMe3b&scp=105010870494&origin=inward,2025-09-01,3,Algae biomass ; Algae cultivation ; Biodiesel feedstock ; Fatty acid ; Lipid productivity ; Nutrient removal,N/A,N/A,Yes,"All Open Access, Gold, Green"
JAPARENG LALUNG,55645047600,Water Environment Research,https://www.scopus.com/inward/record.uri?partnerID=HzOxMe3b&scp=105012390418&origin=inward,2025-08-01,4,activated carbon ; adsorption efficiency ; Langmuir equilibrium model ; reactive dyes ; wastewater treatment,N/A,N/A,No,
JAPARENG LALUNG,55645047600,Polymer Engineering and Science,https://www.scopus.com/inward/record.uri?partnerID=HzOxMe3b&scp=105000863718&origin=inward,2025-06-01,9,biocompatible ; biopolymers ; cosmetic applications ; green materials ; skin care,N/A,N/A,Yes,"All Open Access, Bronze"
JAPARENG LALUNG,55645047600,Environmental Technology and Innovation,https://www.scopus.com/inward/record.uri?partnerID=HzOxMe3b&scp=105000199650&origin=inward,2025-05-01,7,Algal immobilization ; Bacterial-cellulose ; Microalgae ; Nutrient removal,N/A,N/A,Yes,"All Open Access, Gold"
JAPARENG LALUNG,55645047600,Journal of Environmental Chemical Engineering,https://www.scopus.com/inward/record.uri?partnerID=HzOxMe3b&scp=85214315004&origin=inward,2025-02-01,3,Biochar ; Melamine ; Palm kernel shells ; Paraquat ; Water treatment,N/A,N/A,No,
JAPARENG LALUNG,55645047600,Advances in Geographic Information Science,https://www.scopus.com/inward/record.uri?partnerID=HzOxMe3b&scp=105026563605&origin=inward,2025-01-01,0,Arsenic ; Environmental assessment ; Fluoride ; Remediation technologie,N/A,N/A,No,
JAPARENG LALUNG,55645047600,DNA in Health Identity and Ancestry,https://www.scopus.com/inward/record.uri?partnerID=HzOxMe3b&scp=105027210305&origin=inward,2025-01-01,0,control region ; Kedayan ; Malaysia ; mtDNA ; population data,N/A,N/A,No,
JAPARENG LALUNG,55645047600,Euro Mediterranean Journal for Environmental Integration,https://www.scopus.com/inward/record.uri?partnerID=HzOxMe3b&scp=85192717345&origin=inward,2024-12-01,18,Hazards ; Human health ; Mechanisms ; Paraquat herbicide ; Toxicity,N/A,N/A,No,
JAPARENG LALUNG,55645047600,Blue Bioeconomy Value Added Products from Marine Algae and Microorganisms,https://www.scopus.com/inward/record.uri?partnerID=HzOxMe3b&scp=105006868043&origin=inward,2024-11-29,0,N/A,N/A,N/A,Yes,"All Open Access, Gold"
JAPARENG LALUNG,55645047600,Chemosphere,https://www.scopus.com/inward/record.uri?partnerID=HzOxMe3b&scp=85207072777&origin=inward,2024-11-01,14,"2,4-D ; Eichhornia crassipes ; Palm kernel shell ; Phytoremediation",N/A,N/A,Yes,"All Open Access, Hybrid Gold"
JAPARENG LALUNG,55645047600,Energy Conversion and Management X,https://www.scopus.com/inward/record.uri?partnerID=HzOxMe3b&scp=85194149501&origin=inward,2024-07-01,27,Biofuel ; Scenedesmus parvus algae ; Soxhlet extraction ; Sustainable utilization ; Waste to energy,N/A,N/A,Yes,"All Open Access, Gold, Green"
JAPARENG LALUNG,55645047600,Water Air and Soil Pollution,https://www.scopus.com/inward/record.uri?partnerID=HzOxMe3b&scp=85194285671&origin=inward,2024-06-01,3,Contaminated water ; Diuron ; Melamine ; Mesoporous biochar ; Palm kernel shells,N/A,N/A,No,
JAPARENG LALUNG,55645047600,Journal of Molecular Liquids,https://www.scopus.com/inward/record.uri?partnerID=HzOxMe3b&scp=85190508888&origin=inward,2024-05-01,13,"2,4-Dichlorophenoxyacetic acid ; Adsorption ; Melamine ; Modified biochar ; Palm Kernel Shells",N/A,N/A,No,
JAPARENG LALUNG,55645047600,Marine Bioprospecting for Sustainable Blue Bioeconomy,https://www.scopus.com/inward/record.uri?partnerID=HzOxMe3b&scp=105002210037&origin=inward,2024-01-01,0,N/A,N/A,N/A,No,
JAPARENG LALUNG,55645047600,Advances in Science Technology and Innovation,https://www.scopus.com/inward/record.uri?partnerID=HzOxMe3b&scp=85200661445&origin=inward,2024-01-01,0,Banana peels ; Green modification ; Natural coagulant ; River water ; Treatment,N/A,N/A,No,
JAPARENG LALUNG,55645047600,Frontiers in Microbiology,https://www.scopus.com/inward/record.uri?partnerID=HzOxMe3b&scp=85203996416&origin=inward,2024-01-01,3,bioremediation ; drug pollution ; environmental pollution ; PhACs ; pharmacologically active compounds,N/A,N/A,Yes,"All Open Access, Gold, Green"
JAPARENG LALUNG,55645047600,Scientific World Journal,https://www.scopus.com/inward/record.uri?partnerID=HzOxMe3b&scp=85183517990&origin=inward,2024-01-01,21,N/A,N/A,N/A,Yes,"All Open Access, Gold, Green"
JAPARENG LALUNG,55645047600,Malaysian Journal of Science,https://www.scopus.com/inward/record.uri?partnerID=HzOxMe3b&scp=85191981298&origin=inward,2024-01-01,0,banana wastes ; natural coagulant ; Plant-based coagulant ; waste biomass ; water treatment,N/A,N/A,Yes,"All Open Access, Hybrid Gold"
JAPARENG LALUNG,55645047600,International Journal of Phytoremediation,https://www.scopus.com/inward/record.uri?partnerID=HzOxMe3b&scp=85201186302&origin=inward,2024-01-01,5,Eichhornia crassipes ; palm kernel shells ; paraquat ; water remediation ; wetland plants,N/A,N/A,No,
JAPARENG LALUNG,55645047600,Multidisciplinary Applications of Marine Resources A Step Towards Green and Sustainable Future,https://www.scopus.com/inward/record.uri?partnerID=HzOxMe3b&scp=105004970833&origin=inward,2024-01-01,0,Biochar ; Bioremediation ; Industrial effluent ; Marine algae ; Pollutants,N/A,N/A,No,
KHALID SAYED,57222056951,Waste Management and Research,https://www.scopus.com/inward/record.uri?partnerID=HzOxMe3b&scp=105028101898&origin=inward,2026-06-01,0,circular economy ; Food waste compost ; net greenhouse gas emissions ; organic waste management ; organic waste treatment ; tourism products ; waste disposal sites ; waste generated,N/A,N/A,No,
KHALID SAYED,57222056951,Integrated Environmental Assessment and Management,https://www.scopus.com/inward/record.uri?partnerID=HzOxMe3b&scp=105041284675&origin=inward,2026-05-01,0,decision-making in offshore engineering ; decommissioning ; environmental impact ; greenhouse gas emissions ; mercury ; naturally occurring radioactive materials (NORM),N/A,N/A,No,
KHALID SAYED,57222056951,Fisheries Management and Ecology,https://www.scopus.com/inward/record.uri?partnerID=HzOxMe3b&scp=105005787399&origin=inward,2025-12-01,1,coastal reclamation ; livelihood assets ; livelihood strategies ; resilience ; small-scale fisheries ; sustainability,N/A,N/A,No,
KHALID SAYED,57222056951,International Journal of Environmental Science and Technology,https://www.scopus.com/inward/record.uri?partnerID=HzOxMe3b&scp=105018347409&origin=inward,2025-12-01,0,Integrated crop-livestock ; Integrated weed management ; Oil-palm plantations ; Regenerative farming ; Soil carbon sequestration ; Soil organic carbon,N/A,N/A,No,
KHALID SAYED,57222056951,Ocean and Coastal Management,https://www.scopus.com/inward/record.uri?partnerID=HzOxMe3b&scp=105015587268&origin=inward,2025-11-01,0,Coastal development ; Coastal fisheries ; Livelihood strategies ; Sustainable coastal management ; Sustainable livelihoods,N/A,N/A,No,
KHALID SAYED,57222056951,Exposure and Health,https://www.scopus.com/inward/record.uri?partnerID=HzOxMe3b&scp=105010655660&origin=inward,2025-10-01,3,Water pollution ; Acceptable daily intake ; Emerging contaminants ; Wastewater irrigation ; Water and food security,N/A,N/A,No,
KHALID SAYED,57222056951,World Development Perspectives,https://www.scopus.com/inward/record.uri?partnerID=HzOxMe3b&scp=105009810718&origin=inward,2025-09-01,2,Social rights ; Socio-economic factors ; Stakeholder engagement ; Watershed management ; Willingness to participate,N/A,N/A,No,
KHALID SAYED,57222056951,Journal for Nature Conservation,https://www.scopus.com/inward/record.uri?partnerID=HzOxMe3b&scp=105002680789&origin=inward,2025-08-01,4,Earthworm Abundance ; Ecological Services ; Economic Value ; Livestock Integration Strategies ; Oil Palm Management Practices ; Soil Quality rehabilitation,N/A,N/A,Yes,"All Open Access, Hybrid Gold"
KHALID SAYED,57222056951,Thermal Science and Engineering Progress,https://www.scopus.com/inward/record.uri?partnerID=HzOxMe3b&scp=105005256623&origin=inward,2025-07-01,5,Biosolids ; Pyrolysis ; Renewable Energy ; Sewage Sludge ; Thermochemical,N/A,N/A,No,
KHALID SAYED,57222056951,Archives of Agronomy and Soil Science,https://www.scopus.com/inward/record.uri?partnerID=HzOxMe3b&scp=86000019360&origin=inward,2025-01-01,6,climate change impact ; farmers ; Food security ; paddy production ; regenartive farming ; sustainability,N/A,N/A,Yes,"All Open Access, Gold"
KHALID SAYED,57222056951,Journal of Water Process Engineering,https://www.scopus.com/inward/record.uri?partnerID=HzOxMe3b&scp=85206631537&origin=inward,2024-12-01,16,Hospital wastewater ; Membrane ; Nanofiltration ; Pharmaceutical residue ; Sewage treatment plant,N/A,N/A,No,
KHALID SAYED,57222056951,Environmental Toxicology and Pharmacology,https://www.scopus.com/inward/record.uri?partnerID=HzOxMe3b&scp=85194945350&origin=inward,2024-08-01,12,Bioaccumulation ; Emerging pollutants ; Environmental pollutants ; Paddy ; Translocation ; Water reuse,N/A,N/A,No,
KHALID SAYED,57222056951,Jurnal Kejuruteraan,https://www.scopus.com/inward/record.uri?partnerID=HzOxMe3b&scp=105008921702&origin=inward,2024-07-01,11,bioremediation ; emerging pollutants ; Ganoderma lucidum ; Municipal wastewater ; pharmaceuticals,N/A,N/A,Yes,"All Open Access, Gold"
KHALID SAYED,57222056951,Journal of Water Process Engineering,https://www.scopus.com/inward/record.uri?partnerID=HzOxMe3b&scp=85179476476&origin=inward,2024-01-01,21,Emerging pollutants ; Ganoderma lucidum ; Ganoderma neo-japonicum ; Hormone ; Pharmaceuticals (PhACs),N/A,N/A,No,
KHOZEMA AHMED ALI,36724582500,Journal of Materials Science,https://www.scopus.com/inward/record.uri?partnerID=HzOxMe3b&scp=105038609491&origin=inward,2026-07-01,0,N/A,N/A,N/A,No,
KHOZEMA AHMED ALI,36724582500,Journal of Physical Chemistry C,https://www.scopus.com/inward/record.uri?partnerID=HzOxMe3b&scp=105029409520&origin=inward,2026-02-05,0,N/A,N/A,N/A,Yes,"All Open Access, Hybrid Gold"
KHOZEMA AHMED ALI,36724582500,Polymer Bulletin,https://www.scopus.com/inward/record.uri?partnerID=HzOxMe3b&scp=105016705422&origin=inward,2025-12-01,7,Benzene ; Nanocomposites ; Photocatalysis ; Photocatalyst ; Toluene ; UV light,N/A,N/A,Yes,"All Open Access, Hybrid Gold"
KHOZEMA AHMED ALI,36724582500,Journal of Photochemistry and Photobiology A Chemistry,https://www.scopus.com/inward/record.uri?partnerID=HzOxMe3b&scp=85211968301&origin=inward,2025-05-01,4,Boron Oxide ; Germanium Oxide ; Phenol ; Photocatalyst ; Zinc Oxide,N/A,N/A,No,
KHOZEMA AHMED ALI,36724582500,Indian Journal of Chemical Technology,https://www.scopus.com/inward/record.uri?partnerID=HzOxMe3b&scp=85194180323&origin=inward,2024-05-01,2,Calcination method ; Fe3+ doped nano-ZnO/TiO2 composite ; Methyl orange degradation ; Nano-ZnO/TiO2 photocatalyst ; Visible light photocatalysis,N/A,N/A,Yes,"All Open Access, Gold"
KUSHAIRI MOHD SALLEH,56023649400,International Journal of Biological Macromolecules,https://www.scopus.com/inward/record.uri?partnerID=HzOxMe3b&scp=105036245160&origin=inward,2026-05-01,0,Bio-based composites ; Cellulose ; Flame retardance,N/A,N/A,No,
KUSHAIRI MOHD SALLEH,56023649400,Polymers,https://www.scopus.com/inward/record.uri?partnerID=HzOxMe3b&scp=105037074370&origin=inward,2026-04-01,0,cellulose nanofibrils ; electromagnetic interference shielding ; hybrid films ; mechanical properties ; MXene,N/A,N/A,Yes,"All Open Access, Gold, Green"
KUSHAIRI MOHD SALLEH,56023649400,Springer Series on Polymer and Composite Materials,https://www.scopus.com/inward/record.uri?partnerID=HzOxMe3b&scp=105041742244&origin=inward,2026-01-01,0,Cellulose ; Coating ; Edible film ; Lignin ; Polylactic acid (PLA),N/A,N/A,No,
KUSHAIRI MOHD SALLEH,56023649400,Springer Series on Polymer and Composite Materials,https://www.scopus.com/inward/record.uri?partnerID=HzOxMe3b&scp=105034889952&origin=inward,2026-01-01,1,Biodegradable ; Biopolymer ; Chitin ; Degree of deacetylation ; Packaging,N/A,N/A,No,
KUSHAIRI MOHD SALLEH,56023649400,International Journal of Biological Macromolecules,https://www.scopus.com/inward/record.uri?partnerID=HzOxMe3b&scp=105037770201&origin=inward,2026-01-01,0,N/A,N/A,N/A,No,
KUSHAIRI MOHD SALLEH,56023649400,International Journal of Biological Macromolecules,https://www.scopus.com/inward/record.uri?partnerID=HzOxMe3b&scp=105011140058&origin=inward,2025-08-01,8,Biopolymer ; Microalgae ; Polyhydroxybutyrate (PHB),N/A,N/A,No,
KUSHAIRI MOHD SALLEH,56023649400,International Journal of Biological Macromolecules,https://www.scopus.com/inward/record.uri?partnerID=HzOxMe3b&scp=105008698191&origin=inward,2025-08-01,8,Adsorbent ; Carboxyl groups ; NaOH/urea ; Regeneration ; TEMPO-oxidation,N/A,N/A,No,
KUSHAIRI MOHD SALLEH,56023649400,International Journal of Biological Macromolecules,https://www.scopus.com/inward/record.uri?partnerID=HzOxMe3b&scp=105001499903&origin=inward,2025-05-01,5,Bioresource-based products ; Green products ; Production,N/A,N/A,No,
KUSHAIRI MOHD SALLEH,56023649400,International Journal of Biological Macromolecules,https://www.scopus.com/inward/record.uri?partnerID=HzOxMe3b&scp=85216873131&origin=inward,2025-04-01,8,Interfacial tension ; Shrinkage ; Surfactant,N/A,N/A,No,
KUSHAIRI MOHD SALLEH,56023649400,International Journal of Biological Macromolecules,https://www.scopus.com/inward/record.uri?partnerID=HzOxMe3b&scp=85216918982&origin=inward,2025-04-01,12,Carboxymethyl cellulose ; Chitosan ; Composite ; Hydrophilicity ; Mechanical strength,N/A,N/A,No,
KUSHAIRI MOHD SALLEH,56023649400,Sains Malaysiana,https://www.scopus.com/inward/record.uri?partnerID=HzOxMe3b&scp=105001724282&origin=inward,2025-03-01,0,Antibacterial ; controlled biodegradation ; water absorption,N/A,N/A,Yes,"All Open Access, Gold, Green"
KUSHAIRI MOHD SALLEH,56023649400,Phenolic Resins Synthesis Modifications Properties and Applications,https://www.scopus.com/inward/record.uri?partnerID=HzOxMe3b&scp=105026835823&origin=inward,2025-01-01,0,Chemical mixture ; Materials chemistry ; Phenolic resins ; Resin moulding methods ; Resole,N/A,N/A,No,
KUSHAIRI MOHD SALLEH,56023649400,International Journal of Biological Macromolecules,https://www.scopus.com/inward/record.uri?partnerID=HzOxMe3b&scp=85201722107&origin=inward,2024-10-01,11,Chemical interactions ; Retraction force ; Swelling capacity,N/A,N/A,No,
KUSHAIRI MOHD SALLEH,56023649400,Bioresources,https://www.scopus.com/inward/record.uri?partnerID=HzOxMe3b&scp=85199633997&origin=inward,2024-08-01,2,Biomaterials ; Cellulose ; Etching effect ; Nitrogen plasma ; Plasma treatment,N/A,N/A,Yes,"All Open Access, Gold, Green"
KUSHAIRI MOHD SALLEH,56023649400,Marine Biomass Biorefinery Bioproducts and Environmental Bioremediation,https://www.scopus.com/inward/record.uri?partnerID=HzOxMe3b&scp=85196338739&origin=inward,2024-06-17,1,Alternatives ; Biotechnology ; Compound ; Environment ; Marine,N/A,N/A,No,
KUSHAIRI MOHD SALLEH,56023649400,Marine Biomass Biorefinery Bioproducts and Environmental Bioremediation,https://www.scopus.com/inward/record.uri?partnerID=HzOxMe3b&scp=85196348376&origin=inward,2024-06-17,0,Agriculture ; Environment ; Fertilizer ; Nutrients ; Production,N/A,N/A,No,
KUSHAIRI MOHD SALLEH,56023649400,Polymer Bulletin,https://www.scopus.com/inward/record.uri?partnerID=HzOxMe3b&scp=85180507371&origin=inward,2024-06-01,21,DMA ; Modulus ; Polymer composites ; Sugar palm fiber,N/A,N/A,No,
KUSHAIRI MOHD SALLEH,56023649400,Cerne,https://www.scopus.com/inward/record.uri?partnerID=HzOxMe3b&scp=85192361032&origin=inward,2024-04-19,8,"2,2,6,6-tetramethylpiperidine-1-oxyl radical ; Bioresource based products ; Carboxyl groups ; Cellulose solubility ; Crystallinity ; Dissolution",N/A,N/A,Yes,"All Open Access, Gold"
KUSHAIRI MOHD SALLEH,56023649400,Polymer Composites Derived from Animal Sources,https://www.scopus.com/inward/record.uri?partnerID=HzOxMe3b&scp=85193420507&origin=inward,2024-01-01,0,Collagen ; hydroxyapatite ; keratin ; medical ; packaging,N/A,N/A,No,
KUSHAIRI MOHD SALLEH,56023649400,Polymer Composites Derived from Animal Sources,https://www.scopus.com/inward/record.uri?partnerID=HzOxMe3b&scp=85193359314&origin=inward,2024-01-01,11,bioengineering ; biomedical applications ; biomolecules ; Characteristics ; characterizations ; chemical mixture ; drug delivery ; keratin ; materials chemistry ; materials science engineering ; materials structure ; polymer ; polymers ; tissue regeneration ; wound healing,N/A,N/A,No,
KUSHAIRI MOHD SALLEH,56023649400,Polymer Composites Derived from Animal Sources,https://www.scopus.com/inward/record.uri?partnerID=HzOxMe3b&scp=85193317778&origin=inward,2024-01-01,2,Artificial ; biomaterial ; bone ; calcium carbonate ; composite materials ; extraction ; manufacturing ; materials in biotechnology ; materials science engineering ; natural resources ; pharmaceutical manufacturing ; polymers ; production ; tissue engineering,N/A,N/A,No,
KUSHAIRI MOHD SALLEH,56023649400,Biorefinery of Industrial Effluents for A Sustainable Circular Economy,https://www.scopus.com/inward/record.uri?partnerID=HzOxMe3b&scp=85213175595&origin=inward,2024-01-01,1,biological waste treatment ; biomass ; environmental chemical engineering ; environmental engineering ; palm oil mill effluents ; sustainable development ; Waste ; waste management,N/A,N/A,No,
KUSHAIRI MOHD SALLEH,56023649400,Aging and Durability of Frp Composites and Nanocomposites,https://www.scopus.com/inward/record.uri?partnerID=HzOxMe3b&scp=85189577218&origin=inward,2024-01-01,2,Bioresource based product ; Chemical properties ; Green products ; Mechanical properties ; Physical properties ; Production,N/A,N/A,No,
CHEE KEONG LEE,13807804300,Biomass and Bioenergy,https://www.scopus.com/inward/record.uri?partnerID=HzOxMe3b&scp=105032874620&origin=inward,2026-08-01,2,Bioethanol ; Chemo-mechanical pretreatment ; Energy efficiency ; Pretreatment sequence ; Waste generation,N/A,N/A,No,
CHEE KEONG LEE,13807804300,Separation and Purification Technology,https://www.scopus.com/inward/record.uri?partnerID=HzOxMe3b&scp=105035396159&origin=inward,2026-07-19,1,"Amaranthus spp. ; Aquaculture wastewater ; Biofertilizer ; Chitosan ; Response surface methodology, solid recovery",N/A,N/A,No,
CHEE KEONG LEE,13807804300,Energy for Sustainable Development,https://www.scopus.com/inward/record.uri?partnerID=HzOxMe3b&scp=105026858158&origin=inward,2026-06-01,5,Bioethanol ; Co-fermentation time ; Energy efficiency ; Pretreatment optimization,N/A,N/A,No,
CHEE KEONG LEE,13807804300,ACS Omega,https://www.scopus.com/inward/record.uri?partnerID=HzOxMe3b&scp=105036309617&origin=inward,2026-04-28,0,N/A,N/A,N/A,Yes,"All Open Access, Gold, Green"
CHEE KEONG LEE,13807804300,Probiotics and Antimicrobial Proteins,https://www.scopus.com/inward/record.uri?partnerID=HzOxMe3b&scp=105016642231&origin=inward,2026-04-01,1,Bacteriocin purification ; Enterocin CC2 ; Oral health therapeutics ; PEG-based aqueous two-phase system ; Probiotic-derived antimicrobial ; Streptococcus mutans,N/A,N/A,Yes,"All Open Access, Hybrid Gold, Green"
CHEE KEONG LEE,13807804300,Biofuels,https://www.scopus.com/inward/record.uri?partnerID=HzOxMe3b&scp=105031621251&origin=inward,2026-01-01,2,Bioethanol ; composition retention ; enzymatic hydrolysis ; glucose yield ; kapok fibre,N/A,N/A,No,
CHEE KEONG LEE,13807804300,Journal of Applied Polymer Science,https://www.scopus.com/inward/record.uri?partnerID=HzOxMe3b&scp=105008403933&origin=inward,2025-10-10,1,anhydride ratio ; biomaterials ; biopolymers and renewable polymers ; biosynthesis of polymers ; itaconic anhydride ; resins ; succinic anhydride ; thermosets ; ultra-violet curable resin,N/A,N/A,No,
CHEE KEONG LEE,13807804300,Drug Delivery and Translational Research,https://www.scopus.com/inward/record.uri?partnerID=HzOxMe3b&scp=86000662261&origin=inward,2025-10-01,0,Antimicrobial innovation ; Dental caries ; Enterocin CC2 ; Microemulsion formulation ; Streptococcus mutans,N/A,N/A,No,
CHEE KEONG LEE,13807804300,Journal of Applied Polymer Science,https://www.scopus.com/inward/record.uri?partnerID=HzOxMe3b&scp=105004686289&origin=inward,2025-08-15,1,biomaterials ; biopolymers and renewable polymers ; biosynthesis of polymers ; resins ; thermosets,N/A,N/A,No,
CHEE KEONG LEE,13807804300,Current Opinion in Electrochemistry,https://www.scopus.com/inward/record.uri?partnerID=HzOxMe3b&scp=85214312820&origin=inward,2025-04-01,5,Deposition ; Electrolyte engineering ; Flow battery ; Manganese ; Reversibility,N/A,N/A,No,
CHEE KEONG LEE,13807804300,Malaysian Journal of Microbiology,https://www.scopus.com/inward/record.uri?partnerID=HzOxMe3b&scp=105009812417&origin=inward,2025-01-01,0,biomass degradation ; carbohydrate-active enzymes ; Trichoderma asperellum USM SD4 ; whole-genome sequencing ; xylanase and cellulase,N/A,N/A,No,
CHEE KEONG LEE,13807804300,World Journal of Microbiology and Biotechnology,https://www.scopus.com/inward/record.uri?partnerID=HzOxMe3b&scp=85211364807&origin=inward,2024-12-01,8,Antibiofilm ; Efflux pump inhibitors ; Multidrug-resistant (MDR) bacteria ; Staphylococcus aureus ; Terpenes ; Terpenes delivery system,N/A,N/A,No,
CHEE KEONG LEE,13807804300,Food and Bioprocess Technology,https://www.scopus.com/inward/record.uri?partnerID=HzOxMe3b&scp=85182666971&origin=inward,2024-10-01,17,Cell wall ; Enzymolysis ; Total soluble solids ; Ultrasonication ; Yeast extract,N/A,N/A,No,
CHEE KEONG LEE,13807804300,Bioenergy Research,https://www.scopus.com/inward/record.uri?partnerID=HzOxMe3b&scp=85192381117&origin=inward,2024-09-01,5,Biomass alteration ; Chemical composition ; Correlation model ; Crystallinity index ; Glucose yield ; Instrumental analysis,N/A,N/A,No,
CHEE KEONG LEE,13807804300,Polymer Engineering and Science,https://www.scopus.com/inward/record.uri?partnerID=HzOxMe3b&scp=85191755592&origin=inward,2024-07-01,4,biocomposites ; biological treatment ; blended bioplastic ; spent coffee ground,N/A,N/A,Yes,"All Open Access, Bronze"
CHEE KEONG LEE,13807804300,Journal of the Taiwan Institute of Chemical Engineers,https://www.scopus.com/inward/record.uri?partnerID=HzOxMe3b&scp=85186262884&origin=inward,2024-07-01,2,Bacteriocin-like inhibitory substance ; Inhibitory activity ; Ionic liquid-based aqueous two-phase system ; Oral pathogen ; Purification,N/A,N/A,No,
CHEE KEONG LEE,13807804300,Heliyon,https://www.scopus.com/inward/record.uri?partnerID=HzOxMe3b&scp=85193061869&origin=inward,2024-05-30,7,Biodiesel-derived crude glycerol ; Enzymatic ; Monoglycerides ; Solvent-free,N/A,N/A,Yes,"All Open Access, Gold, Green"
CHEE KEONG LEE,13807804300,International Journal of Biological Macromolecules,https://www.scopus.com/inward/record.uri?partnerID=HzOxMe3b&scp=85189662329&origin=inward,2024-05-01,20,Biocomposites ; Biological treatment ; Spent coffee ground,N/A,N/A,No,
CHEE KEONG LEE,13807804300,International Journal of Biological Macromolecules,https://www.scopus.com/inward/record.uri?partnerID=HzOxMe3b&scp=85183450430&origin=inward,2024-03-01,52,Biodiesel ; Crude glycerol ; Polymers,N/A,N/A,Yes,"All Open Access, Hybrid Gold"
LAI KUAN LEE,57218292985,Medical Gas Research,https://www.scopus.com/inward/record.uri?partnerID=HzOxMe3b&scp=85216117686&origin=inward,2025-06-01,2,N/A,N/A,N/A,Yes,"All Open Access, Hybrid Gold, Green"
LAI KUAN LEE,57218292985,Plant Foods for Human Nutrition,https://www.scopus.com/inward/record.uri?partnerID=HzOxMe3b&scp=85219012886&origin=inward,2025-03-01,4,Complementary medicine ; Hyperglycaemia ; Hyperlipidaemia ; Hypertension ; Polyunsaturated fatty acids ; Sacha inchi,N/A,N/A,Yes,"All Open Access, Hybrid Gold, Green"
LAI KUAN LEE,57218292985,Food and Function,https://www.scopus.com/inward/record.uri?partnerID=HzOxMe3b&scp=85217814953&origin=inward,2025-02-11,1,N/A,N/A,N/A,Yes,"All Open Access, Hybrid Gold"
LAI KUAN LEE,57218292985,Environmental Science and Engineering,https://www.scopus.com/inward/record.uri?partnerID=HzOxMe3b&scp=105017370451&origin=inward,2025-01-01,0,N/A,N/A,N/A,No,
LAI KUAN LEE,57218292985,Methodsx,https://www.scopus.com/inward/record.uri?partnerID=HzOxMe3b&scp=85210532956&origin=inward,2024-12-01,0,Children ; Mental health ; Prevalence ; Psychological distress ; Risk factors,N/A,N/A,Yes,"All Open Access, Gold, Green"
LAI KUAN LEE,57218292985,Aquaculture Reports,https://www.scopus.com/inward/record.uri?partnerID=HzOxMe3b&scp=85196945704&origin=inward,2024-08-01,1,Essential amino acids ; Food safety ; Food security ; Health risk ; Polyunsaturated fatty acids ; Sustainability,N/A,N/A,Yes,"All Open Access, Gold, Green"
LAI KUAN LEE,57218292985,Women S Health,https://www.scopus.com/inward/record.uri?partnerID=HzOxMe3b&scp=85203420105&origin=inward,2024-01-01,15,childbearing ; intervention ; maternal health ; postpartum depression ; social support,N/A,N/A,Yes,"All Open Access, Gold, Green"
LAI KUAN LEE,57218292985,Reviews in Aquaculture,https://www.scopus.com/inward/record.uri?partnerID=HzOxMe3b&scp=85166782460&origin=inward,2024-01-01,6,aquaculture ; data envelopment analysis ; meta-regression analysis ; stochastic frontier analysis ; technical efficiency,N/A,N/A,Yes,"All Open Access, Bronze"
CHEU PENG LEH,6506513158,Biomass and Bioenergy,https://www.scopus.com/inward/record.uri?partnerID=HzOxMe3b&scp=105032874620&origin=inward,2026-08-01,2,Bioethanol ; Chemo-mechanical pretreatment ; Energy efficiency ; Pretreatment sequence ; Waste generation,N/A,N/A,No,
CHEU PENG LEH,6506513158,Energy for Sustainable Development,https://www.scopus.com/inward/record.uri?partnerID=HzOxMe3b&scp=105026858158&origin=inward,2026-06-01,5,Bioethanol ; Co-fermentation time ; Energy efficiency ; Pretreatment optimization,N/A,N/A,No,
CHEU PENG LEH,6506513158,Processes,https://www.scopus.com/inward/record.uri?partnerID=HzOxMe3b&scp=105041367404&origin=inward,2026-06-01,0,bioethanol ; degradation-aware energy analysis ; energy optimization ; machine learning ; specific energy consumption,N/A,N/A,Yes,"All Open Access, Gold"
CHEU PENG LEH,6506513158,ACS Omega,https://www.scopus.com/inward/record.uri?partnerID=HzOxMe3b&scp=105036309617&origin=inward,2026-04-28,0,N/A,N/A,N/A,Yes,"All Open Access, Gold, Green"
CHEU PENG LEH,6506513158,Cellulose,https://www.scopus.com/inward/record.uri?partnerID=HzOxMe3b&scp=105028896622&origin=inward,2026-03-01,1,Alkali solvent ; Cellulose ; Hydrogel ; Kapok fibres ; Niacinamide ; Topical drug delivery,N/A,N/A,Yes,"All Open Access, Hybrid Gold"
CHEU PENG LEH,6506513158,Cellulose,https://www.scopus.com/inward/record.uri?partnerID=HzOxMe3b&scp=105024910674&origin=inward,2026-01-01,7,Bioethanol ; Energy efficiency ; Net energy ratio ; Pretreatment ; Saccharification and fermentation,N/A,N/A,Yes,"All Open Access, Hybrid Gold"
CHEU PENG LEH,6506513158,Biofuels,https://www.scopus.com/inward/record.uri?partnerID=HzOxMe3b&scp=105031621251&origin=inward,2026-01-01,2,Bioethanol ; composition retention ; enzymatic hydrolysis ; glucose yield ; kapok fibre,N/A,N/A,No,
CHEU PENG LEH,6506513158,International Journal of Biological Macromolecules,https://www.scopus.com/inward/record.uri?partnerID=HzOxMe3b&scp=105018932111&origin=inward,2025-11-01,1,3D printing ; Additive manufacturing ; Nanocomposites ; Polymer composites ; Reinforcement,N/A,N/A,No,
CHEU PENG LEH,6506513158,Environmental Technology and Innovation,https://www.scopus.com/inward/record.uri?partnerID=HzOxMe3b&scp=105021246797&origin=inward,2025-11-01,1,Biogas valorization ; Nutrient ; Oil palm sap ; Polyhydroxybutyrate ; Simple two-step enrichment ; Type II Methanotrophs,N/A,N/A,Yes,"All Open Access, Gold, Green"
CHEU PENG LEH,6506513158,Biomass and Bioenergy,https://www.scopus.com/inward/record.uri?partnerID=HzOxMe3b&scp=105004641443&origin=inward,2025-09-01,8,Cellulose hydrolysis ; Chemical composition ; Glucose yield ; Heuristic algorithm ; Machine learning ; Stacking,N/A,N/A,No,
CHEU PENG LEH,6506513158,Composites Communications,https://www.scopus.com/inward/record.uri?partnerID=HzOxMe3b&scp=105007165981&origin=inward,2025-08-01,5,3D printing ; Biopolymer ; Nanocellulose ; Nanocomposites ; Polymer blend,N/A,N/A,No,
CHEU PENG LEH,6506513158,Current Opinion in Electrochemistry,https://www.scopus.com/inward/record.uri?partnerID=HzOxMe3b&scp=85214312820&origin=inward,2025-04-01,5,Deposition ; Electrolyte engineering ; Flow battery ; Manganese ; Reversibility,N/A,N/A,No,
CHEU PENG LEH,6506513158,Biomass Conversion and Biorefinery,https://www.scopus.com/inward/record.uri?partnerID=HzOxMe3b&scp=86000376873&origin=inward,2025-02-01,3,Blend films ; Carboxymethyl Cellulose ; Hemicellulose ; Oil palm trunk ; Thermal properties,N/A,N/A,No,
CHEU PENG LEH,6506513158,Biomass and Bioenergy,https://www.scopus.com/inward/record.uri?partnerID=HzOxMe3b&scp=85200117644&origin=inward,2024-09-01,3,Kapok ; Multiple acid hydrolysis ; Nanocrystalline cellulose ; Non-woody biomass ; Reaction optimisation,N/A,N/A,Yes,"All Open Access, Hybrid Gold"
CHEU PENG LEH,6506513158,Bioenergy Research,https://www.scopus.com/inward/record.uri?partnerID=HzOxMe3b&scp=85192381117&origin=inward,2024-09-01,5,Biomass alteration ; Chemical composition ; Correlation model ; Crystallinity index ; Glucose yield ; Instrumental analysis,N/A,N/A,No,
CHEU PENG LEH,6506513158,World Journal of Microbiology and Biotechnology,https://www.scopus.com/inward/record.uri?partnerID=HzOxMe3b&scp=85195971841&origin=inward,2024-08-01,6,Burkholderia ambifaria strain E5-3 ; Fed-batch fermentation ; Inhibitor tolerance ; Lignocellulosic biomass ; Polyhydroxybutyrate,N/A,N/A,No,
CHEU PENG LEH,6506513158,Journal of Applied Polymer Science,https://www.scopus.com/inward/record.uri?partnerID=HzOxMe3b&scp=85187137010&origin=inward,2024-05-15,5,biodegradable ; biomaterials ; biosynthesis of polymers ; cellulose and other wood products ; synthesis and processing techniques,N/A,N/A,Yes,"All Open Access, Bronze"
CHEU PENG LEH,6506513158,Pertanika Journal of Science and Technology,https://www.scopus.com/inward/record.uri?partnerID=HzOxMe3b&scp=85203835925&origin=inward,2024-01-01,3,Autohydrolysis ; dissolving pulp ; non-wood biomass ; oil palm trunk ; soda pulping,N/A,N/A,Yes,"All Open Access, Hybrid Gold"
MIN TZE LIONG,22035883200,Microbial Pathogenesis,https://www.scopus.com/inward/record.uri?partnerID=HzOxMe3b&scp=105034568366&origin=inward,2026-06-01,0,Bifidobacterium longumsubsp.infantisB8762 ; Gastrointestinal infections ; Gut–lung axis ; Metagenomics ; Respiratory tract infections,N/A,N/A,No,
MIN TZE LIONG,22035883200,Journal of Microbiology and Biotechnology,https://www.scopus.com/inward/record.uri?partnerID=HzOxMe3b&scp=105029441604&origin=inward,2026-02-04,1,Bifidobacterium ; Children ; Gut-lung axis ; Lactiplantibacillus ; Probiotics ; Recurrent respiratory tract infections,N/A,N/A,Yes,"All Open Access, Bronze, Green"
MIN TZE LIONG,22035883200,Frontiers in Microbiology,https://www.scopus.com/inward/record.uri?partnerID=HzOxMe3b&scp=105040378173&origin=inward,2026-01-01,0,artificial intelligence ; digital-twin simulation ; Gi-MAPS ; HMO-utilizing Bifidobacterium ; pediatric gut microbiome,N/A,N/A,Yes,"All Open Access, Gold, Green"
MIN TZE LIONG,22035883200,Frontiers in Nutrition,https://www.scopus.com/inward/record.uri?partnerID=HzOxMe3b&scp=105027864683&origin=inward,2026-01-01,1,Bifidobacterium infantis YLGB-1496 ; children ; gut microbiota ; probiotic ; randomized controlled trial ; respiratory tract infections,N/A,N/A,Yes,"All Open Access, Gold, Green"
MIN TZE LIONG,22035883200,Frontiers in Nutrition,https://www.scopus.com/inward/record.uri?partnerID=HzOxMe3b&scp=105031247045&origin=inward,2026-01-01,0,antibiotic resistant genes ; Bifidobacterium ; gut microbiota ; probiotic ; short term travel,N/A,N/A,Yes,"All Open Access, Gold, Green"
MIN TZE LIONG,22035883200,Frontiers in Nutrition,https://www.scopus.com/inward/record.uri?partnerID=HzOxMe3b&scp=105033845065&origin=inward,2026-01-01,0,Bifidobacterium infantis ; immune homeostasis ; infant gut microbiota ; mucosal immunity ; probiotic ; respiratory tract infections,N/A,N/A,Yes,"All Open Access, Gold, Green"
MIN TZE LIONG,22035883200,Molecular Nutrition and Food Research,https://www.scopus.com/inward/record.uri?partnerID=HzOxMe3b&scp=105014621590&origin=inward,2025-11-01,0,gut microbiota ; human papillomavirus ; Lactiplantibacillus plantarum ; probiotics,N/A,N/A,No,
MIN TZE LIONG,22035883200,Molecular Nutrition and Food Research,https://www.scopus.com/inward/record.uri?partnerID=HzOxMe3b&scp=105007853289&origin=inward,2025-09-01,0,bacterial ; fungal ; HPV-positive women ; probiotic ; vaginal microbiota,N/A,N/A,Yes,"All Open Access, Bronze"
MIN TZE LIONG,22035883200,Nutrients,https://www.scopus.com/inward/record.uri?partnerID=HzOxMe3b&scp=105013219419&origin=inward,2025-08-01,1,anticancer ; antimicrobial activity ; cervical cancer cells ; in vitro ; Lactiplantibacillus plantarum ; probiotic properties,N/A,N/A,Yes,"All Open Access, Gold, Green"
MIN TZE LIONG,22035883200,Beneficial Microbes,https://www.scopus.com/inward/record.uri?partnerID=HzOxMe3b&scp=105020975332&origin=inward,2025-07-18,0,N/A,N/A,N/A,Yes,"All Open Access, Bronze"
MIN TZE LIONG,22035883200,Nutrients,https://www.scopus.com/inward/record.uri?partnerID=HzOxMe3b&scp=105010586463&origin=inward,2025-07-01,2,B. infantis ; gastrointestinal symptoms ; probiotics ; toddlers,N/A,N/A,Yes,"All Open Access, Gold, Green"
MIN TZE LIONG,22035883200,Beneficial Microbes,https://www.scopus.com/inward/record.uri?partnerID=HzOxMe3b&scp=105005756307&origin=inward,2025-05-12,1,human papillomavirus ; Lactiplantibacillus plantarum ; probiotic ; vaginal health,N/A,N/A,No,
MIN TZE LIONG,22035883200,International Journal of Gynecology and Obstetrics,https://www.scopus.com/inward/record.uri?partnerID=HzOxMe3b&scp=85208567293&origin=inward,2025-04-01,8,gut-vaginal axis ; HPV clearance ; oral administration ; potential treatment ; probiotics,N/A,N/A,Yes,"All Open Access, Bronze"
MIN TZE LIONG,22035883200,International Journal of Molecular Sciences,https://www.scopus.com/inward/record.uri?partnerID=HzOxMe3b&scp=85218232980&origin=inward,2025-02-01,2,Bifidobacterium longum subsp. infantis B8762 ; gut health ; immunomodulation ; pediatrics ; probiotic ; respiratory illness,N/A,N/A,Yes,"All Open Access, Gold, Green"
MIN TZE LIONG,22035883200,Frontiers in Nutrition,https://www.scopus.com/inward/record.uri?partnerID=HzOxMe3b&scp=86000287588&origin=inward,2025-01-01,1,Bifidobacterium longum subsp. infantis YLGB-1496 ; immunological effects ; randomized controlled trial ; respiratory symptoms ; toddlers,N/A,N/A,Yes,"All Open Access, Gold, Green"
MIN TZE LIONG,22035883200,Beneficial Microbes,https://www.scopus.com/inward/record.uri?partnerID=HzOxMe3b&scp=105000472826&origin=inward,2025-01-01,2,gut-brain-Axis ; immunity ; inflammation ; Lactiplantibacillus plantarum ; women,N/A,N/A,No,"All Open Access, Green"
MIN TZE LIONG,22035883200,Journal of Functional Foods,https://www.scopus.com/inward/record.uri?partnerID=HzOxMe3b&scp=85187714338&origin=inward,2024-04-01,4,Bifidobacterium lactis Probio-M8 ; Children ; Gut microbiota ; Respiratory tract infections ; Species-level genome bins,N/A,N/A,Yes,"All Open Access, Gold"
MIN TZE LIONG,22035883200,Probiotics and Antimicrobial Proteins,https://www.scopus.com/inward/record.uri?partnerID=HzOxMe3b&scp=85142932576&origin=inward,2024-02-01,2,Bacillusspp ; Bacteriocins ; Safety ; Staphylococcusspp,N/A,N/A,No,
MIN TZE LIONG,22035883200,Journal of Animal Science and Technology,https://www.scopus.com/inward/record.uri?partnerID=HzOxMe3b&scp=85186474619&origin=inward,2024-01-01,8,Aging ; Constipation ; Dairy foods ; Dairy-based lactic acid bacteria (LAB) ; Probiotics,N/A,N/A,Yes,"All Open Access, Gold, Green"
MAIZURA MURAD,18536977500,Food Research,https://www.scopus.com/inward/record.uri?partnerID=HzOxMe3b&scp=105016822160&origin=inward,2025-08-01,0,Annatto powder ; Antioxidant activities ; Papaya juice ; Physicochemical properties ; Pumpkin powder ; Sensory characteristics,N/A,N/A,Yes,"All Open Access, Gold"
MAIZURA MURAD,18536977500,Food Research,https://www.scopus.com/inward/record.uri?partnerID=HzOxMe3b&scp=105010263639&origin=inward,2025-06-01,0,Antioxidant activities ; Papaya juice ; Pectinase ; Phytochemical compounds ; Steaming,N/A,N/A,Yes,"All Open Access, Gold"
MAIZURA MURAD,18536977500,Journal of Food Measurement and Characterization,https://www.scopus.com/inward/record.uri?partnerID=HzOxMe3b&scp=85206693545&origin=inward,2024-11-01,4,Hygroscopicity ; Papaya powder ; Scanning electron microscopy ; Superheated steam drying,N/A,N/A,No,
MARDIANA IDAYU AHMAD,56675142300,Biomimetics,https://www.scopus.com/inward/record.uri?partnerID=HzOxMe3b&scp=105040266831&origin=inward,2026-05-01,0,biocomposite ; building applications ; natural waste fiber ; sustainable ; thermal insulation,N/A,N/A,Yes,"All Open Access, Gold, Green"
MARDIANA IDAYU AHMAD,56675142300,Biofuels Bioproducts and Biorefining,https://www.scopus.com/inward/record.uri?partnerID=HzOxMe3b&scp=105023517114&origin=inward,2026-03-01,0,lignocellulose ; natural waste fiber ; physical treatment ; thermal insulation,N/A,N/A,No,
MARDIANA IDAYU AHMAD,56675142300,Waste Disposal and Sustainable Energy,https://www.scopus.com/inward/record.uri?partnerID=HzOxMe3b&scp=105026391384&origin=inward,2026-03-01,0,Biodiesel ; Hybrid ; Optimisation ; Transesterification ; Waste frying oil (WFO),N/A,N/A,No,
MARDIANA IDAYU AHMAD,56675142300,Sustainability Switzerland,https://www.scopus.com/inward/record.uri?partnerID=HzOxMe3b&scp=105030103578&origin=inward,2026-02-01,3,bioethanol ; circular bioeconomy ; food industry wastes ; life cycle assessment ; sustainability,N/A,N/A,Yes,"All Open Access, Gold"
MARDIANA IDAYU AHMAD,56675142300,Nanomaterials for Sustainable Bioenergy Production,https://www.scopus.com/inward/record.uri?partnerID=HzOxMe3b&scp=105037890071&origin=inward,2026-01-01,0,N/A,N/A,N/A,No,
MARDIANA IDAYU AHMAD,56675142300,Nanomaterials for Sustainable Bioenergy Production,https://www.scopus.com/inward/record.uri?partnerID=HzOxMe3b&scp=105037895226&origin=inward,2026-01-01,0,N/A,N/A,N/A,No,
MARDIANA IDAYU AHMAD,56675142300,Green Energy and Technology,https://www.scopus.com/inward/record.uri?partnerID=HzOxMe3b&scp=105040018787&origin=inward,2026-01-01,0,Biofuel ; Biosugar ; Fermentation ; Hydrolysis ; Microorganisms,N/A,N/A,No,
MARDIANA IDAYU AHMAD,56675142300,Green Energy and Technology,https://www.scopus.com/inward/record.uri?partnerID=HzOxMe3b&scp=105039978856&origin=inward,2026-01-01,0,Biocircular economy ; Bioprocess ; Bioproduct ; Greenhouse mitigation,N/A,N/A,No,
MARDIANA IDAYU AHMAD,56675142300,Green Energy and Technology,https://www.scopus.com/inward/record.uri?partnerID=HzOxMe3b&scp=105039960106&origin=inward,2026-01-01,0,Bio-aviation fuel ; Biodiesel ; Biomass feedstock ; Circular economy ; First-generation,N/A,N/A,No,
MARDIANA IDAYU AHMAD,56675142300,Green Energy and Technology,https://www.scopus.com/inward/record.uri?partnerID=HzOxMe3b&scp=105039977635&origin=inward,2026-01-01,0,Biodiesel ; Biomass feedstock ; Renewable energy ; Sustainable ; Transeterification,N/A,N/A,No,
MARDIANA IDAYU AHMAD,56675142300,Green Energy and Technology,https://www.scopus.com/inward/record.uri?partnerID=HzOxMe3b&scp=105039999417&origin=inward,2026-01-01,0,Bioethanol ; Biofuel ; Genetic manipulation ; Lipid ; Microorganisms,N/A,N/A,No,
MARDIANA IDAYU AHMAD,56675142300,Green Energy and Technology,https://www.scopus.com/inward/record.uri?partnerID=HzOxMe3b&scp=105040005261&origin=inward,2026-01-01,0,Bioenergy ; Biofuel ; Conversion technologies ; Fruit and vegetable waste,N/A,N/A,No,
MARDIANA IDAYU AHMAD,56675142300,Journal of Sustainability Science and Management,https://www.scopus.com/inward/record.uri?partnerID=HzOxMe3b&scp=105039043334&origin=inward,2026-01-01,0,health ; pollution ; Spent oil ; sustainability ; toxicity,N/A,N/A,No,
MARDIANA IDAYU AHMAD,56675142300,Polymer Engineering and Science,https://www.scopus.com/inward/record.uri?partnerID=HzOxMe3b&scp=105021268279&origin=inward,2026-01-01,1,biodegradable packaging ; biofiller ; PHBV biocomposites ; spent coffee grounds ; sustainable materials ; waste valorization,N/A,N/A,No,
MARDIANA IDAYU AHMAD,56675142300,Journal of Sustainability Science and Management,https://www.scopus.com/inward/record.uri?partnerID=HzOxMe3b&scp=105039443918&origin=inward,2026-01-01,0,biofuel ; Stimulating learning ; sustainability,N/A,N/A,Yes,"All Open Access, Bronze"
MARDIANA IDAYU AHMAD,56675142300,Bioresource Technology Reports,https://www.scopus.com/inward/record.uri?partnerID=HzOxMe3b&scp=105020095871&origin=inward,2025-12-01,3,Activated carbon ; Biofuel ; Bioresources ; Palm kernel shell ; Renewable energy ; Sustainable,N/A,N/A,No,
MARDIANA IDAYU AHMAD,56675142300,Discover Sustainability,https://www.scopus.com/inward/record.uri?partnerID=HzOxMe3b&scp=105019237756&origin=inward,2025-12-01,1,Biodiesel ; Camelus dromedaries ; Kinetics & thermodynamics ; Soxhlet extraction ; Waste valorization,N/A,N/A,Yes,"All Open Access, Gold, Green"
MARDIANA IDAYU AHMAD,56675142300,Biocatalysis and Agricultural Biotechnology,https://www.scopus.com/inward/record.uri?partnerID=HzOxMe3b&scp=105021867613&origin=inward,2025-12-01,2,Algae ; Biodiesel ; Kinetics and thermodynamics ; Transesterification ; Ulva lactuca,N/A,N/A,No,
MARDIANA IDAYU AHMAD,56675142300,Scientific Reports,https://www.scopus.com/inward/record.uri?partnerID=HzOxMe3b&scp=85214218349&origin=inward,2025-12-01,4,Canopy layer ; Realistic geometry model ; Tropical climate ; Wind profile distribution ; Wind tunnel experiment,N/A,N/A,Yes,"All Open Access, Gold, Green"
MARDIANA IDAYU AHMAD,56675142300,ACS Chemical Health and Safety,https://www.scopus.com/inward/record.uri?partnerID=HzOxMe3b&scp=105022661386&origin=inward,2025-11-24,0,chemical health risk assessment ; chemical risk ; CHRA ; IAQ ; indoor air quality,N/A,N/A,No,
MARDIANA IDAYU AHMAD,56675142300,Biofuels Bioproducts and Biorefining,https://www.scopus.com/inward/record.uri?partnerID=HzOxMe3b&scp=105001814461&origin=inward,2025-11-01,6,aerogel ; agriculture waste ; bioadsorbent ; cellulose ; durian,N/A,N/A,Yes,"All Open Access, Bronze"
MARDIANA IDAYU AHMAD,56675142300,Iop Conference Series Earth and Environmental Science,https://www.scopus.com/inward/record.uri?partnerID=HzOxMe3b&scp=105023430216&origin=inward,2025-10-01,0,N/A,N/A,N/A,Yes,"All Open Access, Gold"
MARDIANA IDAYU AHMAD,56675142300,Express Polymer Letters,https://www.scopus.com/inward/record.uri?partnerID=HzOxMe3b&scp=105011301612&origin=inward,2025-09-01,4,bio-binder ; biocomposite ; biopolymer ; recycling ; sustainable materials,N/A,N/A,Yes,"All Open Access, Gold, Green"
MARDIANA IDAYU AHMAD,56675142300,Clean Technologies and Environmental Policy,https://www.scopus.com/inward/record.uri?partnerID=HzOxMe3b&scp=85207370299&origin=inward,2025-07-01,5,Calcium chloride ; Cockle shell ; Desiccant ; Green material ; Marble ; Waste,N/A,N/A,No,
MARDIANA IDAYU AHMAD,56675142300,Journal of Advanced Research in Experimental Fluid Mechanics and Heat Transfer,https://www.scopus.com/inward/record.uri?partnerID=HzOxMe3b&scp=105007349559&origin=inward,2025-06-01,0,canopy layer ; Menara Razak and Residensi Tower ; tropical climate ; wind directions ; Wind tunnel experiment,N/A,N/A,No,
MARK HARRIS ZUKNIK,55227362900,Fisheries Management and Ecology,https://www.scopus.com/inward/record.uri?partnerID=HzOxMe3b&scp=105005787399&origin=inward,2025-12-01,1,coastal reclamation ; livelihood assets ; livelihood strategies ; resilience ; small-scale fisheries ; sustainability,N/A,N/A,No,
MARK HARRIS ZUKNIK,55227362900,Ocean and Coastal Management,https://www.scopus.com/inward/record.uri?partnerID=HzOxMe3b&scp=105015587268&origin=inward,2025-11-01,0,Coastal development ; Coastal fisheries ; Livelihood strategies ; Sustainable coastal management ; Sustainable livelihoods,N/A,N/A,No,
MARK HARRIS ZUKNIK,55227362900,Healthcare Switzerland,https://www.scopus.com/inward/record.uri?partnerID=HzOxMe3b&scp=105022864481&origin=inward,2025-11-01,5,adult learners ; occupational ergonomics ; stress ; teaching professionals ; work-related musculoskeletal disorder ; workplace safety and health,N/A,N/A,Yes,"All Open Access, Gold"
MARK HARRIS ZUKNIK,55227362900,Journal of Sustainability Science and Management,https://www.scopus.com/inward/record.uri?partnerID=HzOxMe3b&scp=105009750438&origin=inward,2025-01-01,0,biological hazard ; chemical hazard ; Occupational safety and health ; oil and gas ; physical hazard,N/A,N/A,Yes,"All Open Access, Bronze"
MARK HARRIS ZUKNIK,55227362900,Journal of Supercritical Fluids,https://www.scopus.com/inward/record.uri?partnerID=HzOxMe3b&scp=85206884892&origin=inward,2025-01-01,2,Kinetic study ; Oil palm fruits ; Response surface methodology ; ScCO2 extraction ; Thermodynamic modelling ; Virgin palm oil,N/A,N/A,No,
MOHAMAD ANUAR KAMARUDDIN,44361188400,Next Nanotechnology,https://www.scopus.com/inward/record.uri?partnerID=HzOxMe3b&scp=105036828922&origin=inward,2026-06-01,0,Azadirachta indica ; Characters ; Iron oxide nanoparticles ; Magnetic ; Ziziphus spina-christi (L.),N/A,N/A,Yes,"All Open Access, Gold"
MOHAMAD ANUAR KAMARUDDIN,44361188400,Journal of Hazardous Materials Advances,https://www.scopus.com/inward/record.uri?partnerID=HzOxMe3b&scp=105023049141&origin=inward,2026-02-01,5,Geopolymer ; Organic pollutants ; Photocatalytic degradation ; Wastewater,N/A,N/A,Yes,"All Open Access, Gold"
MOHAMAD ANUAR KAMARUDDIN,44361188400,Journal of Sustainability Science and Management,https://www.scopus.com/inward/record.uri?partnerID=HzOxMe3b&scp=105039043334&origin=inward,2026-01-01,0,health ; pollution ; Spent oil ; sustainability ; toxicity,N/A,N/A,No,
MOHAMAD ANUAR KAMARUDDIN,44361188400,Analytical Science Advances,https://www.scopus.com/inward/record.uri?partnerID=HzOxMe3b&scp=105011197438&origin=inward,2025-12-01,0,hybrid modelling techniques ; particulate matter ; predictive analytics ; quantile regression ; transboundary haze,N/A,N/A,Yes,"All Open Access, Gold, Green"
MOHAMAD ANUAR KAMARUDDIN,44361188400,Emerging Science Journal,https://www.scopus.com/inward/record.uri?partnerID=HzOxMe3b&scp=105025107444&origin=inward,2025-10-01,17,Adsorption ; Heavy Metal ; Humic Acid ; Nano ; Soil,N/A,N/A,Yes,"All Open Access, Gold"
MOHAMAD ANUAR KAMARUDDIN,44361188400,Separation Science and Technology Philadelphia,https://www.scopus.com/inward/record.uri?partnerID=HzOxMe3b&scp=105001862126&origin=inward,2025-01-01,0,electrocoagulation ; flocculation index ; flocs ; Intensified microbubbles ; landfill leachate,N/A,N/A,No,
MOHAMAD ANUAR KAMARUDDIN,44361188400,Journal of Plant Nutrition,https://www.scopus.com/inward/record.uri?partnerID=HzOxMe3b&scp=85203670610&origin=inward,2025-01-01,1,Breeding waste compost ; growth ; heavy metals ; lettuce ; mineral elements ; quality,N/A,N/A,No,
MOHAMAD ANUAR KAMARUDDIN,44361188400,Control of Heavy Metals in the Environment Innovative Techniques and Solutions for Industrial Waste Treatment and Environmental Protection,https://www.scopus.com/inward/record.uri?partnerID=HzOxMe3b&scp=105000794413&origin=inward,2025-01-01,2,N/A,N/A,N/A,No,
MOHAMAD ANUAR KAMARUDDIN,44361188400,Advances in Decision Sciences,https://www.scopus.com/inward/record.uri?partnerID=HzOxMe3b&scp=105029121867&origin=inward,2025-01-01,0,Calcareous soil ; Fulvic acid ; Humic acid ; Nutrient bioavailability ; Soil enzyme,N/A,N/A,No,
MOHAMAD ANUAR KAMARUDDIN,44361188400,Springer Proceedings in Materials,https://www.scopus.com/inward/record.uri?partnerID=HzOxMe3b&scp=85215077409&origin=inward,2025-01-01,0,Bioremediation ; Food waste digestate ; Hydrocarbon ; Refinery oily sludge ; Seed germination,N/A,N/A,No,
MOHAMAD ANUAR KAMARUDDIN,44361188400,Springer Proceedings in Materials,https://www.scopus.com/inward/record.uri?partnerID=HzOxMe3b&scp=85215076542&origin=inward,2025-01-01,1,Anaerobic Digestion ; Biogas application ; Biogas purification,N/A,N/A,No,
MOHAMAD ANUAR KAMARUDDIN,44361188400,Industrial Water and Waste Treatment Pollution Control,https://www.scopus.com/inward/record.uri?partnerID=HzOxMe3b&scp=105026423259&origin=inward,2025-01-01,0,N/A,N/A,N/A,No,
MOHAMAD ANUAR KAMARUDDIN,44361188400,Springer Proceedings in Materials,https://www.scopus.com/inward/record.uri?partnerID=HzOxMe3b&scp=85215121704&origin=inward,2025-01-01,0,Bioremediation ; Food waste digestate ; Hydrocarbon ; Refinery oily sludge ; Seed germination,N/A,N/A,No,
MOHAMAD ANUAR KAMARUDDIN,44361188400,Food Production Processing and Nutrition,https://www.scopus.com/inward/record.uri?partnerID=HzOxMe3b&scp=85195399310&origin=inward,2024-12-01,10,Antioxidant capacity ; Endogenous hormones ; Far-red light ; Growth ; Lettuce ; Quality,N/A,N/A,Yes,"All Open Access, Gold, Green"
MOHAMAD ANUAR KAMARUDDIN,44361188400,Bioresources,https://www.scopus.com/inward/record.uri?partnerID=HzOxMe3b&scp=85204994011&origin=inward,2024-11-01,0,Cow dung compost ; Duck dung compost ; Goose dung compost ; Peat addition ; Solid organic wastes,N/A,N/A,Yes,"All Open Access, Gold, Green"
MOHAMAD ANUAR KAMARUDDIN,44361188400,Journal of Environmental Chemical Engineering,https://www.scopus.com/inward/record.uri?partnerID=HzOxMe3b&scp=85201128066&origin=inward,2024-10-01,5,Bio-oil ; Biomass ; Catalytic co-pyrolysis ; Industrial solid waste ; Plastic ; Textile waste,N/A,N/A,No,
MOHAMAD ANUAR KAMARUDDIN,44361188400,Aip Conference Proceedings,https://www.scopus.com/inward/record.uri?partnerID=HzOxMe3b&scp=85202818096&origin=inward,2024-08-22,0,N/A,N/A,N/A,No,
MOHAMAD ANUAR KAMARUDDIN,44361188400,Ecological Informatics,https://www.scopus.com/inward/record.uri?partnerID=HzOxMe3b&scp=85190518681&origin=inward,2024-07-01,21,Agriculture ; Deep learning ; Machine learning ; Oil palm ; Yield prediction,N/A,N/A,Yes,"All Open Access, Gold, Green"
MOHAMAD ANUAR KAMARUDDIN,44361188400,Giant,https://www.scopus.com/inward/record.uri?partnerID=HzOxMe3b&scp=85188014589&origin=inward,2024-06-01,17,Bioaerogels ; Biomass conversion ; Modification technique ; Oil spill ; Sorption,N/A,N/A,Yes,"All Open Access, Gold"
MOHAMAD ANUAR KAMARUDDIN,44361188400,Journal of Chemical Reviews,https://www.scopus.com/inward/record.uri?partnerID=HzOxMe3b&scp=85197280817&origin=inward,2024-05-01,31,Deep eutectic solvent ; Functionalization ; Magnetic graphene oxide ; Magnetic nanoparticles (MNPs) ; Sample preparation ; Solid phase extraction; Physicochemical properties,N/A,N/A,No,
MOHAMAD ANUAR KAMARUDDIN,44361188400,Springer Water,https://www.scopus.com/inward/record.uri?partnerID=HzOxMe3b&scp=85194544525&origin=inward,2024-01-01,0,Environment ; Management ; Pollution ; Solid waste ; Sustainable development,N/A,N/A,No,
MOHAMAD ANUAR KAMARUDDIN,44361188400,Malaysian Journal of Chemistry,https://www.scopus.com/inward/record.uri?partnerID=HzOxMe3b&scp=85186984796&origin=inward,2024-01-01,0,Gold ; hydrogen peroxide ; recovery ; thiosulfate ; yield,N/A,N/A,Yes,"All Open Access, Bronze"
MOHAMAD ANUAR KAMARUDDIN,44361188400,Lecture Notes in Civil Engineering,https://www.scopus.com/inward/record.uri?partnerID=HzOxMe3b&scp=85181982708&origin=inward,2024-01-01,0,Contamination ; ERI ; Groundwater ; Leachate ; Resistivity,N/A,N/A,No,
MOHAMAD ANUAR KAMARUDDIN,44361188400,Lecture Notes in Civil Engineering,https://www.scopus.com/inward/record.uri?partnerID=HzOxMe3b&scp=85181976918&origin=inward,2024-01-01,0,Deflection ; Experimental modal analysis (EMA) ; Natural frequency ; Operational deflection shape (ODS) ; Spillway,N/A,N/A,No,
MOHAMAD ANUAR KAMARUDDIN,44361188400,Lecture Notes in Civil Engineering,https://www.scopus.com/inward/record.uri?partnerID=HzOxMe3b&scp=85181981132&origin=inward,2024-01-01,0,Computational Fluid Dynamic (CFD) ; Pressure ; Spillway ; Velocity,N/A,N/A,No,
MOHAMAD HAAFIZ MOHAMAD KASSIM,55900631900,Biomass and Bioenergy,https://www.scopus.com/inward/record.uri?partnerID=HzOxMe3b&scp=105027037573&origin=inward,2026-06-01,3,Barrier performance ; Biopolymer nanocomposites ; Circular bioeconomy ; Kappaphycus alvarezii ; Seaweed biomass ; Silica nanoparticle ; Sustainable packaging,N/A,N/A,No,
MOHAMAD HAAFIZ MOHAMAD KASSIM,55900631900,Bioresource Technology Reports,https://www.scopus.com/inward/record.uri?partnerID=HzOxMe3b&scp=105029719710&origin=inward,2026-06-01,0,Biodegradable nanocomposites ; Interfacial interactions ; Raman spectroscopy ; Rice husk-derived silica nanoparticles ; Seaweed biopolymer ; Sustainable materials,N/A,N/A,No,
MOHAMAD HAAFIZ MOHAMAD KASSIM,55900631900,Journal of Environmental Chemical Engineering,https://www.scopus.com/inward/record.uri?partnerID=HzOxMe3b&scp=105025029481&origin=inward,2026-02-01,4,Barrier properties ; Bio-nanocomposites ; Rice husk silica nanoparticles ; Seaweed films ; Sustainable packaging,N/A,N/A,No,
MOHAMAD HAAFIZ MOHAMAD KASSIM,55900631900,Biomass and Bioenergy,https://www.scopus.com/inward/record.uri?partnerID=HzOxMe3b&scp=105017005988&origin=inward,2026-01-01,3,Bionanocomposites ; Nanocellulose ; Thermoplastic starch,N/A,N/A,No,
MOHAMAD HAAFIZ MOHAMAD KASSIM,55900631900,Results in Chemistry,https://www.scopus.com/inward/record.uri?partnerID=HzOxMe3b&scp=105024598064&origin=inward,2026-01-01,5,Agarwood ; Biopolymer ; Cellulose microfibrils ; Characterization ; Re-bleaching ; Waste valorization,N/A,N/A,Yes,"All Open Access, Gold"
MOHAMAD HAAFIZ MOHAMAD KASSIM,55900631900,International Journal of Biological Macromolecules,https://www.scopus.com/inward/record.uri?partnerID=HzOxMe3b&scp=105018932111&origin=inward,2025-11-01,1,3D printing ; Additive manufacturing ; Nanocomposites ; Polymer composites ; Reinforcement,N/A,N/A,No,
MOHAMAD HAAFIZ MOHAMAD KASSIM,55900631900,Environmental Technology and Innovation,https://www.scopus.com/inward/record.uri?partnerID=HzOxMe3b&scp=105021246797&origin=inward,2025-11-01,1,Biogas valorization ; Nutrient ; Oil palm sap ; Polyhydroxybutyrate ; Simple two-step enrichment ; Type II Methanotrophs,N/A,N/A,Yes,"All Open Access, Gold, Green"
MOHAMAD HAAFIZ MOHAMAD KASSIM,55900631900,Biomass and Bioenergy,https://www.scopus.com/inward/record.uri?partnerID=HzOxMe3b&scp=105008213491&origin=inward,2025-10-01,9,Biopolymer film ; Glycerol ; Mechanical properties ; Thermal properties ; κ-carrageenan,N/A,N/A,No,
MOHAMAD HAAFIZ MOHAMAD KASSIM,55900631900,Biomass and Bioenergy,https://www.scopus.com/inward/record.uri?partnerID=HzOxMe3b&scp=105009601001&origin=inward,2025-10-01,1,N/A,N/A,N/A,No,
MOHAMAD HAAFIZ MOHAMAD KASSIM,55900631900,International Journal of Biological Macromolecules,https://www.scopus.com/inward/record.uri?partnerID=HzOxMe3b&scp=105012633815&origin=inward,2025-09-01,2,Hybrid nanocomposites ; Metal oxide nanoparticles ; Nanofluid ; Oil palm biomass ; Sodium carboxymethyl nanocellulose,N/A,N/A,No,
MOHAMAD HAAFIZ MOHAMAD KASSIM,55900631900,Composites Communications,https://www.scopus.com/inward/record.uri?partnerID=HzOxMe3b&scp=105007165981&origin=inward,2025-08-01,5,3D printing ; Biopolymer ; Nanocellulose ; Nanocomposites ; Polymer blend,N/A,N/A,No,
MOHAMAD HAAFIZ MOHAMAD KASSIM,55900631900,Paper Asia,https://www.scopus.com/inward/record.uri?partnerID=HzOxMe3b&scp=105018492924&origin=inward,2025-07-01,0,Activated carbon ; Circular economy principles ; Sustainable Development Goals (SDGs),N/A,N/A,Yes,"All Open Access, Gold"
MOHAMAD HAAFIZ MOHAMAD KASSIM,55900631900,Food Bioscience,https://www.scopus.com/inward/record.uri?partnerID=HzOxMe3b&scp=105001579197&origin=inward,2025-06-01,15,Active packaging film ; Antibacterial ; Bajakah tampala extract ; Polyvinyl alcohol ; UV-Protection,N/A,N/A,No,
MOHAMAD HAAFIZ MOHAMAD KASSIM,55900631900,Paper Asia,https://www.scopus.com/inward/record.uri?partnerID=HzOxMe3b&scp=105010733524&origin=inward,2025-05-01,1,Method ; Models ; Superhydrophobic ; Surface ; Wood,N/A,N/A,Yes,"All Open Access, Gold"
MOHAMAD HAAFIZ MOHAMAD KASSIM,55900631900,Rsc Advances,https://www.scopus.com/inward/record.uri?partnerID=HzOxMe3b&scp=105004214224&origin=inward,2025-05-01,85,N/A,N/A,N/A,Yes,"All Open Access, Gold, Green"
MOHAMAD HAAFIZ MOHAMAD KASSIM,55900631900,International Journal of Biological Macromolecules,https://www.scopus.com/inward/record.uri?partnerID=HzOxMe3b&scp=85217950216&origin=inward,2025-05-01,18,Fire resistance ; Flammability ; Natural fibre ; Polymer composites ; Thermal,N/A,N/A,No,
MOHAMAD HAAFIZ MOHAMAD KASSIM,55900631900,Polymer Engineering and Science,https://www.scopus.com/inward/record.uri?partnerID=HzOxMe3b&scp=85212680853&origin=inward,2025-02-01,13,biocomposites ; biofiller ; biopolymer ; coffee waste ; recycling waste ; sustainable packaging,N/A,N/A,Yes,"All Open Access, Bronze"
MOHAMAD HAAFIZ MOHAMAD KASSIM,55900631900,Biomass Conversion and Biorefinery,https://www.scopus.com/inward/record.uri?partnerID=HzOxMe3b&scp=86000376873&origin=inward,2025-02-01,3,Blend films ; Carboxymethyl Cellulose ; Hemicellulose ; Oil palm trunk ; Thermal properties,N/A,N/A,No,
MOHAMAD HAAFIZ MOHAMAD KASSIM,55900631900,Polimery Polymers,https://www.scopus.com/inward/record.uri?partnerID=HzOxMe3b&scp=105001488447&origin=inward,2025-01-01,4,functionalization ; isolation process ; nanocellulose ; oil palm biomass ; stability,N/A,N/A,Yes,"All Open Access, Gold"
MOHAMAD HAAFIZ MOHAMAD KASSIM,55900631900,Journal of Natural Fibers,https://www.scopus.com/inward/record.uri?partnerID=HzOxMe3b&scp=105011525611&origin=inward,2025-01-01,10,Alkaline treatment ; bonding; natural fibre ; interfacial adhesion ; sugar palm fibre ; wettability,N/A,N/A,Yes,"All Open Access, Gold, Green"
MOHAMAD HAAFIZ MOHAMAD KASSIM,55900631900,Nanotechnology Reviews,https://www.scopus.com/inward/record.uri?partnerID=HzOxMe3b&scp=105003113711&origin=inward,2025-01-01,4,carboxymethylation reaction ; nanocellulose ; oil palm empty fruit bunch,N/A,N/A,Yes,"All Open Access, Gold, Green"
MOHAMAD HAAFIZ MOHAMAD KASSIM,55900631900,Physical Sciences Reviews,https://www.scopus.com/inward/record.uri?partnerID=HzOxMe3b&scp=105003023054&origin=inward,2025-01-01,6,conjugation ; hybrid ; metal oxide ; nanocellulose ; nanocomposites,N/A,N/A,No,
MOHAMAD HAAFIZ MOHAMAD KASSIM,55900631900,Paper Asia,https://www.scopus.com/inward/record.uri?partnerID=HzOxMe3b&scp=85214441678&origin=inward,2024-11-01,2,Banana peel ; Bioplastics ; Cellulose ; Packaging ; Tapioca powder,N/A,N/A,Yes,"All Open Access, Gold"
MOHAMAD HAAFIZ MOHAMAD KASSIM,55900631900,Composites in Energy Harvesting Conversion and Storage Biocomposites Nanocomposites and Bionanocomposites,https://www.scopus.com/inward/record.uri?partnerID=HzOxMe3b&scp=105024273211&origin=inward,2024-09-14,0,Conjugation ; Hybrid ; Metal oxide ; Nanocellulose ; Nanocomposites,N/A,N/A,No,
MOHAMAD HAAFIZ MOHAMAD KASSIM,55900631900,International Journal of Biological Macromolecules,https://www.scopus.com/inward/record.uri?partnerID=HzOxMe3b&scp=85197340005&origin=inward,2024-08-01,74,Lignin properties ; Lignin utilization ; Technical lignin,N/A,N/A,No,
MOHAMAD HAFIZI ABU BAKAR,57193152434,Computational Biology and Chemistry,https://www.scopus.com/inward/record.uri?partnerID=HzOxMe3b&scp=105028363324&origin=inward,2026-06-01,1,Antioxidant ; Drying temperature ; HSP90AB1 ; Metabolite profiling ; Network pharmacology ; Oxidative ; Passiflora edulis ; Passion fruit,N/A,N/A,No,
MOHAMAD HAFIZI ABU BAKAR,57193152434,ACS Pharmacology and Translational Science,https://www.scopus.com/inward/record.uri?partnerID=HzOxMe3b&scp=105026897314&origin=inward,2026-01-09,4,accelerated solvent extraction (ASE) ; extraction optimization ; green extraction ; kratom ; mitragynine,N/A,N/A,No,"All Open Access, Green"
MOHAMAD HAFIZI ABU BAKAR,57193152434,Green Energy and Technology,https://www.scopus.com/inward/record.uri?partnerID=HzOxMe3b&scp=105039975603&origin=inward,2026-01-01,0,Biological activities ; Metabolic diseases ; Microalgae ; Secondary metabolites,N/A,N/A,No,
MOHAMAD HAFIZI ABU BAKAR,57193152434,Journal of Tropical Biodiversity and Biotechnology,https://www.scopus.com/inward/record.uri?partnerID=HzOxMe3b&scp=105037853005&origin=inward,2026-01-01,0,Biofixation ; Biofuel ; Carbohydrate ; Extremophile ; Microalgae,N/A,N/A,Yes,"All Open Access, Gold"
MOHAMAD HAFIZI ABU BAKAR,57193152434,Diabetology and Metabolic Syndrome,https://www.scopus.com/inward/record.uri?partnerID=HzOxMe3b&scp=105000259967&origin=inward,2025-12-01,0,Adipokines ; Celastrol ; Diabetic nephropathy ; Immune cells ; Immune infiltration ; Mendelian randomization,N/A,N/A,Yes,"All Open Access, Gold, Green"
MOHAMAD HAFIZI ABU BAKAR,57193152434,Organic Communications,https://www.scopus.com/inward/record.uri?partnerID=HzOxMe3b&scp=105025703749&origin=inward,2025-10-01,1,2-benzylidene-1-indanone derivatives ; ADME properties ; Aldol condensation reaction ; molecular docking ; α-amylase inhibitor,N/A,N/A,No,
MOHAMAD HAFIZI ABU BAKAR,57193152434,Sains Malaysiana,https://www.scopus.com/inward/record.uri?partnerID=HzOxMe3b&scp=105020052302&origin=inward,2025-09-01,0,ADMET profiling ; antidiabetic agents ; bis(arylidene)cycloalkanones ; molecular docking ; α-Amylase inhibitors,N/A,N/A,Yes,"All Open Access, Gold"
MOHAMAD HAFIZI ABU BAKAR,57193152434,Molecular Nutrition and Food Research,https://www.scopus.com/inward/record.uri?partnerID=HzOxMe3b&scp=105007853289&origin=inward,2025-09-01,0,bacterial ; fungal ; HPV-positive women ; probiotic ; vaginal microbiota,N/A,N/A,Yes,"All Open Access, Bronze"
MOHAMAD HAFIZI ABU BAKAR,57193152434,Beneficial Microbes,https://www.scopus.com/inward/record.uri?partnerID=HzOxMe3b&scp=105020975332&origin=inward,2025-07-18,0,N/A,N/A,N/A,Yes,"All Open Access, Bronze"
MOHAMAD HAFIZI ABU BAKAR,57193152434,Beneficial Microbes,https://www.scopus.com/inward/record.uri?partnerID=HzOxMe3b&scp=105005756307&origin=inward,2025-05-12,1,human papillomavirus ; Lactiplantibacillus plantarum ; probiotic ; vaginal health,N/A,N/A,No,
MOHAMAD HAFIZI ABU BAKAR,57193152434,Journal of Ethnopharmacology,https://www.scopus.com/inward/record.uri?partnerID=HzOxMe3b&scp=85219282212&origin=inward,2025-03-26,16,Celastrol ; Diabetes ; Low-grade chronic inflammation ; Obesity ; Therapeutic potential,N/A,N/A,No,
MOHAMAD HAFIZI ABU BAKAR,57193152434,Journal of Applied Biotechnology Reports,https://www.scopus.com/inward/record.uri?partnerID=HzOxMe3b&scp=105003841230&origin=inward,2025-03-01,4,Bioactivities ; Nutrient Supplementation ; Secondary Metabolites ; Tetraselmis suecica,N/A,N/A,No,
MOHAMAD HAFIZI ABU BAKAR,57193152434,Biochemistry and Biophysics Reports,https://www.scopus.com/inward/record.uri?partnerID=HzOxMe3b&scp=85216109921&origin=inward,2025-03-01,7,Celastrol ; Diabetic nephropathy ; Fibrosis ; Human renal tubular epithelial cells ; Hyperglycemia ; Inflammation ; Oxidative stress,N/A,N/A,Yes,"All Open Access, Gold, Green"
MOHAMAD HAFIZI ABU BAKAR,57193152434,Food Research,https://www.scopus.com/inward/record.uri?partnerID=HzOxMe3b&scp=85219595891&origin=inward,2025-02-01,2,Anti-inflammatory ; Cleome gynandra ; Inflammation ; Natural product,N/A,N/A,Yes,"All Open Access, Gold"
MOHAMAD HAFIZI ABU BAKAR,57193152434,Ifmbe Proceedings,https://www.scopus.com/inward/record.uri?partnerID=HzOxMe3b&scp=85215623333&origin=inward,2025-01-01,0,Bioceramic ; Pore Size ; Porous β-TCP Granules,N/A,N/A,No,
MOHAMAD HAFIZI ABU BAKAR,57193152434,ASM Science Journal,https://www.scopus.com/inward/record.uri?partnerID=HzOxMe3b&scp=105018120955&origin=inward,2025-01-01,1,encapsulation ; Lactobacillus plantarum ; microcapsules ; prebiotic ; synbiotics,N/A,N/A,Yes,"All Open Access, Gold"
MOHAMAD HAFIZI ABU BAKAR,57193152434,Natural Product Research,https://www.scopus.com/inward/record.uri?partnerID=HzOxMe3b&scp=85182986503&origin=inward,2025-01-01,1,Calophyllum andersonii ; Calophyllum recurvatum ; coumarins ; cytotoxicity ; phytochemicals,N/A,N/A,No,"All Open Access, Green"
MOHAMAD HAFIZI ABU BAKAR,57193152434,Jordan Journal of Biological Sciences,https://www.scopus.com/inward/record.uri?partnerID=HzOxMe3b&scp=105009267614&origin=inward,2025-01-01,0,antimicrobial ; bioactive compound ; microalgae ; phytochemical,N/A,N/A,Yes,"All Open Access, Bronze"
MOHAMAD HAFIZI ABU BAKAR,57193152434,Journal of Biomaterials Applications,https://www.scopus.com/inward/record.uri?partnerID=HzOxMe3b&scp=105002638047&origin=inward,2025-01-01,2,Bioceramic ; bone remodelling ; Ceramic coating ; low crystallinity ; β-TCP scaffold,N/A,N/A,No,
MOHAMAD HAFIZI ABU BAKAR,57193152434,Chemistryselect,https://www.scopus.com/inward/record.uri?partnerID=HzOxMe3b&scp=85205792073&origin=inward,2024-10-11,3,Antihyperglycemia ; Docking ; Drug-likeness ; Heck coupling ; Para-Carboxamidostilbene,N/A,N/A,Yes,"All Open Access, Bronze"
MOHAMAD HAFIZI ABU BAKAR,57193152434,Materials Chemistry and Physics,https://www.scopus.com/inward/record.uri?partnerID=HzOxMe3b&scp=85196027307&origin=inward,2024-08-01,12,Adsorption ; Corrosion inhibitor ; Electrochemical ; Kopsia teoi ; Mild steel,N/A,N/A,No,
MOHAMAD HAFIZI ABU BAKAR,57193152434,Journal of Materials Research,https://www.scopus.com/inward/record.uri?partnerID=HzOxMe3b&scp=85195800241&origin=inward,2024-07-28,2,Bioceramic ; Bone remodelling ; Ceramic coating ; Dicalcium phosphate dihydrate ; Osteoblast cells ; β-TCP scaffold,N/A,N/A,No,
MOHAMAD HAFIZI ABU BAKAR,57193152434,Journal of the Australian Ceramic Society,https://www.scopus.com/inward/record.uri?partnerID=HzOxMe3b&scp=85191750425&origin=inward,2024-07-01,2,Bioceramic ; Bone remodeling ; Calcium phosphate ; Ceramic coating ; Dicalcium phosphate dihydrate,N/A,N/A,No,
MOHAMAD HAFIZI ABU BAKAR,57193152434,Fitoterapia,https://www.scopus.com/inward/record.uri?partnerID=HzOxMe3b&scp=85186515378&origin=inward,2024-04-01,5,Anti-hyperglycaemia ; Indole alkaloid ; Kopsia teoi ; Molecular docking ; α-Amylase,N/A,N/A,No,
MOHAMAD HAFIZI ABU BAKAR,57193152434,Rsc Advances,https://www.scopus.com/inward/record.uri?partnerID=HzOxMe3b&scp=85186763129&origin=inward,2024-03-05,14,N/A,N/A,N/A,Yes,"All Open Access, Gold, Green"
MOHAMAD SHAZELI CHE ZAIN,57214992285,Nanotechnology for Environmental Engineering,https://www.scopus.com/inward/record.uri?partnerID=HzOxMe3b&scp=105036070132&origin=inward,2026-06-01,0,Biological activity ; Degradation kinetics ; Gold nanoparticles ; Ixora coccinea Curtis flower ; Photocatalysis,N/A,N/A,No,
MOHAMAD SHAZELI CHE ZAIN,57214992285,Journal of Food Process Engineering,https://www.scopus.com/inward/record.uri?partnerID=HzOxMe3b&scp=105035664664&origin=inward,2026-04-01,0,agro-waste ; antioxidant ; fermented tea ; healthy beverage ; polyphenol,N/A,N/A,No,
MOHAMAD SHAZELI CHE ZAIN,57214992285,Journal of Food Measurement and Characterization,https://www.scopus.com/inward/record.uri?partnerID=HzOxMe3b&scp=105028912472&origin=inward,2026-04-01,0,Antioxidant ; Enrichment ; Kenaf ; Macroporous polymeric resin ; Total flavonoid,N/A,N/A,Yes,"All Open Access, Hybrid Gold"
MOHAMAD SHAZELI CHE ZAIN,57214992285,Industrial Crops and Products,https://www.scopus.com/inward/record.uri?partnerID=HzOxMe3b&scp=105029555231&origin=inward,2026-03-01,0,Oil palm (Elaeis guineensis Jacq.) leaf ; Phytochemicals ; Precision herbal medicine ; Wound healing,N/A,N/A,Yes,"All Open Access, Gold, Green"
MOHAMAD SHAZELI CHE ZAIN,57214992285,Journal of the Science of Food and Agriculture,https://www.scopus.com/inward/record.uri?partnerID=HzOxMe3b&scp=105009947147&origin=inward,2026-01-30,1,commodity crop ; extraction ; health benefit ; microencapsulation ; phytocompound,N/A,N/A,Yes,"All Open Access, Bronze"
MOHAMAD SHAZELI CHE ZAIN,57214992285,Journal of Food Measurement and Characterization,https://www.scopus.com/inward/record.uri?partnerID=HzOxMe3b&scp=105037325919&origin=inward,2026-01-01,0,Coconut oil ; Cognitive health ; Encapsulation Technology ; Extraction and purification ; Medium-chain triglycerides (MCTs) ; Palm kernel oil,N/A,N/A,No,
MOHAMAD SHAZELI CHE ZAIN,57214992285,Polymer Bulletin,https://www.scopus.com/inward/record.uri?partnerID=HzOxMe3b&scp=105023574395&origin=inward,2026-01-01,3,Coating ; Natural polymer ; Roles ; Smart farming ; Sustainable agriculture,N/A,N/A,No,
MOHAMAD SHAZELI CHE ZAIN,57214992285,Journal of Food Measurement and Characterization,https://www.scopus.com/inward/record.uri?partnerID=HzOxMe3b&scp=105019562991&origin=inward,2026-01-01,2,Cocoa rind ; Natural deep eutectic solvents ; Optimization ; Phenolic compound ; Theobroma cocoa l ; Ultrasonic-assisted extraction,N/A,N/A,No,
MOHAMAD SHAZELI CHE ZAIN,57214992285,Brain and Behavior,https://www.scopus.com/inward/record.uri?partnerID=HzOxMe3b&scp=105027641702&origin=inward,2026-01-01,0,adaptogen ; mushrooms ; stress ; β-glucan,N/A,N/A,Yes,"All Open Access, Gold, Green"
MOHAMAD SHAZELI CHE ZAIN,57214992285,Biocatalysis and Agricultural Biotechnology,https://www.scopus.com/inward/record.uri?partnerID=HzOxMe3b&scp=105015706137&origin=inward,2025-11-01,1,Anti-inflammatory ; Antioxidant ; Diabetic ; Enrichment ; Kenaf ; Non-diabetic ; Wound healing,N/A,N/A,No,
MOHAMAD SHAZELI CHE ZAIN,57214992285,Biofuels Bioproducts and Biorefining,https://www.scopus.com/inward/record.uri?partnerID=HzOxMe3b&scp=105001814461&origin=inward,2025-11-01,6,aerogel ; agriculture waste ; bioadsorbent ; cellulose ; durian,N/A,N/A,Yes,"All Open Access, Bronze"
MOHAMAD SHAZELI CHE ZAIN,57214992285,Surfaces and Interfaces,https://www.scopus.com/inward/record.uri?partnerID=HzOxMe3b&scp=105017896323&origin=inward,2025-10-15,5,Acacia mangium wood ; Activated carbon ; Adsorption capacity ; Bromocresol green dye ; Optimization ; Response surface methodology,N/A,N/A,No,
MOHAMAD SHAZELI CHE ZAIN,57214992285,Journal of Separation Science,https://www.scopus.com/inward/record.uri?partnerID=HzOxMe3b&scp=105014602746&origin=inward,2025-09-01,2,activated carbon ; flavonoid ; isotherms ; kinetics ; pyrolysis,N/A,N/A,No,
MOHAMAD SHAZELI CHE ZAIN,57214992285,Journal of Separation Science,https://www.scopus.com/inward/record.uri?partnerID=HzOxMe3b&scp=105010961096&origin=inward,2025-07-01,5,flavonoids ; isomers ; mass spectrometry ; molecular networking,N/A,N/A,No,
MOHAMAD SHAZELI CHE ZAIN,57214992285,Polymer Engineering and Science,https://www.scopus.com/inward/record.uri?partnerID=HzOxMe3b&scp=105000863718&origin=inward,2025-06-01,9,biocompatible ; biopolymers ; cosmetic applications ; green materials ; skin care,N/A,N/A,Yes,"All Open Access, Bronze"
MOHAMAD SHAZELI CHE ZAIN,57214992285,Clean Technologies and Environmental Policy,https://www.scopus.com/inward/record.uri?partnerID=HzOxMe3b&scp=85213278068&origin=inward,2025-02-01,9,Biopolymers ; Cellulose ; Cellulose derivatives ; Fruit peel ; Sustainable materials ; Tropical fruit,N/A,N/A,No,
MOHAMAD SHAZELI CHE ZAIN,57214992285,Journal of Food Measurement and Characterization,https://www.scopus.com/inward/record.uri?partnerID=HzOxMe3b&scp=85208129546&origin=inward,2024-12-01,2,Bioactive ingredient ; Free radical ; Microcapsule ; Nutraceutical ; Oil palm leaf,N/A,N/A,No,
MOHAMAD SHAZELI CHE ZAIN,57214992285,Daru Journal of Pharmaceutical Sciences,https://www.scopus.com/inward/record.uri?partnerID=HzOxMe3b&scp=85205224151&origin=inward,2024-12-01,5,Antioxidant ; Bioflavonoids ; Oil palm leaf ; Physicochemical evaluations ; Polymeric hydrogel ; Wound healing properties,N/A,N/A,No,"All Open Access, Green"
MOHAMAD SHAZELI CHE ZAIN,57214992285,Journal of Food Process Engineering,https://www.scopus.com/inward/record.uri?partnerID=HzOxMe3b&scp=85208549508&origin=inward,2024-11-01,4,bibliometrics ; bioflavonoid ; microencapsulation ; optimization ; spray drying,N/A,N/A,No,
MOHAMAD SHAZELI CHE ZAIN,57214992285,Journal of Separation Science,https://www.scopus.com/inward/record.uri?partnerID=HzOxMe3b&scp=85201059558&origin=inward,2024-08-01,37,extraction ; flavonoid ; macroporous resin ; purification,N/A,N/A,No,
MOHAMAD SHAZELI CHE ZAIN,57214992285,Journal of Food Measurement and Characterization,https://www.scopus.com/inward/record.uri?partnerID=HzOxMe3b&scp=85192545419&origin=inward,2024-07-01,6,Bioflavonoid ; Health benefit ; Omics ; Quality control ; Standardization,N/A,N/A,No,
MOHAMAD SHAZELI CHE ZAIN,57214992285,Journal of Cluster Science,https://www.scopus.com/inward/record.uri?partnerID=HzOxMe3b&scp=85175877314&origin=inward,2024-02-01,11,Antioxidant ; Flavonoid C-glycosides enriched extract ; Nanoemulgel ; Oil palm (Elaeis guineensis Jacq.) leaf ; Optimization ; Physicochemical evaluations ; Ultrasonication ; Wound healing properties,N/A,N/A,No,
MOHAMMAD ALIFF SHAKIR MOHAMAD JAMIL KHIR,57215904996,Biomimetics,https://www.scopus.com/inward/record.uri?partnerID=HzOxMe3b&scp=105040266831&origin=inward,2026-05-01,0,biocomposite ; building applications ; natural waste fiber ; sustainable ; thermal insulation,N/A,N/A,Yes,"All Open Access, Gold, Green"
MOHAMMAD ALIFF SHAKIR MOHAMAD JAMIL KHIR,57215904996,Biofuels Bioproducts and Biorefining,https://www.scopus.com/inward/record.uri?partnerID=HzOxMe3b&scp=105023517114&origin=inward,2026-03-01,0,lignocellulose ; natural waste fiber ; physical treatment ; thermal insulation,N/A,N/A,No,
MOHAMMAD ALIFF SHAKIR MOHAMAD JAMIL KHIR,57215904996,Waste Disposal and Sustainable Energy,https://www.scopus.com/inward/record.uri?partnerID=HzOxMe3b&scp=105026391384&origin=inward,2026-03-01,0,Biodiesel ; Hybrid ; Optimisation ; Transesterification ; Waste frying oil (WFO),N/A,N/A,No,
MOHAMMAD ALIFF SHAKIR MOHAMAD JAMIL KHIR,57215904996,Nanomaterials for Sustainable Bioenergy Production,https://www.scopus.com/inward/record.uri?partnerID=HzOxMe3b&scp=105037895226&origin=inward,2026-01-01,0,N/A,N/A,N/A,No,
MOHAMMAD ALIFF SHAKIR MOHAMAD JAMIL KHIR,57215904996,Nanomaterials for Sustainable Bioenergy Production,https://www.scopus.com/inward/record.uri?partnerID=HzOxMe3b&scp=105037890071&origin=inward,2026-01-01,0,N/A,N/A,N/A,No,
MOHAMMAD ALIFF SHAKIR MOHAMAD JAMIL KHIR,57215904996,Green Energy and Technology,https://www.scopus.com/inward/record.uri?partnerID=HzOxMe3b&scp=105039960106&origin=inward,2026-01-01,0,Bio-aviation fuel ; Biodiesel ; Biomass feedstock ; Circular economy ; First-generation,N/A,N/A,No,
MOHAMMAD ALIFF SHAKIR MOHAMAD JAMIL KHIR,57215904996,Green Energy and Technology,https://www.scopus.com/inward/record.uri?partnerID=HzOxMe3b&scp=105039977635&origin=inward,2026-01-01,0,Biodiesel ; Biomass feedstock ; Renewable energy ; Sustainable ; Transeterification,N/A,N/A,No,
MOHAMMAD ALIFF SHAKIR MOHAMAD JAMIL KHIR,57215904996,Green Energy and Technology,https://www.scopus.com/inward/record.uri?partnerID=HzOxMe3b&scp=105040005261&origin=inward,2026-01-01,0,Bioenergy ; Biofuel ; Conversion technologies ; Fruit and vegetable waste,N/A,N/A,No,
MOHAMMAD ALIFF SHAKIR MOHAMAD JAMIL KHIR,57215904996,Journal of Sustainability Science and Management,https://www.scopus.com/inward/record.uri?partnerID=HzOxMe3b&scp=105039043334&origin=inward,2026-01-01,0,health ; pollution ; Spent oil ; sustainability ; toxicity,N/A,N/A,No,
MOHAMMAD ALIFF SHAKIR MOHAMAD JAMIL KHIR,57215904996,Journal of Sustainability Science and Management,https://www.scopus.com/inward/record.uri?partnerID=HzOxMe3b&scp=105039443918&origin=inward,2026-01-01,0,biofuel ; Stimulating learning ; sustainability,N/A,N/A,Yes,"All Open Access, Bronze"
MOHAMMAD ALIFF SHAKIR MOHAMAD JAMIL KHIR,57215904996,Bioresource Technology Reports,https://www.scopus.com/inward/record.uri?partnerID=HzOxMe3b&scp=105020095871&origin=inward,2025-12-01,3,Activated carbon ; Biofuel ; Bioresources ; Palm kernel shell ; Renewable energy ; Sustainable,N/A,N/A,No,
MOHAMMAD ALIFF SHAKIR MOHAMAD JAMIL KHIR,57215904996,Discover Sustainability,https://www.scopus.com/inward/record.uri?partnerID=HzOxMe3b&scp=105019237756&origin=inward,2025-12-01,1,Biodiesel ; Camelus dromedaries ; Kinetics & thermodynamics ; Soxhlet extraction ; Waste valorization,N/A,N/A,Yes,"All Open Access, Gold, Green"
MOHAMMAD ALIFF SHAKIR MOHAMAD JAMIL KHIR,57215904996,Biocatalysis and Agricultural Biotechnology,https://www.scopus.com/inward/record.uri?partnerID=HzOxMe3b&scp=105021867613&origin=inward,2025-12-01,2,Algae ; Biodiesel ; Kinetics and thermodynamics ; Transesterification ; Ulva lactuca,N/A,N/A,No,
MOHAMMAD ALIFF SHAKIR MOHAMAD JAMIL KHIR,57215904996,Express Polymer Letters,https://www.scopus.com/inward/record.uri?partnerID=HzOxMe3b&scp=105011301612&origin=inward,2025-09-01,4,bio-binder ; biocomposite ; biopolymer ; recycling ; sustainable materials,N/A,N/A,Yes,"All Open Access, Gold, Green"
MOHAMMAD ALIFF SHAKIR MOHAMAD JAMIL KHIR,57215904996,Clean Technologies and Environmental Policy,https://www.scopus.com/inward/record.uri?partnerID=HzOxMe3b&scp=85207370299&origin=inward,2025-07-01,5,Calcium chloride ; Cockle shell ; Desiccant ; Green material ; Marble ; Waste,N/A,N/A,No,
MOHAMMAD ALIFF SHAKIR MOHAMAD JAMIL KHIR,57215904996,Biofuels Bioproducts and Biorefining,https://www.scopus.com/inward/record.uri?partnerID=HzOxMe3b&scp=85217170919&origin=inward,2025-05-01,9,biomass feedstock ; renewable energy ; RSM ; sustainable fuel ; waste to energy,N/A,N/A,No,
MOHAMMAD ALIFF SHAKIR MOHAMAD JAMIL KHIR,57215904996,International Journal of Green Energy,https://www.scopus.com/inward/record.uri?partnerID=HzOxMe3b&scp=105005800110&origin=inward,2025-01-01,7,Biodiesel ; kinetics & thermodynamics ; optimization ; supercritical CO2 ; transesterification,N/A,N/A,No,
MOHAMMAD ALIFF SHAKIR MOHAMAD JAMIL KHIR,57215904996,Biomass Conversion and Biorefinery,https://www.scopus.com/inward/record.uri?partnerID=HzOxMe3b&scp=85176737173&origin=inward,2025-01-01,23,Bio-composite ; Biomaterials ; Mycelium ; Pleurotus ostreatus ; Rubber wood sawdust,N/A,N/A,No,
MOHAMMAD ALIFF SHAKIR MOHAMAD JAMIL KHIR,57215904996,Advances in Building Energy Research,https://www.scopus.com/inward/record.uri?partnerID=HzOxMe3b&scp=105008756483&origin=inward,2025-01-01,5,artificial intelligence ; buildings ; Energy consumption ; energy forecast ; machine learning,N/A,N/A,No,
MOHAMMAD ALIFF SHAKIR MOHAMAD JAMIL KHIR,57215904996,Clean Technologies and Environmental Policy,https://www.scopus.com/inward/record.uri?partnerID=HzOxMe3b&scp=85193286240&origin=inward,2025-01-01,7,Dehumidification ; Desiccant paper ; Moisture absorption ; Natural waste fiber ; Polymeric material,N/A,N/A,No,
MOHAMMAD ALIFF SHAKIR MOHAMAD JAMIL KHIR,57215904996,Renewable Energy,https://www.scopus.com/inward/record.uri?partnerID=HzOxMe3b&scp=85204800693&origin=inward,2024-12-01,23,Azolla filiculoides ; Biodiesel ; Feedstock ; Third oil generation ; Ulva lactuca ; Waste frying oil,10,N/A,No,
MOHAMMAD ALIFF SHAKIR MOHAMAD JAMIL KHIR,57215904996,Biofuels Bioproducts and Biorefining,https://www.scopus.com/inward/record.uri?partnerID=HzOxMe3b&scp=85204312189&origin=inward,2024-11-01,6,activated carbon ; activation time ; biofuel ; bioproduct ; palm kernel shell ; phosphoric acid,N/A,N/A,No,
MOHAMMAD ALIFF SHAKIR MOHAMAD JAMIL KHIR,57215904996,Biofuels Bioproducts and Biorefining,https://www.scopus.com/inward/record.uri?partnerID=HzOxMe3b&scp=85190943970&origin=inward,2024-09-01,18,biocomposite ; biofabrication challenges ; failure factors ; mycelium composites ; sustainable materials,N/A,N/A,No,
MOHAMMAD ALIFF SHAKIR MOHAMAD JAMIL KHIR,57215904996,Waste and Biomass Valorization,https://www.scopus.com/inward/record.uri?partnerID=HzOxMe3b&scp=85188421498&origin=inward,2024-07-01,9,Empty fruit bunch fiber ; Heat flux ; Refining ; Sandwich composite ; Thermal insulation,N/A,N/A,No,
MOHAMMAD ALIFF SHAKIR MOHAMAD JAMIL KHIR,57215904996,Environmental Science and Pollution Research,https://www.scopus.com/inward/record.uri?partnerID=HzOxMe3b&scp=85191981413&origin=inward,2024-05-01,19,Biofuel ; Feedstock ; Reuse ; Sustainability ; Transesterification ; Wastes,N/A,N/A,No,
MOHD ASYRAF KASSIM,55607895100,Materials Research Express,https://www.scopus.com/inward/record.uri?partnerID=HzOxMe3b&scp=105038238648&origin=inward,2026-05-01,0,bio-based modifier ; bio-bonding enhancer ; bio-solvent ; off-grade rubber ; renewable materials ; slow pyrolysis ; sustainable pavement materials,N/A,N/A,Yes,"All Open Access, Gold, Green"
MOHD ASYRAF KASSIM,55607895100,Green Energy and Technology,https://www.scopus.com/inward/record.uri?partnerID=HzOxMe3b&scp=105040026913&origin=inward,2026-01-01,0,N/A,N/A,N/A,No,
MOHD ASYRAF KASSIM,55607895100,Green Energy and Technology,https://www.scopus.com/inward/record.uri?partnerID=HzOxMe3b&scp=105039960106&origin=inward,2026-01-01,0,Bio-aviation fuel ; Biodiesel ; Biomass feedstock ; Circular economy ; First-generation,N/A,N/A,No,
MOHD ASYRAF KASSIM,55607895100,Green Energy and Technology,https://www.scopus.com/inward/record.uri?partnerID=HzOxMe3b&scp=105039978856&origin=inward,2026-01-01,0,Biocircular economy ; Bioprocess ; Bioproduct ; Greenhouse mitigation,N/A,N/A,No,
MOHD ASYRAF KASSIM,55607895100,Green Energy and Technology,https://www.scopus.com/inward/record.uri?partnerID=HzOxMe3b&scp=105040018787&origin=inward,2026-01-01,0,Biofuel ; Biosugar ; Fermentation ; Hydrolysis ; Microorganisms,N/A,N/A,No,
MOHD ASYRAF KASSIM,55607895100,Green Energy and Technology,https://www.scopus.com/inward/record.uri?partnerID=HzOxMe3b&scp=105039977635&origin=inward,2026-01-01,0,Biodiesel ; Biomass feedstock ; Renewable energy ; Sustainable ; Transeterification,N/A,N/A,No,
MOHD ASYRAF KASSIM,55607895100,Green Energy and Technology,https://www.scopus.com/inward/record.uri?partnerID=HzOxMe3b&scp=105039975603&origin=inward,2026-01-01,0,Biological activities ; Metabolic diseases ; Microalgae ; Secondary metabolites,N/A,N/A,No,
MOHD ASYRAF KASSIM,55607895100,Green Energy and Technology,https://www.scopus.com/inward/record.uri?partnerID=HzOxMe3b&scp=105039999417&origin=inward,2026-01-01,0,Bioethanol ; Biofuel ; Genetic manipulation ; Lipid ; Microorganisms,N/A,N/A,No,
MOHD ASYRAF KASSIM,55607895100,Green Energy and Technology,https://www.scopus.com/inward/record.uri?partnerID=HzOxMe3b&scp=105040005261&origin=inward,2026-01-01,0,Bioenergy ; Biofuel ; Conversion technologies ; Fruit and vegetable waste,N/A,N/A,No,
MOHD ASYRAF KASSIM,55607895100,Journal of Tropical Biodiversity and Biotechnology,https://www.scopus.com/inward/record.uri?partnerID=HzOxMe3b&scp=105037853005&origin=inward,2026-01-01,0,Biofixation ; Biofuel ; Carbohydrate ; Extremophile ; Microalgae,N/A,N/A,Yes,"All Open Access, Gold"
MOHD ASYRAF KASSIM,55607895100,Diabetology and Metabolic Syndrome,https://www.scopus.com/inward/record.uri?partnerID=HzOxMe3b&scp=105000259967&origin=inward,2025-12-01,0,Adipokines ; Celastrol ; Diabetic nephropathy ; Immune cells ; Immune infiltration ; Mendelian randomization,N/A,N/A,Yes,"All Open Access, Gold, Green"
MOHD ASYRAF KASSIM,55607895100,Food Analytical Methods,https://www.scopus.com/inward/record.uri?partnerID=HzOxMe3b&scp=105010690250&origin=inward,2025-10-01,3,Antioxidant activity ; Extraction ; Fatty acid ; Microalgae ; Scenedesmus parvus,N/A,N/A,Yes,"All Open Access, Hybrid Gold"
MOHD ASYRAF KASSIM,55607895100,Energy Nexus,https://www.scopus.com/inward/record.uri?partnerID=HzOxMe3b&scp=105010870494&origin=inward,2025-09-01,3,Algae biomass ; Algae cultivation ; Biodiesel feedstock ; Fatty acid ; Lipid productivity ; Nutrient removal,N/A,N/A,Yes,"All Open Access, Gold, Green"
MOHD ASYRAF KASSIM,55607895100,Environmental Technology and Innovation,https://www.scopus.com/inward/record.uri?partnerID=HzOxMe3b&scp=105000199650&origin=inward,2025-05-01,7,Algal immobilization ; Bacterial-cellulose ; Microalgae ; Nutrient removal,N/A,N/A,Yes,"All Open Access, Gold"
MOHD ASYRAF KASSIM,55607895100,Journal of Ethnopharmacology,https://www.scopus.com/inward/record.uri?partnerID=HzOxMe3b&scp=85219282212&origin=inward,2025-03-26,16,Celastrol ; Diabetes ; Low-grade chronic inflammation ; Obesity ; Therapeutic potential,N/A,N/A,No,
MOHD ASYRAF KASSIM,55607895100,Biochemistry and Biophysics Reports,https://www.scopus.com/inward/record.uri?partnerID=HzOxMe3b&scp=85216109921&origin=inward,2025-03-01,7,Celastrol ; Diabetic nephropathy ; Fibrosis ; Human renal tubular epithelial cells ; Hyperglycemia ; Inflammation ; Oxidative stress,N/A,N/A,Yes,"All Open Access, Gold, Green"
MOHD ASYRAF KASSIM,55607895100,Journal of Applied Biotechnology Reports,https://www.scopus.com/inward/record.uri?partnerID=HzOxMe3b&scp=105003841230&origin=inward,2025-03-01,4,Bioactivities ; Nutrient Supplementation ; Secondary Metabolites ; Tetraselmis suecica,N/A,N/A,No,
MOHD ASYRAF KASSIM,55607895100,Journal of Analytical and Applied Pyrolysis,https://www.scopus.com/inward/record.uri?partnerID=HzOxMe3b&scp=85215420998&origin=inward,2025-03-01,7,Catalyst ; Microalgae ; Ni/Al-SBA-15 ; Ni/Ga-SBA-15 ; Pyrolysis,N/A,N/A,No,
MOHD ASYRAF KASSIM,55607895100,Engineering Proceedings,https://www.scopus.com/inward/record.uri?partnerID=HzOxMe3b&scp=105009260032&origin=inward,2025-01-01,0,biomass lipid ; Chlorella vulgaris cultivation ; photobioreactor,N/A,N/A,Yes,"All Open Access, Gold, Green"
MOHD ASYRAF KASSIM,55607895100,Jordan Journal of Biological Sciences,https://www.scopus.com/inward/record.uri?partnerID=HzOxMe3b&scp=105009267614&origin=inward,2025-01-01,0,antimicrobial ; bioactive compound ; microalgae ; phytochemical,N/A,N/A,Yes,"All Open Access, Bronze"
MOHD ASYRAF KASSIM,55607895100,Energy Conversion and Management X,https://www.scopus.com/inward/record.uri?partnerID=HzOxMe3b&scp=85194149501&origin=inward,2024-07-01,27,Biofuel ; Scenedesmus parvus algae ; Soxhlet extraction ; Sustainable utilization ; Waste to energy,N/A,N/A,Yes,"All Open Access, Gold, Green"
MOHD ASYRAF KASSIM,55607895100,Asean Journal of Chemical Engineering,https://www.scopus.com/inward/record.uri?partnerID=HzOxMe3b&scp=85196284494&origin=inward,2024-04-30,0,Fermentation ; Microalgae ; Response Surface Methodology ; Succinic Acid,N/A,N/A,Yes,"All Open Access, Gold"
MOHD ASYRAF KASSIM,55607895100,Lecture Notes in Civil Engineering,https://www.scopus.com/inward/record.uri?partnerID=HzOxMe3b&scp=85181984120&origin=inward,2024-01-01,0,Alternative material source ; Beta-carotene bio-oil ; Bio-asphalt ; Coatability ; Low-carbon material ; Rheological properties,N/A,N/A,No,
MOHD HAFIIDZ JAAFAR,57210229668,Jurnal Teknologi,https://www.scopus.com/inward/record.uri?partnerID=HzOxMe3b&scp=105028877399&origin=inward,2026-01-01,0,Climate Change ; Multiple Linear Regression ; Principal Component Analysis ; Rainfall Prediction Model,N/A,N/A,Yes,"All Open Access, Gold"
MOHD HAFIIDZ JAAFAR,57210229668,Fisheries Management and Ecology,https://www.scopus.com/inward/record.uri?partnerID=HzOxMe3b&scp=105005787399&origin=inward,2025-12-01,1,coastal reclamation ; livelihood assets ; livelihood strategies ; resilience ; small-scale fisheries ; sustainability,N/A,N/A,No,
MOHD HAFIIDZ JAAFAR,57210229668,ACS Chemical Health and Safety,https://www.scopus.com/inward/record.uri?partnerID=HzOxMe3b&scp=105022661386&origin=inward,2025-11-24,0,chemical health risk assessment ; chemical risk ; CHRA ; IAQ ; indoor air quality,N/A,N/A,No,
MOHD HAFIIDZ JAAFAR,57210229668,Ocean and Coastal Management,https://www.scopus.com/inward/record.uri?partnerID=HzOxMe3b&scp=105015587268&origin=inward,2025-11-01,0,Coastal development ; Coastal fisheries ; Livelihood strategies ; Sustainable coastal management ; Sustainable livelihoods,N/A,N/A,No,
MOHD HAFIIDZ JAAFAR,57210229668,Healthcare Switzerland,https://www.scopus.com/inward/record.uri?partnerID=HzOxMe3b&scp=105022864481&origin=inward,2025-11-01,5,adult learners ; occupational ergonomics ; stress ; teaching professionals ; work-related musculoskeletal disorder ; workplace safety and health,N/A,N/A,Yes,"All Open Access, Gold"
MOHD HAFIIDZ JAAFAR,57210229668,Malaysian Journal of Medicine and Health Sciences,https://www.scopus.com/inward/record.uri?partnerID=HzOxMe3b&scp=105022616021&origin=inward,2025-07-01,0,Heavy metals ; Index of geo-accumulation ; Indoor Dust ; Laboratory ; Lead,N/A,N/A,No,
MOHD HAFIIDZ JAAFAR,57210229668,Cleaner Waste Systems,https://www.scopus.com/inward/record.uri?partnerID=HzOxMe3b&scp=105001836782&origin=inward,2025-06-01,9,China ; Circular economy ; Industrial waste management ; Knowledge-Attitude-Practice (KAP) model ; Sustainable development,N/A,N/A,Yes,"All Open Access, Gold"
MOHD HAFIIDZ JAAFAR,57210229668,Soil and Sediment Contamination,https://www.scopus.com/inward/record.uri?partnerID=HzOxMe3b&scp=85189528605&origin=inward,2025-01-01,7,Beris Lalang ; dumpsites ; heavy metals contamination ; Solid waste ; waste generation,N/A,N/A,No,
MOHD HAFIIDZ JAAFAR,57210229668,Journal of Sustainability Science and Management,https://www.scopus.com/inward/record.uri?partnerID=HzOxMe3b&scp=105009750438&origin=inward,2025-01-01,0,biological hazard ; chemical hazard ; Occupational safety and health ; oil and gas ; physical hazard,N/A,N/A,Yes,"All Open Access, Bronze"
MOHD HAFIIDZ JAAFAR,57210229668,Weather and Forecasting,https://www.scopus.com/inward/record.uri?partnerID=HzOxMe3b&scp=85212279478&origin=inward,2024-12-01,3,Climate ; Climate change ; Climate variability ; Deep learning ; Renewable energy,N/A,N/A,No,
MOHD HAFIIDZ JAAFAR,57210229668,Ecological Informatics,https://www.scopus.com/inward/record.uri?partnerID=HzOxMe3b&scp=85210135880&origin=inward,2024-12-01,19,Bias correction ; Deep learning ; Parameterization ; WRF model,N/A,N/A,Yes,"All Open Access, Gold"
MOHD HAFIIDZ JAAFAR,57210229668,Solid Waste Management Challenges and Recent Solutions,https://www.scopus.com/inward/record.uri?partnerID=HzOxMe3b&scp=85210865875&origin=inward,2024-11-29,0,N/A,N/A,N/A,No,
MOHD HAFIIDZ JAAFAR,57210229668,Asia Pacific Journal of Science and Technology,https://www.scopus.com/inward/record.uri?partnerID=HzOxMe3b&scp=85212756024&origin=inward,2024-11-11,0,Agriculture ; Antibiotics ; Antimicrobial resistance (AMR) ; Antimicrobial stewardship program (ASP) ; Aquaculture ; Healthcare professionals ; Non-governmental organisation (NGO) ; Public awareness,N/A,N/A,No,
MOHD HAFIIDZ JAAFAR,57210229668,Qualitative Report,https://www.scopus.com/inward/record.uri?partnerID=HzOxMe3b&scp=85219083454&origin=inward,2024-11-01,0,Jaffna peninsula ; multidimensional vulnerabilities ; reflexive thematic analysis ; small-scale fisheries ; socioecological conflicts,N/A,N/A,Yes,"All Open Access, Gold, Green"
MOHD HAFIIDZ JAAFAR,57210229668,International Journal of Environmental Health Research,https://www.scopus.com/inward/record.uri?partnerID=HzOxMe3b&scp=85166972123&origin=inward,2024-01-01,3,chemical health risk assessment ; chemical risk ; CHRA ; IAQ ; indoor air quality,N/A,N/A,No,
MOHD HAFIIDZ JAAFAR,57210229668,Journal of Sustainability Science and Management,https://www.scopus.com/inward/record.uri?partnerID=HzOxMe3b&scp=85200234890&origin=inward,2024-01-01,0,Household chemical products ; Malaysia National Poison Center ; poison reagent ; poisoning ; sustainable health,N/A,N/A,Yes,"All Open Access, Bronze"
MOHD NURAZZI NORIZAN,55899483400,International Journal of Biological Macromolecules,https://www.scopus.com/inward/record.uri?partnerID=HzOxMe3b&scp=105015151035&origin=inward,2025-10-01,5,Biofilm ; Cellulose nanofiber ; Hydrophobicity ; Semi-refined carrageenan ; Triethoxymethylsilane,N/A,N/A,No,
MOHD NURAZZI NORIZAN,55899483400,Chemical Thermodynamics and Thermal Analysis,https://www.scopus.com/inward/record.uri?partnerID=HzOxMe3b&scp=105018394568&origin=inward,2025-10-01,2,Ethylene glycol ; Magnesium oxide ; Nanofluids ; Stability ; Thermal conductivity,N/A,N/A,Yes,"All Open Access, Gold, Green"
MOHD NURAZZI NORIZAN,55899483400,International Journal of Biological Macromolecules,https://www.scopus.com/inward/record.uri?partnerID=HzOxMe3b&scp=105012633815&origin=inward,2025-09-01,2,Hybrid nanocomposites ; Metal oxide nanoparticles ; Nanofluid ; Oil palm biomass ; Sodium carboxymethyl nanocellulose,N/A,N/A,No,
MOHD NURAZZI NORIZAN,55899483400,Malaysian Journal of Fundamental and Applied Sciences,https://www.scopus.com/inward/record.uri?partnerID=HzOxMe3b&scp=105014873537&origin=inward,2025-06-01,2,anthropogenic activities ; baseline study ; Microplastics pollution ; Penang’s River ; river water quality parameter,N/A,N/A,Yes,"All Open Access, Gold"
MOHD NURAZZI NORIZAN,55899483400,Rsc Advances,https://www.scopus.com/inward/record.uri?partnerID=HzOxMe3b&scp=105004214224&origin=inward,2025-05-01,85,N/A,N/A,N/A,Yes,"All Open Access, Gold, Green"
MOHD NURAZZI NORIZAN,55899483400,Polymer Engineering and Science,https://www.scopus.com/inward/record.uri?partnerID=HzOxMe3b&scp=105001022985&origin=inward,2025-05-01,6,biofilm ; cellulose nanofiber ; raw seaweed ; semi-refined carrageenan ; sustainable packaging,N/A,N/A,Yes,"All Open Access, Bronze"
MOHD NURAZZI NORIZAN,55899483400,International Journal of Biological Macromolecules,https://www.scopus.com/inward/record.uri?partnerID=HzOxMe3b&scp=85217950216&origin=inward,2025-05-01,18,Fire resistance ; Flammability ; Natural fibre ; Polymer composites ; Thermal,N/A,N/A,No,
MOHD NURAZZI NORIZAN,55899483400,Bamboo Based Polymer Composites Fundamentals Properties Applications and Performance,https://www.scopus.com/inward/record.uri?partnerID=HzOxMe3b&scp=105011232059&origin=inward,2025-01-01,0,N/A,N/A,N/A,No,
MOHD NURAZZI NORIZAN,55899483400,Bamboo Based Polymer Composites Fundamentals Properties Applications and Performance,https://www.scopus.com/inward/record.uri?partnerID=HzOxMe3b&scp=105011229339&origin=inward,2025-01-01,0,Alternative material ; Bamboo composites ; Composite materials ; Structural applications ; Sustainability,N/A,N/A,No,
MOHD NURAZZI NORIZAN,55899483400,Bamboo Based Polymer Composites Fundamentals Properties Applications and Performance,https://www.scopus.com/inward/record.uri?partnerID=HzOxMe3b&scp=105011235034&origin=inward,2025-01-01,0,DMA ; Flammability ; UL-94 ; Woven bamboo fibre ; Woven carbon fibre,N/A,N/A,No,
MOHD NURAZZI NORIZAN,55899483400,Polimery Polymers,https://www.scopus.com/inward/record.uri?partnerID=HzOxMe3b&scp=105009640587&origin=inward,2025-01-01,0,carbonization ; char ; degradation ; plastic waste ; thermal stability,N/A,N/A,Yes,"All Open Access, Gold"
MOHD NURAZZI NORIZAN,55899483400,Bamboo Based Polymer Composites Fundamentals Properties Applications and Performance,https://www.scopus.com/inward/record.uri?partnerID=HzOxMe3b&scp=105011215944&origin=inward,2025-01-01,1,Hybrid composites ; Stacking sequence ; Stiffness ; Woven bamboo fibre ; Woven carbon fibre,N/A,N/A,No,
MOHD NURAZZI NORIZAN,55899483400,Journal of Natural Fibers,https://www.scopus.com/inward/record.uri?partnerID=HzOxMe3b&scp=105011525611&origin=inward,2025-01-01,10,Alkaline treatment ; bonding; natural fibre ; interfacial adhesion ; sugar palm fibre ; wettability,N/A,N/A,Yes,"All Open Access, Gold, Green"
MOHD NURAZZI NORIZAN,55899483400,Polimery Polymers,https://www.scopus.com/inward/record.uri?partnerID=HzOxMe3b&scp=105001488447&origin=inward,2025-01-01,4,functionalization ; isolation process ; nanocellulose ; oil palm biomass ; stability,N/A,N/A,Yes,"All Open Access, Gold"
MOHD NURAZZI NORIZAN,55899483400,Polimery Polymers,https://www.scopus.com/inward/record.uri?partnerID=HzOxMe3b&scp=105008680188&origin=inward,2025-01-01,0,carbonization ; mechanical properties ; morphology ; particles size ; plastic waste,N/A,N/A,Yes,"All Open Access, Gold"
MOHD NURAZZI NORIZAN,55899483400,Bamboo Based Polymer Composites Fundamentals Properties Applications and Performance,https://www.scopus.com/inward/record.uri?partnerID=HzOxMe3b&scp=105011233587&origin=inward,2025-01-01,0,Bamboo fibre ; Characterization techniques ; Electrochemical performance ; Mechanical properties ; Polymer composites,N/A,N/A,No,
MOHD NURAZZI NORIZAN,55899483400,Nanotechnology Reviews,https://www.scopus.com/inward/record.uri?partnerID=HzOxMe3b&scp=105003113711&origin=inward,2025-01-01,4,carboxymethylation reaction ; nanocellulose ; oil palm empty fruit bunch,N/A,N/A,Yes,"All Open Access, Gold, Green"
MOHD NURAZZI NORIZAN,55899483400,Physical Sciences Reviews,https://www.scopus.com/inward/record.uri?partnerID=HzOxMe3b&scp=105003023054&origin=inward,2025-01-01,6,conjugation ; hybrid ; metal oxide ; nanocellulose ; nanocomposites,N/A,N/A,No,
MOHD NURAZZI NORIZAN,55899483400,Bamboo Based Polymer Composites Fundamentals Properties Applications and Performance,https://www.scopus.com/inward/record.uri?partnerID=HzOxMe3b&scp=105011237033&origin=inward,2025-01-01,0,Bamboo-based composites ; Composite materials ; Fibre ; Materials application ; Military applications,N/A,N/A,No,
MOHD NURAZZI NORIZAN,55899483400,Bamboo Based Polymer Composites Fundamentals Properties Applications and Performance,https://www.scopus.com/inward/record.uri?partnerID=HzOxMe3b&scp=105011236597&origin=inward,2025-01-01,2,Bamboo nanocellulose ; Emerging applications ; Nanocomposites ; Preparation ; Process,N/A,N/A,No,
MOHD NURAZZI NORIZAN,55899483400,Next Nanotechnology,https://www.scopus.com/inward/record.uri?partnerID=HzOxMe3b&scp=105000126324&origin=inward,2025-01-01,8,Inelastic neutron scattering ; MWCNT ; Non-covalent functionalization ; P3HT ; Sensor ; Structural,N/A,N/A,Yes,"All Open Access, Gold, Green"
MOHD NURAZZI NORIZAN,55899483400,Polymer Composites,https://www.scopus.com/inward/record.uri?partnerID=HzOxMe3b&scp=85199441382&origin=inward,2024-11-10,43,glass ; hybrid composites ; kenaf ; mechanical properties ; polymer matrix composites,N/A,N/A,Yes,"All Open Access, Hybrid Gold"
MOHD NURAZZI NORIZAN,55899483400,Paper Asia,https://www.scopus.com/inward/record.uri?partnerID=HzOxMe3b&scp=85214441678&origin=inward,2024-11-01,2,Banana peel ; Bioplastics ; Cellulose ; Packaging ; Tapioca powder,N/A,N/A,Yes,"All Open Access, Gold"
MOHD NURAZZI NORIZAN,55899483400,Environmental Toxicology and Chemistry,https://www.scopus.com/inward/record.uri?partnerID=HzOxMe3b&scp=85200795580&origin=inward,2024-10-01,3,Baseline ; Environmental health ; Freshwater ; Microplastics ; Plastic pollution mitigation,N/A,N/A,No,
MOHD NURAZZI NORIZAN,55899483400,Polymer Engineering and Science,https://www.scopus.com/inward/record.uri?partnerID=HzOxMe3b&scp=85199514932&origin=inward,2024-10-01,19,biopolymer aerogels ; porose material ; thermal conductivity ; thermal insulation,N/A,N/A,No,
MOHD SAIFUL SAMSUDIN,56463998400,Environmental Monitoring and Assessment,https://www.scopus.com/inward/record.uri?partnerID=HzOxMe3b&scp=105038799033&origin=inward,2026-05-01,0,Emerging contaminants ; Monsoonal transport ; Southeast Asian catchments ; Spectroscopy characterization ; Urban runoff,N/A,N/A,No,
MOHD SAIFUL SAMSUDIN,56463998400,Beyond Halal Exploring Dietary Preferences Novel Ingredients and Techniques,https://www.scopus.com/inward/record.uri?partnerID=HzOxMe3b&scp=105032927046&origin=inward,2026-01-01,0,Amino acids ; Discriminant analysis ; Principal component analysis ; Skin gelatine ; UHPLC-DAD,N/A,N/A,No,
MOHD SAIFUL SAMSUDIN,56463998400,Green Microbial Nanotechnology for Pollution Control New and Future Developments in Microbial Biotechnology and Bioengineering,https://www.scopus.com/inward/record.uri?partnerID=HzOxMe3b&scp=105033727924&origin=inward,2026-01-01,0,air purification ; biosynthesized nanoparticles ; environmental remediation ; green microbial nanotechnology ; Indoor air quality (IAQ) ; nano-biosensors,N/A,N/A,No,
MOHD SAIFUL SAMSUDIN,56463998400,Jurnal Teknologi,https://www.scopus.com/inward/record.uri?partnerID=HzOxMe3b&scp=105028877399&origin=inward,2026-01-01,0,Climate Change ; Multiple Linear Regression ; Principal Component Analysis ; Rainfall Prediction Model,N/A,N/A,Yes,"All Open Access, Gold"
MOHD SAIFUL SAMSUDIN,56463998400,International Journal of Biological Macromolecules,https://www.scopus.com/inward/record.uri?partnerID=HzOxMe3b&scp=105023158916&origin=inward,2026-01-01,1,Absorption ; bPEI ; Cellulose nanofiber ; Citric acid ; Heavy metal ; Surface modification ; TEMPO,N/A,N/A,No,
MOHD SAIFUL SAMSUDIN,56463998400,ACS Chemical Health and Safety,https://www.scopus.com/inward/record.uri?partnerID=HzOxMe3b&scp=105022661386&origin=inward,2025-11-24,0,chemical health risk assessment ; chemical risk ; CHRA ; IAQ ; indoor air quality,N/A,N/A,No,
MOHD SAIFUL SAMSUDIN,56463998400,Aquatic Conservation Marine and Freshwater Ecosystems,https://www.scopus.com/inward/record.uri?partnerID=HzOxMe3b&scp=105022489882&origin=inward,2025-11-01,0,aquatic organisms ; ecological risk ; mangrove marine pollution ; microplastics ; safe clean water source ; water resource aquatic toxicology,N/A,N/A,No,
MOHD SAIFUL SAMSUDIN,56463998400,Bamboo Based Polymer Composites Fundamentals Properties Applications and Performance,https://www.scopus.com/inward/record.uri?partnerID=HzOxMe3b&scp=105011226331&origin=inward,2025-01-01,3,Bamboo Fiber ; Eco-friendly materials ; Future prospects ; Market value ; Sustainability,N/A,N/A,No,
MOHD SAIFUL SAMSUDIN,56463998400,Bamboo Based Polymer Composites Fundamentals Properties Applications and Performance,https://www.scopus.com/inward/record.uri?partnerID=HzOxMe3b&scp=105011230724&origin=inward,2025-01-01,1,Bamboo-based materials ; Carbon sequestration ; Environmental sustainability ; Life Cycle Assessment (LCA) ; Renewable resources,N/A,N/A,No,
MOHD SAIFUL SAMSUDIN,56463998400,International Journal on Advanced Science Engineering and Information Technology,https://www.scopus.com/inward/record.uri?partnerID=HzOxMe3b&scp=105029964188&origin=inward,2025-01-01,0,cost ; gamma ; k-fold cross-validation ; principal component analysis ; Support vector machine,N/A,N/A,Yes,"All Open Access, Hybrid Gold"
MOHD SAIFUL SAMSUDIN,56463998400,International Journal on Advanced Science Engineering and Information Technology,https://www.scopus.com/inward/record.uri?partnerID=HzOxMe3b&scp=105000109515&origin=inward,2025-01-01,2,cost ; gamma ; K-fold cross-validation ; principal component analysis ; Support vector machine,N/A,N/A,Yes,"All Open Access, Hybrid Gold"
MOHD SAIFUL SAMSUDIN,56463998400,Solid Waste Management Challenges and Recent Solutions,https://www.scopus.com/inward/record.uri?partnerID=HzOxMe3b&scp=85210845627&origin=inward,2024-11-29,0,N/A,N/A,N/A,No,
MOHD SAIFUL SAMSUDIN,56463998400,Solid Waste Management Challenges and Recent Solutions,https://www.scopus.com/inward/record.uri?partnerID=HzOxMe3b&scp=85210896390&origin=inward,2024-11-29,0,N/A,N/A,N/A,No,
MOHD SAIFUL SAMSUDIN,56463998400,Environmental Toxicology and Chemistry,https://www.scopus.com/inward/record.uri?partnerID=HzOxMe3b&scp=85200795580&origin=inward,2024-10-01,3,Baseline ; Environmental health ; Freshwater ; Microplastics ; Plastic pollution mitigation,N/A,N/A,No,
MOHD SAIFUL SAMSUDIN,56463998400,Water Air and Soil Pollution,https://www.scopus.com/inward/record.uri?partnerID=HzOxMe3b&scp=85197344373&origin=inward,2024-08-01,3,Forecaster Model ; Land Use ; Marine Water Quality ; Safe Water Access ; Water Ecosystem,N/A,N/A,No,
MOHD SAIFUL SAMSUDIN,56463998400,Neural Computing and Applications,https://www.scopus.com/inward/record.uri?partnerID=HzOxMe3b&scp=85190540231&origin=inward,2024-07-01,4,Neural network ; Prediction model ; Source apportionment ; Urban air quality,N/A,N/A,No,
MOHD SAIFUL SAMSUDIN,56463998400,Jurnal Teknologi,https://www.scopus.com/inward/record.uri?partnerID=HzOxMe3b&scp=85197320415&origin=inward,2024-07-01,3,analysis ; marine ; Microplastics ; river ; sampling,N/A,N/A,Yes,"All Open Access, Gold"
MOHD SAIFUL SAMSUDIN,56463998400,Polymer Composites Derived from Animal Sources,https://www.scopus.com/inward/record.uri?partnerID=HzOxMe3b&scp=85193370874&origin=inward,2024-01-01,0,Animal-based composite ; environmental footprint ; environmental impacts ; environmental pollution ; green products ; sustainability,N/A,N/A,No,
MUAZ MOHD ZAINI MAKHTAR,57201697169,Biomass and Bioenergy,https://www.scopus.com/inward/record.uri?partnerID=HzOxMe3b&scp=105038177054&origin=inward,2026-11-01,0,Bioelectricity ; Configurations ; Dewatered sludge ; Microbial fuel cell ; Resistivity,N/A,N/A,No,
MUAZ MOHD ZAINI MAKHTAR,57201697169,Air Quality Atmosphere and Health,https://www.scopus.com/inward/record.uri?partnerID=HzOxMe3b&scp=105040841034&origin=inward,2026-06-01,0,AHU ; Air handling unit ; Chemical incident ; Indoor environment ; Mechanical ventilation ; Pattern recognition ; Poison management ; Spatial epidemiology,N/A,N/A,No,
MUAZ MOHD ZAINI MAKHTAR,57201697169,European Food Research and Technology,https://www.scopus.com/inward/record.uri?partnerID=HzOxMe3b&scp=105028942273&origin=inward,2026-03-01,1,Anthracnose ; Antracol ; Chitosan ; Composite hydrophobic nanocoating ; Konjac,N/A,N/A,Yes,"All Open Access, Hybrid Gold"
MUAZ MOHD ZAINI MAKHTAR,57201697169,International Journal of Environmental Science and Technology,https://www.scopus.com/inward/record.uri?partnerID=HzOxMe3b&scp=105024353999&origin=inward,2026-02-01,2,Cancer ; Environment ; Mutagenicity ; Toxic waste ; Toxicity,N/A,N/A,Yes,"All Open Access, Hybrid Gold"
MUAZ MOHD ZAINI MAKHTAR,57201697169,Colloid and Polymer Science,https://www.scopus.com/inward/record.uri?partnerID=HzOxMe3b&scp=105022655374&origin=inward,2026-02-01,0,Coagulant-assisted ; NRL film ; Sludge capturing process ; Surface-active latex ; Wastewater treatment,N/A,N/A,No,
MUAZ MOHD ZAINI MAKHTAR,57201697169,Tropical Animal Health and Production,https://www.scopus.com/inward/record.uri?partnerID=HzOxMe3b&scp=105027162583&origin=inward,2026-01-01,0,Broiler chickens ; Feed conversion ratio ; Fermented foods ; Meat quality ; Probiotics,N/A,N/A,No,
MUAZ MOHD ZAINI MAKHTAR,57201697169,Journal of Building Engineering,https://www.scopus.com/inward/record.uri?partnerID=HzOxMe3b&scp=105022458204&origin=inward,2025-12-15,5,Buildings application ; High-insulation glass ; Photovoltaic thermal ; Semi-transparent ; Solar collectors,N/A,N/A,Yes,"All Open Access, Hybrid Gold"
MUAZ MOHD ZAINI MAKHTAR,57201697169,Jurnal Teknologi,https://www.scopus.com/inward/record.uri?partnerID=HzOxMe3b&scp=105021519023&origin=inward,2025-11-01,0,Bibliometric ; Ion exchange membranes ; Microbial fuel cells ; Scopus ; Wastewater,N/A,N/A,Yes,"All Open Access, Gold"
MUAZ MOHD ZAINI MAKHTAR,57201697169,Journal of Cluster Science,https://www.scopus.com/inward/record.uri?partnerID=HzOxMe3b&scp=85218266502&origin=inward,2025-04-01,4,Curvularia sp ; Fruit quality ; Fruit rot disease ; Mango ; Nanoemulsion ; Oregano essential oil,N/A,N/A,No,
MUAZ MOHD ZAINI MAKHTAR,57201697169,Biomass Processing for Sustainable Circular Economy,https://www.scopus.com/inward/record.uri?partnerID=HzOxMe3b&scp=105024399534&origin=inward,2025-01-01,1,N/A,N/A,N/A,No,
MUAZ MOHD ZAINI MAKHTAR,57201697169,Biomass Processing for Sustainable Circular Economy,https://www.scopus.com/inward/record.uri?partnerID=HzOxMe3b&scp=105024405689&origin=inward,2025-01-01,0,N/A,N/A,N/A,No,
MUAZ MOHD ZAINI MAKHTAR,57201697169,Biomass Processing for Sustainable Circular Economy,https://www.scopus.com/inward/record.uri?partnerID=HzOxMe3b&scp=105024396340&origin=inward,2025-01-01,0,Biomass conversion ; Biomass processing ; Bioprocess ; Circular economy ; Natural resources,N/A,N/A,No,
MUAZ MOHD ZAINI MAKHTAR,57201697169,Biomass Processing for Sustainable Circular Economy,https://www.scopus.com/inward/record.uri?partnerID=HzOxMe3b&scp=105024396367&origin=inward,2025-01-01,0,Biomass conversion ; Biomass processing ; Bioprocess ; Circular economy ; Natural resources,N/A,N/A,No,
MUAZ MOHD ZAINI MAKHTAR,57201697169,Biomass Processing for Sustainable Circular Economy,https://www.scopus.com/inward/record.uri?partnerID=HzOxMe3b&scp=105024392765&origin=inward,2025-01-01,1,Biochemical ; Biomass ; Biomass conversion ; Renewable energy ; Thermochemical,N/A,N/A,No,
MUAZ MOHD ZAINI MAKHTAR,57201697169,International Journal of River Basin Management,https://www.scopus.com/inward/record.uri?partnerID=HzOxMe3b&scp=105009511106&origin=inward,2025-01-01,0,drinking water ; pathogenic bacteria ; rates of attachment ; rates of detachment ; Riverbank filtration (RBF),N/A,N/A,No,
MUAZ MOHD ZAINI MAKHTAR,57201697169,Journal of Hazardous Toxic and Radioactive Waste,https://www.scopus.com/inward/record.uri?partnerID=HzOxMe3b&scp=85210585925&origin=inward,2025-01-01,2,Biomass conversion ; Chicken manure ; Green technology ; Membraneless microbial fuel cell ; Renewable energy,N/A,N/A,No,
MUAZ MOHD ZAINI MAKHTAR,57201697169,Microbiology and Biotechnology Letters,https://www.scopus.com/inward/record.uri?partnerID=HzOxMe3b&scp=85214969709&origin=inward,2024-12-28,2,Ammonia reduction ; ANOVA ; Bacillus subtilis ; central composite design (CCD) ; liquid phase ; response surface methodology (RSM),N/A,N/A,Yes,"All Open Access, Bronze"
MUAZ MOHD ZAINI MAKHTAR,57201697169,Water Science and Engineering,https://www.scopus.com/inward/record.uri?partnerID=HzOxMe3b&scp=85181250154&origin=inward,2024-12-01,69,Capturing ; Colloidal ; Interactions ; Microplastics ; Surfaces,N/A,N/A,Yes,"All Open Access, Gold"
MUAZ MOHD ZAINI MAKHTAR,57201697169,International Journal of Environmental Research,https://www.scopus.com/inward/record.uri?partnerID=HzOxMe3b&scp=85201947092&origin=inward,2024-12-01,3,Bioremediation ; Dewatered sludge ; Microbial fuel cells ; Proton exchange membrane ; Sulfonated polysulfone,N/A,N/A,No,
MUAZ MOHD ZAINI MAKHTAR,57201697169,Progress in Rubber Plastics and Recycling Technology,https://www.scopus.com/inward/record.uri?partnerID=HzOxMe3b&scp=85185295908&origin=inward,2024-11-01,2,film-based technology ; microplastic removal ; Natural rubber latex band,N/A,N/A,No,
MUAZ MOHD ZAINI MAKHTAR,57201697169,International Journal of Nanoelectronics and Materials,https://www.scopus.com/inward/record.uri?partnerID=HzOxMe3b&scp=85209787035&origin=inward,2024-10-01,3,Copper ; Mixed matric membrane ; Polysulfone ; Ultrafiltration,N/A,N/A,Yes,"All Open Access, Gold"
MUAZ MOHD ZAINI MAKHTAR,57201697169,Waste Biorefineries Future Energy Green Products and Waste Treatment,https://www.scopus.com/inward/record.uri?partnerID=HzOxMe3b&scp=85196982603&origin=inward,2024-08-23,0,ABE fermentation ; Adaptive laboratory evolution ; Biobutanol ; Biomass ; Clostridium ; Mutagenesis ; Sustainable large-scale production,N/A,N/A,No,
MUAZ MOHD ZAINI MAKHTAR,57201697169,International Journal of Nanoelectronics and Materials,https://www.scopus.com/inward/record.uri?partnerID=HzOxMe3b&scp=85197653402&origin=inward,2024-06-12,0,Arthropods ; Cellar Spider ; Morphological Study ; Synthesis Nanoparticles ; Zinc Oxide,N/A,N/A,Yes,"All Open Access, Gold, Green"
MUAZ MOHD ZAINI MAKHTAR,57201697169,Pertanika Journal of Science and Technology,https://www.scopus.com/inward/record.uri?partnerID=HzOxMe3b&scp=85194171266&origin=inward,2024-04-01,0,Antimicrobial resistance (AMR) ; cytotoxicity ; dewatered sludge ; inflammation ; microbial fuel cell (MFC),N/A,N/A,Yes,"All Open Access, Hybrid Gold"
MUAZ MOHD ZAINI MAKHTAR,57201697169,Energy Conversion and Management X,https://www.scopus.com/inward/record.uri?partnerID=HzOxMe3b&scp=85189652432&origin=inward,2024-04-01,6,Bioremediation ; Chicken manure ; Electricity generation ; Green technology ; Microbial fuel cell ; Waste management,N/A,N/A,Yes,"All Open Access, Gold"
MUHAMMAD IZZUDDIN SYAKIR ISHAK,56053988300,Waste Management and Research,https://www.scopus.com/inward/record.uri?partnerID=HzOxMe3b&scp=105028101898&origin=inward,2026-06-01,0,circular economy ; Food waste compost ; net greenhouse gas emissions ; organic waste management ; organic waste treatment ; tourism products ; waste disposal sites ; waste generated,N/A,N/A,No,
MUHAMMAD IZZUDDIN SYAKIR ISHAK,56053988300,Integrated Environmental Assessment and Management,https://www.scopus.com/inward/record.uri?partnerID=HzOxMe3b&scp=105041284675&origin=inward,2026-05-01,0,decision-making in offshore engineering ; decommissioning ; environmental impact ; greenhouse gas emissions ; mercury ; naturally occurring radioactive materials (NORM),N/A,N/A,No,
MUHAMMAD IZZUDDIN SYAKIR ISHAK,56053988300,Environmental Monitoring and Assessment,https://www.scopus.com/inward/record.uri?partnerID=HzOxMe3b&scp=105033446377&origin=inward,2026-04-01,0,Aquifer characteristics ; AWARE model ; Groundwater sustainability ; Life cycle assessment ; Paddy irrigation ; Pumping well yield,N/A,N/A,No,
MUHAMMAD IZZUDDIN SYAKIR ISHAK,56053988300,Energy Nexus,https://www.scopus.com/inward/record.uri?partnerID=HzOxMe3b&scp=105024919115&origin=inward,2026-03-01,3,Agricultural water management ; Environmental impact assessment ; Groundwater sustainability ; Hydrochemical characterization ; Water-energy nexus,N/A,N/A,Yes,"All Open Access, Gold"
MUHAMMAD IZZUDDIN SYAKIR ISHAK,56053988300,Paddy and Water Environment,https://www.scopus.com/inward/record.uri?partnerID=HzOxMe3b&scp=105026464906&origin=inward,2026-03-01,1,Aquifer stability and characteristics ; In-situ pumping test ; Pumping well yield ; Sustainable development,N/A,N/A,No,
MUHAMMAD IZZUDDIN SYAKIR ISHAK,56053988300,Fisheries Management and Ecology,https://www.scopus.com/inward/record.uri?partnerID=HzOxMe3b&scp=105005787399&origin=inward,2025-12-01,1,coastal reclamation ; livelihood assets ; livelihood strategies ; resilience ; small-scale fisheries ; sustainability,N/A,N/A,No,
MUHAMMAD IZZUDDIN SYAKIR ISHAK,56053988300,International Journal of Environmental Science and Technology,https://www.scopus.com/inward/record.uri?partnerID=HzOxMe3b&scp=105018347409&origin=inward,2025-12-01,0,Integrated crop-livestock ; Integrated weed management ; Oil-palm plantations ; Regenerative farming ; Soil carbon sequestration ; Soil organic carbon,N/A,N/A,No,
MUHAMMAD IZZUDDIN SYAKIR ISHAK,56053988300,Ocean and Coastal Management,https://www.scopus.com/inward/record.uri?partnerID=HzOxMe3b&scp=105015587268&origin=inward,2025-11-01,0,Coastal development ; Coastal fisheries ; Livelihood strategies ; Sustainable coastal management ; Sustainable livelihoods,N/A,N/A,No,
MUHAMMAD IZZUDDIN SYAKIR ISHAK,56053988300,Exposure and Health,https://www.scopus.com/inward/record.uri?partnerID=HzOxMe3b&scp=105010655660&origin=inward,2025-10-01,3,Water pollution ; Acceptable daily intake ; Emerging contaminants ; Wastewater irrigation ; Water and food security,N/A,N/A,No,
MUHAMMAD IZZUDDIN SYAKIR ISHAK,56053988300,World Development Perspectives,https://www.scopus.com/inward/record.uri?partnerID=HzOxMe3b&scp=105009810718&origin=inward,2025-09-01,2,Social rights ; Socio-economic factors ; Stakeholder engagement ; Watershed management ; Willingness to participate,N/A,N/A,No,
MUHAMMAD IZZUDDIN SYAKIR ISHAK,56053988300,Journal for Nature Conservation,https://www.scopus.com/inward/record.uri?partnerID=HzOxMe3b&scp=105002680789&origin=inward,2025-08-01,4,Earthworm Abundance ; Ecological Services ; Economic Value ; Livestock Integration Strategies ; Oil Palm Management Practices ; Soil Quality rehabilitation,N/A,N/A,Yes,"All Open Access, Hybrid Gold"
MUHAMMAD IZZUDDIN SYAKIR ISHAK,56053988300,Mathematics Education Journal,https://www.scopus.com/inward/record.uri?partnerID=HzOxMe3b&scp=105013330730&origin=inward,2025-01-01,0,ESD ; Mathematical Communication Skills ; Problem-Based Learning ; SDGs (No-Poverty) ; Sedekah,N/A,N/A,Yes,"All Open Access, Gold"
MUHAMMAD IZZUDDIN SYAKIR ISHAK,56053988300,Archives of Agronomy and Soil Science,https://www.scopus.com/inward/record.uri?partnerID=HzOxMe3b&scp=86000019360&origin=inward,2025-01-01,6,climate change impact ; farmers ; Food security ; paddy production ; regenartive farming ; sustainability,N/A,N/A,Yes,"All Open Access, Gold"
MUHAMMAD IZZUDDIN SYAKIR ISHAK,56053988300,Cab Reviews Perspectives in Agriculture Veterinary Science Nutrition and Natural Resources,https://www.scopus.com/inward/record.uri?partnerID=HzOxMe3b&scp=105000960543&origin=inward,2025-01-01,0,economic sustainability ; environmental sustainability ; food security ; integrated crop livestock ; oil palm livestock system ; social sustainability,N/A,N/A,No,
MUHAMMAD IZZUDDIN SYAKIR ISHAK,56053988300,Weather and Forecasting,https://www.scopus.com/inward/record.uri?partnerID=HzOxMe3b&scp=85212279478&origin=inward,2024-12-01,3,Climate ; Climate change ; Climate variability ; Deep learning ; Renewable energy,N/A,N/A,No,
MUHAMMAD IZZUDDIN SYAKIR ISHAK,56053988300,Ecological Informatics,https://www.scopus.com/inward/record.uri?partnerID=HzOxMe3b&scp=85210135880&origin=inward,2024-12-01,19,Bias correction ; Deep learning ; Parameterization ; WRF model,N/A,N/A,Yes,"All Open Access, Gold"
MUHAMMAD IZZUDDIN SYAKIR ISHAK,56053988300,Biological Conservation,https://www.scopus.com/inward/record.uri?partnerID=HzOxMe3b&scp=85205249181&origin=inward,2024-11-01,5,Abundance ; Conservation ; Leaf litter weight ; Soil biodiversity ; Soil compaction ; Weight,N/A,N/A,No,
MUSFIRAH ZULKURNAIN,37070083300,Applied Food Research,https://www.scopus.com/inward/record.uri?partnerID=HzOxMe3b&scp=105011058805&origin=inward,2025-12-01,15,High-hydrostatic pressure ; In-vitro digestibility ; Physicochemical properties ; Sago starch,N/A,N/A,Yes,"All Open Access, Gold, Green"
MUSFIRAH ZULKURNAIN,37070083300,Food Chemistry,https://www.scopus.com/inward/record.uri?partnerID=HzOxMe3b&scp=105009695007&origin=inward,2025-11-15,1,Crassostrea belcheri ; Crassostrea iredalei ; DLLME ; Fatty acid ; GC×GC ; Oyster,N/A,N/A,No,
MUSFIRAH ZULKURNAIN,37070083300,International Journal of Biological Macromolecules,https://www.scopus.com/inward/record.uri?partnerID=HzOxMe3b&scp=105016781213&origin=inward,2025-11-01,4,Emulsion electrospinning ; Nanofibers ; Pullulan ; Tocotrienol ; Zein,N/A,N/A,No,
MUSFIRAH ZULKURNAIN,37070083300,International Journal of Biological Macromolecules,https://www.scopus.com/inward/record.uri?partnerID=HzOxMe3b&scp=105019111887&origin=inward,2025-11-01,0,Adsorption ; Alginate ; Biogenic CaCO3 ; Bisphenol A ; Magnetic nanoparticle ; Oyster shell ; Polypyrrole,N/A,N/A,No,
MUSFIRAH ZULKURNAIN,37070083300,Bio Web of Conferences,https://www.scopus.com/inward/record.uri?partnerID=HzOxMe3b&scp=105017963126&origin=inward,2025-09-09,0,N/A,N/A,N/A,Yes,"All Open Access, Gold, Green"
MUSFIRAH ZULKURNAIN,37070083300,Foods,https://www.scopus.com/inward/record.uri?partnerID=HzOxMe3b&scp=105015659628&origin=inward,2025-09-01,2,frying oils ; Ginkgo biloba leaves flavonoids ; natural antioxidant ; oxidative stability,N/A,N/A,Yes,"All Open Access, Gold, Green"
MUSFIRAH ZULKURNAIN,37070083300,Microchemical Journal,https://www.scopus.com/inward/record.uri?partnerID=HzOxMe3b&scp=105012904105&origin=inward,2025-09-01,3,LC-MS/MS ; Neonicotinoid pesticides ; Orthogonal array design ; QuEChERS ; Shrimp,N/A,N/A,No,
MUSFIRAH ZULKURNAIN,37070083300,Aquaculture Reports,https://www.scopus.com/inward/record.uri?partnerID=HzOxMe3b&scp=85207774109&origin=inward,2024-12-01,1,Neurotransmitter ; Sea cucumber ; Spawning behaviour ; Stichopus fusiformiossa,N/A,N/A,Yes,"All Open Access, Gold"
MUSFIRAH ZULKURNAIN,37070083300,Food Control,https://www.scopus.com/inward/record.uri?partnerID=HzOxMe3b&scp=85194373549&origin=inward,2024-10-01,8,Black tea ; Hazard index ; Hazard quotient ; Histamine ; HPLC ; Tyramine,N/A,N/A,No,
MUSFIRAH ZULKURNAIN,37070083300,Food and Bioprocess Technology,https://www.scopus.com/inward/record.uri?partnerID=HzOxMe3b&scp=85178967184&origin=inward,2024-09-01,5,Meat detachments ; Muscle release ; Shucking ; Superheated steam ; Tropical oysters,N/A,N/A,No,All Open Access
MUSFIRAH ZULKURNAIN,37070083300,Food and Bioprocess Technology,https://www.scopus.com/inward/record.uri?partnerID=HzOxMe3b&scp=85174294674&origin=inward,2024-06-01,4,5-hydroxymethylfurfural ; Advanced Glycation end Products ; Collagen ; Sulfated Polysaccharide,N/A,N/A,No,
MUSFIRAH ZULKURNAIN,37070083300,Food Research,https://www.scopus.com/inward/record.uri?partnerID=HzOxMe3b&scp=105000069503&origin=inward,2024-01-01,0,Acid hydrolysis ; Pullulanase ; Sago starch ; Starch nanocrystal ; Starch nanoparticle,N/A,N/A,Yes,"All Open Access, Gold"
MUSFIRAH ZULKURNAIN,37070083300,Solving Halal Industry Issues Through Research in Halal Sciences,https://www.scopus.com/inward/record.uri?partnerID=HzOxMe3b&scp=85210801453&origin=inward,2024-01-01,1,6Ds gamification framework ; Gamification ; Halal ecosystem,N/A,N/A,No,
MUSFIRAH ZULKURNAIN,37070083300,Graphene Based Nanomaterials Applications in Food Agriculture and Healthcare,https://www.scopus.com/inward/record.uri?partnerID=HzOxMe3b&scp=85180887245&origin=inward,2024-01-01,0,N/A,N/A,N/A,No,
NASEEM AKHTAR,57210263218,Environmental Monitoring and Assessment,https://www.scopus.com/inward/record.uri?partnerID=HzOxMe3b&scp=105038799033&origin=inward,2026-05-01,0,Emerging contaminants ; Monsoonal transport ; Southeast Asian catchments ; Spectroscopy characterization ; Urban runoff,N/A,N/A,No,
NASEEM AKHTAR,57210263218,Environmental Monitoring and Assessment,https://www.scopus.com/inward/record.uri?partnerID=HzOxMe3b&scp=105033446377&origin=inward,2026-04-01,0,Aquifer characteristics ; AWARE model ; Groundwater sustainability ; Life cycle assessment ; Paddy irrigation ; Pumping well yield,N/A,N/A,No,
NASEEM AKHTAR,57210263218,Energy Nexus,https://www.scopus.com/inward/record.uri?partnerID=HzOxMe3b&scp=105024919115&origin=inward,2026-03-01,3,Agricultural water management ; Environmental impact assessment ; Groundwater sustainability ; Hydrochemical characterization ; Water-energy nexus,N/A,N/A,Yes,"All Open Access, Gold"
NASEEM AKHTAR,57210263218,Paddy and Water Environment,https://www.scopus.com/inward/record.uri?partnerID=HzOxMe3b&scp=105026464906&origin=inward,2026-03-01,1,Aquifer stability and characteristics ; In-situ pumping test ; Pumping well yield ; Sustainable development,N/A,N/A,No,
NASEEM AKHTAR,57210263218,Advances in Geographic Information Science,https://www.scopus.com/inward/record.uri?partnerID=HzOxMe3b&scp=105039332411&origin=inward,2026-01-01,0,Climate change effects ; Environmental issues ; Groundwater development and management ; Recharging and discharging ; Water scarcity,N/A,N/A,No,
NASEEM AKHTAR,57210263218,Scientific Reports,https://www.scopus.com/inward/record.uri?partnerID=HzOxMe3b&scp=105025797781&origin=inward,2025-12-01,1,Energy consumption ; Environmental footprint ; Radioactive waste management ; Thorium extraction processing ; Various electrodes,N/A,N/A,Yes,"All Open Access, Gold, Green"
NASEEM AKHTAR,57210263218,Discover Sustainability,https://www.scopus.com/inward/record.uri?partnerID=HzOxMe3b&scp=105021496729&origin=inward,2025-12-01,2,Environmental challenges ; NUF and WLP residue ; Policies ; Rare earth elements ; Thorium extraction methods ; Waste management,N/A,N/A,Yes,"All Open Access, Gold, Green"
NASEEM AKHTAR,57210263218,Cleaner Engineering and Technology,https://www.scopus.com/inward/record.uri?partnerID=HzOxMe3b&scp=105002588961&origin=inward,2025-05-01,16,And sustainable management ; Energy consumption ; Environmental issues ; Thorium extraction,N/A,N/A,Yes,"All Open Access, Gold, Green"
NASEEM AKHTAR,57210263218,Environmental Science and Pollution Research,https://www.scopus.com/inward/record.uri?partnerID=HzOxMe3b&scp=85163069916&origin=inward,2025-05-01,1,Geochemistry ; Late Cretaceous-Paleocene ; Luk Ulo complex ; Metagranite ; Metapsammite ; U–Pb zircon dating,N/A,N/A,Yes,"All Open Access, Hybrid Gold"
NASEEM AKHTAR,57210263218,Aip Conference Proceedings,https://www.scopus.com/inward/record.uri?partnerID=HzOxMe3b&scp=105000757322&origin=inward,2025-02-25,0,N/A,N/A,N/A,No,
NASEEM AKHTAR,57210263218,Environmental Geochemistry and Health,https://www.scopus.com/inward/record.uri?partnerID=HzOxMe3b&scp=85214261139&origin=inward,2025-02-01,4,Anthropogenic activities ; Bauxite mining ; Beach sediments ; Heavy metals ; Pollution ; Tidal zones,N/A,N/A,No,
NASEEM AKHTAR,57210263218,Bioremediation and Nanotechnology for Climate Change Mitigation,https://www.scopus.com/inward/record.uri?partnerID=HzOxMe3b&scp=105024294572&origin=inward,2025-01-01,0,Groundwater and rainwater contamination ; Running water types ; Sustainable water resources development,N/A,N/A,No,
NASEEM AKHTAR,57210263218,Advances in Geographic Information Science,https://www.scopus.com/inward/record.uri?partnerID=HzOxMe3b&scp=105026563605&origin=inward,2025-01-01,0,Arsenic ; Environmental assessment ; Fluoride ; Remediation technologie,N/A,N/A,No,
NASEEM AKHTAR,57210263218,Environment Development and Sustainability,https://www.scopus.com/inward/record.uri?partnerID=HzOxMe3b&scp=105010618121&origin=inward,2025-01-01,5,And numerical modelling ; Hydrogeochemical models ; Hydrological and water quality models ; Sustainable development ; Water–rock interactions,N/A,N/A,No,
NASEEM AKHTAR,57210263218,Journal of Hydrology Regional Studies,https://www.scopus.com/inward/record.uri?partnerID=HzOxMe3b&scp=85198710884&origin=inward,2024-08-01,16,Fractal ; Groundwater ; Machine learning ; Souss-Massa mountainous basin,N/A,N/A,Yes,"All Open Access, Gold, Green"
NASEEM AKHTAR,57210263218,Global Nest Journal,https://www.scopus.com/inward/record.uri?partnerID=HzOxMe3b&scp=85190300672&origin=inward,2024-04-01,3,and Pearson correlation coefficient ; cluster analysis ; groundwater pollution ; Heavy metal concentrations ; principal factor analysis,N/A,N/A,Yes,"All Open Access, Bronze"
NINU KRISHNAN MODON VALAPPIL,55897644300,Natural Hazards,https://www.scopus.com/inward/record.uri?partnerID=HzOxMe3b&scp=105041828636&origin=inward,2026-06-01,0,Dam-break erosion ; Debris damming ; Extreme rainfall ; Geomorphic amplification ; Lateral erosion ; SL index ; Tropical landslides,N/A,N/A,No,
NINU KRISHNAN MODON VALAPPIL,55897644300,Natural Hazards,https://www.scopus.com/inward/record.uri?partnerID=HzOxMe3b&scp=85201010740&origin=inward,2025-01-01,4,Erosional dynamics ; Extreme rainfall ; Monsoon ; Spatial pattern ; Western ghats,N/A,N/A,No,
NINU KRISHNAN MODON VALAPPIL,55897644300,Bulletin of Atmospheric Science and Technology,https://www.scopus.com/inward/record.uri?partnerID=HzOxMe3b&scp=85211342836&origin=inward,2024-12-01,1,Cloud Optical Thickness ; Health hazards ; Mann Kendall ; Ozone ; Theil-Sen’s ; UVI,N/A,N/A,No,
NINU KRISHNAN MODON VALAPPIL,55897644300,Asian Journal of Atmospheric Environment,https://www.scopus.com/inward/record.uri?partnerID=HzOxMe3b&scp=85206243538&origin=inward,2024-12-01,2,COT ; Innovative trend analysis ; O3 column ; OMI/Aura ; SZA ; UVI,N/A,N/A,Yes,"All Open Access, Gold"
NINU KRISHNAN MODON VALAPPIL,55897644300,Environmental Monitoring and Assessment,https://www.scopus.com/inward/record.uri?partnerID=HzOxMe3b&scp=85181254472&origin=inward,2024-02-01,2,"Health effects ; Mann-Kendal, Sen’s slope estimator ; OMI/AURA ; Trend ; UV index",N/A,N/A,No,
NOOR AZIAH SERRI,14619489400,Green Energy and Technology,https://www.scopus.com/inward/record.uri?partnerID=HzOxMe3b&scp=105039964577&origin=inward,2026-01-01,0,Biorefinery ; Circular economy ; Life-cycle assessment ; Waste,N/A,N/A,No,
NOOR AZIAH SERRI,14619489400,Journal of Food Science,https://www.scopus.com/inward/record.uri?partnerID=HzOxMe3b&scp=105002084582&origin=inward,2025-04-01,3,alginate beads ; antioxidant activity ; immobilized pectinase ; papaya juice ; pectin,N/A,N/A,No,
NOOR AZIAH SERRI,14619489400,Journal of Physics Conference Series,https://www.scopus.com/inward/record.uri?partnerID=HzOxMe3b&scp=105007883770&origin=inward,2025-01-01,0,N/A,N/A,N/A,Yes,"All Open Access, Gold"
NOOR AZIAH SERRI,14619489400,Engineering Proceedings,https://www.scopus.com/inward/record.uri?partnerID=HzOxMe3b&scp=105009267991&origin=inward,2025-01-01,0,enzymatic analysis ; optimization ; response surface methodology ; saccharification ; watermelon rinds,N/A,N/A,Yes,"All Open Access, Gold, Green"
NOOR AZIAH SERRI,14619489400,Engineering Proceedings,https://www.scopus.com/inward/record.uri?partnerID=HzOxMe3b&scp=105009260032&origin=inward,2025-01-01,0,biomass lipid ; Chlorella vulgaris cultivation ; photobioreactor,N/A,N/A,Yes,"All Open Access, Gold, Green"
NOOR AZIAH SERRI,14619489400,Fottea,https://www.scopus.com/inward/record.uri?partnerID=HzOxMe3b&scp=105003050502&origin=inward,2025-01-01,1,fatty acid ; heterocytous ; Nostocales ; polyphasic characterization ; subaerophytic ; tropical cyanobacteria,N/A,N/A,Yes,"All Open Access, Gold"
NOR HAWANI SALIKIN,57214883101,Polymer International,https://www.scopus.com/inward/record.uri?partnerID=HzOxMe3b&scp=105026309547&origin=inward,2026-05-01,1,biopolymers ; composite aerogels ; encapsulation ; nutrient delivery ; slow-release fertilizers ; sustainable agriculture,N/A,N/A,No,
NOR HAWANI SALIKIN,57214883101,Journal of Sustainability Science and Management,https://www.scopus.com/inward/record.uri?partnerID=HzOxMe3b&scp=105039443918&origin=inward,2026-01-01,0,biofuel ; Stimulating learning ; sustainability,N/A,N/A,Yes,"All Open Access, Bronze"
NOR HAWANI SALIKIN,57214883101,Malaysian Journal of Microbiology,https://www.scopus.com/inward/record.uri?partnerID=HzOxMe3b&scp=86000361879&origin=inward,2025-01-01,0,agro-wastes ; Aspergillus niger HFM 8 ; pectinase ; pomelo peels ; SSF,N/A,N/A,Yes,"All Open Access, Gold"
NOR HAWANI SALIKIN,57214883101,Controlling Environmental Pollution Practical Solutions,https://www.scopus.com/inward/record.uri?partnerID=HzOxMe3b&scp=105002546713&origin=inward,2025-01-01,5,Agriculture ; Agrochemical ; Antibiotic resistance genes (ARGs) ; Environmental pollutions ; Greenhouse gases (GHGs) ; Microplastic,N/A,N/A,No,
NOR HAWANI SALIKIN,57214883101,Controlling Environmental Pollution Practical Solutions,https://www.scopus.com/inward/record.uri?partnerID=HzOxMe3b&scp=105002542477&origin=inward,2025-01-01,4,N/A,N/A,N/A,No,
NOR HAWANI SALIKIN,57214883101,World Journal of Microbiology and Biotechnology,https://www.scopus.com/inward/record.uri?partnerID=HzOxMe3b&scp=85211364807&origin=inward,2024-12-01,8,Antibiofilm ; Efflux pump inhibitors ; Multidrug-resistant (MDR) bacteria ; Staphylococcus aureus ; Terpenes ; Terpenes delivery system,N/A,N/A,No,
NOR HAWANI SALIKIN,57214883101,Malaysian Journal of Microbiology,https://www.scopus.com/inward/record.uri?partnerID=HzOxMe3b&scp=85212539474&origin=inward,2024-01-01,0,Antimicrobial ; bioactive compounds ; endophytes ; Nigrospora species ; Swietenia macrophylla King,N/A,N/A,Yes,"All Open Access, Gold"
NOR HAWANI SALIKIN,57214883101,Asia Pacific Journal of Molecular Biology and Biotechnology,https://www.scopus.com/inward/record.uri?partnerID=HzOxMe3b&scp=85199442109&origin=inward,2024-01-01,2,antibacterial ; antifouling ; copper tannate ; mangrove ; tannin,N/A,N/A,Yes,"All Open Access, Gold"
NOR SHARIFFA YUSSOF,55946448600,Journal of Food Measurement and Characterization,https://www.scopus.com/inward/record.uri?partnerID=HzOxMe3b&scp=105038349166&origin=inward,2026-01-01,0,Antimicrobial ; Antioxidant ; Emulsification ; Emulsion ; Oxidation,N/A,N/A,No,
NOR SHARIFFA YUSSOF,55946448600,Food Reviews International,https://www.scopus.com/inward/record.uri?partnerID=HzOxMe3b&scp=105021411920&origin=inward,2026-01-01,3,Artificial intelligence ; food policy ; food processing ; food security ; industrial revolution ; machine learning,N/A,N/A,No,
NOR SHARIFFA YUSSOF,55946448600,Bioactive Carbohydrates and Dietary Fibre,https://www.scopus.com/inward/record.uri?partnerID=HzOxMe3b&scp=105021257414&origin=inward,2025-12-01,3,Antioxidant activity ; Emulsion ; Essential oil ; Plant-based milk ; Ultrasonication,N/A,N/A,No,
NOR SHARIFFA YUSSOF,55946448600,Applied Food Research,https://www.scopus.com/inward/record.uri?partnerID=HzOxMe3b&scp=105011058805&origin=inward,2025-12-01,15,High-hydrostatic pressure ; In-vitro digestibility ; Physicochemical properties ; Sago starch,N/A,N/A,Yes,"All Open Access, Gold, Green"
NOR SHARIFFA YUSSOF,55946448600,Applied Food Research,https://www.scopus.com/inward/record.uri?partnerID=HzOxMe3b&scp=86000553570&origin=inward,2025-06-01,4,Antioxidant ; Essential oil ; Microemulsion ; Oxidation ; Soy milk,N/A,N/A,Yes,"All Open Access, Gold, Green"
NOR SHARIFFA YUSSOF,55946448600,Journal of Food Measurement and Characterization,https://www.scopus.com/inward/record.uri?partnerID=HzOxMe3b&scp=105003402284&origin=inward,2025-05-01,9,Emulsification ; Essential oil encapsulation ; Food preservation ; Functional food ; Milk fortification,N/A,N/A,No,
NOR SHARIFFA YUSSOF,55946448600,ACS Food Science and Technology,https://www.scopus.com/inward/record.uri?partnerID=HzOxMe3b&scp=85207242034&origin=inward,2024-11-15,1,adsorption ; controlled release ; magnesium starch nanomaterial ; vitamin D3,N/A,N/A,No,
NORAZATUL HANIM MOHD ROZALLI,56966599000,Packaging Operations in the Food Industry Unit Operations and Processing Equipment in the Food Industry,https://www.scopus.com/inward/record.uri?partnerID=HzOxMe3b&scp=105033420490&origin=inward,2026-01-01,0,biocomposite films ; food sector ; nanoparticles ; Nanotechnology ; silver,N/A,N/A,No,
NORAZATUL HANIM MOHD ROZALLI,56966599000,Journal of Food Measurement and Characterization,https://www.scopus.com/inward/record.uri?partnerID=HzOxMe3b&scp=85206693545&origin=inward,2024-11-01,4,Hygroscopicity ; Papaya powder ; Scanning electron microscopy ; Superheated steam drying,N/A,N/A,No,
NORAZATUL HANIM MOHD ROZALLI,56966599000,Food and Bioprocess Technology,https://www.scopus.com/inward/record.uri?partnerID=HzOxMe3b&scp=85178967184&origin=inward,2024-09-01,5,Meat detachments ; Muscle release ; Shucking ; Superheated steam ; Tropical oysters,N/A,N/A,No,All Open Access
NORAZATUL HANIM MOHD ROZALLI,56966599000,International Journal of Biological Macromolecules,https://www.scopus.com/inward/record.uri?partnerID=HzOxMe3b&scp=85190291077&origin=inward,2024-05-01,71,Active packaging ; Functional compounds ; Green chemicals ; Green extraction ; Intelligent packaging,N/A,N/A,Yes,"All Open Access, Hybrid Gold"
NORAZATUL HANIM MOHD ROZALLI,56966599000,International Journal of Biological Macromolecules,https://www.scopus.com/inward/record.uri?partnerID=HzOxMe3b&scp=85185887636&origin=inward,2024-03-01,23,Food safety ; Freshness monitoring ; Intelligent film,N/A,N/A,No,
NORAZATUL HANIM MOHD ROZALLI,56966599000,Characterization Techniques in Bionanocomposites Advances Challenges and Applications,https://www.scopus.com/inward/record.uri?partnerID=HzOxMe3b&scp=85205161165&origin=inward,2024-01-01,9,bionanocomposite ; biopolymer matrix ; biopolymers ; gas transport ; nanoreinforcement ; Permeability ; permeability properties ; Tortuous Path Model,N/A,N/A,No,
NOREEN SULIANI MAT NANYAN,57210452297,Heliyon,https://www.scopus.com/inward/record.uri?partnerID=HzOxMe3b&scp=85193061869&origin=inward,2024-05-30,7,Biodiesel-derived crude glycerol ; Enzymatic ; Monoglycerides ; Solvent-free,N/A,N/A,Yes,"All Open Access, Gold, Green"
NOREEN SULIANI MAT NANYAN,57210452297,International Journal of Biological Macromolecules,https://www.scopus.com/inward/record.uri?partnerID=HzOxMe3b&scp=85183450430&origin=inward,2024-03-01,52,Biodiesel ; Crude glycerol ; Polymers,N/A,N/A,Yes,"All Open Access, Hybrid Gold"
NORHANIZA AMIL,56891475100,Healthcare Switzerland,https://www.scopus.com/inward/record.uri?partnerID=HzOxMe3b&scp=105022864481&origin=inward,2025-11-01,5,adult learners ; occupational ergonomics ; stress ; teaching professionals ; work-related musculoskeletal disorder ; workplace safety and health,N/A,N/A,Yes,"All Open Access, Gold"
NORHANIZA AMIL,56891475100,Environmental Monitoring and Assessment,https://www.scopus.com/inward/record.uri?partnerID=HzOxMe3b&scp=105009532558&origin=inward,2025-07-01,0,Dioxins ; Dl-PCBs ; Particulate mass ; Peatland fires ; PNC,N/A,N/A,No,
NORHANIZA AMIL,56891475100,Air Quality Atmosphere and Health,https://www.scopus.com/inward/record.uri?partnerID=HzOxMe3b&scp=85119998245&origin=inward,2024-06-01,2,Haze event ; Health risk assessment ; Indoor air quality ; Particulate matters,N/A,N/A,No,
NORHANIZA AMIL,56891475100,Journal of Sustainability Science and Management,https://www.scopus.com/inward/record.uri?partnerID=HzOxMe3b&scp=85200234890&origin=inward,2024-01-01,0,Household chemical products ; Malaysia National Poison Center ; poison reagent ; poisoning ; sustainable health,N/A,N/A,Yes,"All Open Access, Bronze"
NORLI ISMAIL,57190834500,Environmental Engineering Research,https://www.scopus.com/inward/record.uri?partnerID=HzOxMe3b&scp=105035187467&origin=inward,2026-10-01,0,Biogas ; Biomass ; Biopurification ; Biosorbent ; Composite biosorbents ; Fe3+ crosslinking,N/A,N/A,Yes,"All Open Access, Gold"
NORLI ISMAIL,57190834500,Green Energy and Technology,https://www.scopus.com/inward/record.uri?partnerID=HzOxMe3b&scp=105039983565&origin=inward,2026-01-01,0,Bacterial nanofillers ; Biodegradable polymers ; Dye wastewater remediation ; Green solvent extraction ; Microbial composite films,N/A,N/A,No,
NORLI ISMAIL,57190834500,Green Energy and Technology,https://www.scopus.com/inward/record.uri?partnerID=HzOxMe3b&scp=105039999417&origin=inward,2026-01-01,0,Bioethanol ; Biofuel ; Genetic manipulation ; Lipid ; Microorganisms,N/A,N/A,No,
NORLI ISMAIL,57190834500,Aquatic Conservation Marine and Freshwater Ecosystems,https://www.scopus.com/inward/record.uri?partnerID=HzOxMe3b&scp=105022489882&origin=inward,2025-11-01,0,aquatic organisms ; ecological risk ; mangrove marine pollution ; microplastics ; safe clean water source ; water resource aquatic toxicology,N/A,N/A,No,
NORLI ISMAIL,57190834500,Cleaner Waste Systems,https://www.scopus.com/inward/record.uri?partnerID=HzOxMe3b&scp=105001836782&origin=inward,2025-06-01,9,China ; Circular economy ; Industrial waste management ; Knowledge-Attitude-Practice (KAP) model ; Sustainable development,N/A,N/A,Yes,"All Open Access, Gold"
NORLI ISMAIL,57190834500,Open Life Sciences,https://www.scopus.com/inward/record.uri?partnerID=HzOxMe3b&scp=105000333713&origin=inward,2025-01-01,7,Bacillus species ; cellulolytic ability ; consortia ; landfill leachate ; lignocellulose biomass,N/A,N/A,Yes,"All Open Access, Gold, Green"
NORLI ISMAIL,57190834500,Solid Waste Management Challenges and Recent Solutions,https://www.scopus.com/inward/record.uri?partnerID=HzOxMe3b&scp=85210830958&origin=inward,2024-11-29,1,N/A,N/A,N/A,No,
NORLI ISMAIL,57190834500,Solid Waste Management Challenges and Recent Solutions,https://www.scopus.com/inward/record.uri?partnerID=HzOxMe3b&scp=85210809922&origin=inward,2024-11-29,0,N/A,N/A,N/A,No,
NORLI ISMAIL,57190834500,Solid Waste Management Challenges and Recent Solutions,https://www.scopus.com/inward/record.uri?partnerID=HzOxMe3b&scp=85210827706&origin=inward,2024-11-29,0,N/A,N/A,N/A,No,
NORLI ISMAIL,57190834500,Solid Waste Management Challenges and Recent Solutions,https://www.scopus.com/inward/record.uri?partnerID=HzOxMe3b&scp=85210831821&origin=inward,2024-11-29,2,N/A,N/A,N/A,No,
NORLI ISMAIL,57190834500,Solid Waste Management Challenges and Recent Solutions,https://www.scopus.com/inward/record.uri?partnerID=HzOxMe3b&scp=85210815517&origin=inward,2024-11-29,0,N/A,N/A,N/A,No,
NORLI ISMAIL,57190834500,Solid Waste Management Challenges and Recent Solutions,https://www.scopus.com/inward/record.uri?partnerID=HzOxMe3b&scp=85210842478&origin=inward,2024-11-29,0,N/A,N/A,N/A,No,
NORLI ISMAIL,57190834500,Solid Waste Management Challenges and Recent Solutions,https://www.scopus.com/inward/record.uri?partnerID=HzOxMe3b&scp=85210869564&origin=inward,2024-11-29,0,N/A,N/A,N/A,No,
NORLI ISMAIL,57190834500,Solid Waste Management Challenges and Recent Solutions,https://www.scopus.com/inward/record.uri?partnerID=HzOxMe3b&scp=85210865875&origin=inward,2024-11-29,0,N/A,N/A,N/A,No,
NORLI ISMAIL,57190834500,ACS Symposium Series,https://www.scopus.com/inward/record.uri?partnerID=HzOxMe3b&scp=85209717113&origin=inward,2024-10-01,3,N/A,N/A,N/A,No,
NORLI ISMAIL,57190834500,Results in Chemistry,https://www.scopus.com/inward/record.uri?partnerID=HzOxMe3b&scp=85200347220&origin=inward,2024-08-01,5,D2EHPA ; Industrial wastewater ; Separation ; Strip dispersion ; Transport rate,N/A,N/A,Yes,"All Open Access, Gold"
NORLI ISMAIL,57190834500,Jurnal Teknologi,https://www.scopus.com/inward/record.uri?partnerID=HzOxMe3b&scp=85197320415&origin=inward,2024-07-01,3,analysis ; marine ; Microplastics ; river ; sampling,N/A,N/A,Yes,"All Open Access, Gold"
NORLI ISMAIL,57190834500,Marine Biomass Biorefinery Bioproducts and Environmental Bioremediation,https://www.scopus.com/inward/record.uri?partnerID=HzOxMe3b&scp=85196342137&origin=inward,2024-06-17,1,Biochar ; Biofertilizers ; Bioplastics ; Cosmetics ; Diatoms ; Food ; Macroalgae ; Microalgae ; Pharnaceuticals ; Seaweeds,N/A,N/A,No,
NORLI ISMAIL,57190834500,Marine Biomass Biorefinery Bioproducts and Environmental Bioremediation,https://www.scopus.com/inward/record.uri?partnerID=HzOxMe3b&scp=85196351777&origin=inward,2024-06-17,0,Adsorbent ; Biochar ; Industrial effluent ; Marine algae,N/A,N/A,No,
NORLI ISMAIL,57190834500,Journal of Sustainability Science and Management,https://www.scopus.com/inward/record.uri?partnerID=HzOxMe3b&scp=85193483101&origin=inward,2024-04-01,0,Bacillus subtilis ; comprehensive strength ; delayed ettringite formation ; sulphate reduction ; waste concrete aggregate,N/A,N/A,Yes,"All Open Access, Bronze"
NORLIA MAHROR,57202497867,Pertanika Journal of Tropical Agricultural Science,https://www.scopus.com/inward/record.uri?partnerID=HzOxMe3b&scp=105015956325&origin=inward,2025-08-01,1,microbiological quality ; pasteurization ; physicochemical quality ; Rock melon,N/A,N/A,Yes,"All Open Access, Gold"
NORLIA MAHROR,57202497867,Pertanika Journal of Tropical Agricultural Science,https://www.scopus.com/inward/record.uri?partnerID=HzOxMe3b&scp=105005312961&origin=inward,2025-05-01,2,Microbiological quality ; pasteurisation ; physicochemical properties ; red dragon fruit ; vitamin C,N/A,N/A,No,
NORLIA MAHROR,57202497867,Food Bioscience,https://www.scopus.com/inward/record.uri?partnerID=HzOxMe3b&scp=85218850919&origin=inward,2025-04-01,8,Aspergillus flavus ; Aspergillus niger ; Chilli ; Essential oils,N/A,N/A,No,
NORLIA MAHROR,57202497867,Efood,https://www.scopus.com/inward/record.uri?partnerID=HzOxMe3b&scp=105000272143&origin=inward,2025-04-01,1,cytochrome P450 (CYP61) ; food safety ; metagenomic analysis ; microbial consortium ; T-2 toxin degradation,N/A,N/A,Yes,"All Open Access, Gold, Green"
NORLIA MAHROR,57202497867,Current Traditional Medicine,https://www.scopus.com/inward/record.uri?partnerID=HzOxMe3b&scp=85176227849&origin=inward,2024-01-01,5,Depression ; drugs ; functional enrichment analysis ; herbal medicines ; terpenoids ; triterpenoid saponins,N/A,N/A,No,
NORLIA MAHROR,57202497867,Frontiers in Microbiology,https://www.scopus.com/inward/record.uri?partnerID=HzOxMe3b&scp=85203135863&origin=inward,2024-01-01,19,clean fermentation ; kombucha ; metabolome ; microbial identification ; symbiosis,N/A,N/A,Yes,"All Open Access, Gold, Green"
NUR IZZAATI SAHARUDIN,56393007400,Journal of Renewable Materials,https://www.scopus.com/inward/record.uri?partnerID=HzOxMe3b&scp=105040391373&origin=inward,2026-01-01,0,biocomposite ; bomb calorimetry ; calorific value ; natural binder ; Plant-based starch ; sustainability,N/A,N/A,Yes,"All Open Access, Hybrid Gold"
NUR IZZAATI SAHARUDIN,56393007400,Journal of Physical Science,https://www.scopus.com/inward/record.uri?partnerID=HzOxMe3b&scp=105040365350&origin=inward,2026-01-01,0,agar ; degradation ; hydrophobicity ; melt-compressed ; thermal processed,N/A,N/A,Yes,"All Open Access, Gold"
NUR IZZAATI SAHARUDIN,56393007400,International Journal of Adhesion and Adhesives,https://www.scopus.com/inward/record.uri?partnerID=HzOxMe3b&scp=85214002134&origin=inward,2025-03-01,2,And formaldehyde-free ; Bamboo particleboard ; Bio-based adhesives ; Citric acid ; Nelumbo nucifera starch,N/A,N/A,No,
NUR IZZAATI SAHARUDIN,56393007400,Polimery Polymers,https://www.scopus.com/inward/record.uri?partnerID=HzOxMe3b&scp=105009640587&origin=inward,2025-01-01,0,carbonization ; char ; degradation ; plastic waste ; thermal stability,N/A,N/A,Yes,"All Open Access, Gold"
NUR IZZAATI SAHARUDIN,56393007400,Polimery Polymers,https://www.scopus.com/inward/record.uri?partnerID=HzOxMe3b&scp=105008680188&origin=inward,2025-01-01,0,carbonization ; mechanical properties ; morphology ; particles size ; plastic waste,N/A,N/A,Yes,"All Open Access, Gold"
NUR IZZAATI SAHARUDIN,56393007400,Industrial Crops and Products,https://www.scopus.com/inward/record.uri?partnerID=HzOxMe3b&scp=85207944255&origin=inward,2024-12-15,10,Anhydride modification ; Biopolymer ; Lignin ; Microfiller ; Non-woven bast ; Sustainability,N/A,N/A,No,
NUR IZZAATI SAHARUDIN,56393007400,Advances in Bamboo Science,https://www.scopus.com/inward/record.uri?partnerID=HzOxMe3b&scp=85198756514&origin=inward,2024-08-01,2,Bamboo Fibres ; Disposable Face Masks ; Eco-Composite ; Non-Woven Polypropylene,N/A,N/A,Yes,"All Open Access, Gold, Green"
NUR IZZAATI SAHARUDIN,56393007400,Polymer Composites,https://www.scopus.com/inward/record.uri?partnerID=HzOxMe3b&scp=85190378187&origin=inward,2024-07-10,26,biocomposite ; microfiller ; PHBV ; spent coffee grounds ; sustainable packaging,N/A,N/A,No,
NUR IZZAATI SAHARUDIN,56393007400,Express Polymer Letters,https://www.scopus.com/inward/record.uri?partnerID=HzOxMe3b&scp=85184991462&origin=inward,2024-04-01,9,cleaner approach ; isolation ; nanocellulose ; oil palm empty fruit bunch ; supercritical treatment,N/A,N/A,Yes,"All Open Access, Gold, Green"
NUR IZZAATI SAHARUDIN,56393007400,Polymer Engineering and Science,https://www.scopus.com/inward/record.uri?partnerID=HzOxMe3b&scp=85178411940&origin=inward,2024-02-01,8,bioaerogel ; cellulose nanofiber ; eco-friendly ; freeze–thaw ; palm oil empty fruit bunch ; water resistant,N/A,N/A,No,
NURUL FAZITA MOHAMMAD RAWI,35211459300,Environmental Technology and Innovation,https://www.scopus.com/inward/record.uri?partnerID=HzOxMe3b&scp=105021246797&origin=inward,2025-11-01,1,Biogas valorization ; Nutrient ; Oil palm sap ; Polyhydroxybutyrate ; Simple two-step enrichment ; Type II Methanotrophs,N/A,N/A,Yes,"All Open Access, Gold, Green"
NURUL FAZITA MOHAMMAD RAWI,35211459300,Polymer Engineering and Science,https://www.scopus.com/inward/record.uri?partnerID=HzOxMe3b&scp=105012964189&origin=inward,2025-10-01,1,3D printing ; compatibilization ; halochromic polymers ; pH-responsive materials ; PLA/PBAT blends,N/A,N/A,No,
NURUL FAZITA MOHAMMAD RAWI,35211459300,International Journal of Biological Macromolecules,https://www.scopus.com/inward/record.uri?partnerID=HzOxMe3b&scp=105015151035&origin=inward,2025-10-01,5,Biofilm ; Cellulose nanofiber ; Hydrophobicity ; Semi-refined carrageenan ; Triethoxymethylsilane,N/A,N/A,No,
NURUL FAZITA MOHAMMAD RAWI,35211459300,Composites Communications,https://www.scopus.com/inward/record.uri?partnerID=HzOxMe3b&scp=105007165981&origin=inward,2025-08-01,5,3D printing ; Biopolymer ; Nanocellulose ; Nanocomposites ; Polymer blend,N/A,N/A,No,
NURUL FAZITA MOHAMMAD RAWI,35211459300,Polymer Engineering and Science,https://www.scopus.com/inward/record.uri?partnerID=HzOxMe3b&scp=105001558815&origin=inward,2025-06-01,1,antibacterial ; bioaerogel ; biocompatibility ; chitosan ; rambutan extract,N/A,N/A,Yes,"All Open Access, Bronze"
NURUL FAZITA MOHAMMAD RAWI,35211459300,International Journal of Biological Macromolecules,https://www.scopus.com/inward/record.uri?partnerID=HzOxMe3b&scp=85217950216&origin=inward,2025-05-01,18,Fire resistance ; Flammability ; Natural fibre ; Polymer composites ; Thermal,N/A,N/A,No,
NURUL FAZITA MOHAMMAD RAWI,35211459300,Polymer Engineering and Science,https://www.scopus.com/inward/record.uri?partnerID=HzOxMe3b&scp=105001022985&origin=inward,2025-05-01,6,biofilm ; cellulose nanofiber ; raw seaweed ; semi-refined carrageenan ; sustainable packaging,N/A,N/A,Yes,"All Open Access, Bronze"
NURUL FAZITA MOHAMMAD RAWI,35211459300,Biomass Conversion and Biorefinery,https://www.scopus.com/inward/record.uri?partnerID=HzOxMe3b&scp=86000376873&origin=inward,2025-02-01,3,Blend films ; Carboxymethyl Cellulose ; Hemicellulose ; Oil palm trunk ; Thermal properties,N/A,N/A,No,
NURUL FAZITA MOHAMMAD RAWI,35211459300,Bamboo Based Polymer Composites Fundamentals Properties Applications and Performance,https://www.scopus.com/inward/record.uri?partnerID=HzOxMe3b&scp=105011235034&origin=inward,2025-01-01,0,DMA ; Flammability ; UL-94 ; Woven bamboo fibre ; Woven carbon fibre,N/A,N/A,No,
NURUL FAZITA MOHAMMAD RAWI,35211459300,Bamboo Based Polymer Composites Fundamentals Properties Applications and Performance,https://www.scopus.com/inward/record.uri?partnerID=HzOxMe3b&scp=105011215944&origin=inward,2025-01-01,1,Hybrid composites ; Stacking sequence ; Stiffness ; Woven bamboo fibre ; Woven carbon fibre,N/A,N/A,No,
NURUL FAZITA MOHAMMAD RAWI,35211459300,International Journal of Biological Macromolecules,https://www.scopus.com/inward/record.uri?partnerID=HzOxMe3b&scp=85197340005&origin=inward,2024-08-01,74,Lignin properties ; Lignin utilization ; Technical lignin,N/A,N/A,No,
NURUL FAZITA MOHAMMAD RAWI,35211459300,World Journal of Microbiology and Biotechnology,https://www.scopus.com/inward/record.uri?partnerID=HzOxMe3b&scp=85195971841&origin=inward,2024-08-01,6,Burkholderia ambifaria strain E5-3 ; Fed-batch fermentation ; Inhibitor tolerance ; Lignocellulosic biomass ; Polyhydroxybutyrate,N/A,N/A,No,
NURUL FAZITA MOHAMMAD RAWI,35211459300,Polymer Bulletin,https://www.scopus.com/inward/record.uri?partnerID=HzOxMe3b&scp=85180507371&origin=inward,2024-06-01,21,DMA ; Modulus ; Polymer composites ; Sugar palm fiber,N/A,N/A,No,
NURUL FAZITA MOHAMMAD RAWI,35211459300,Journal of Applied Polymer Science,https://www.scopus.com/inward/record.uri?partnerID=HzOxMe3b&scp=85187137010&origin=inward,2024-05-15,5,biodegradable ; biomaterials ; biosynthesis of polymers ; cellulose and other wood products ; synthesis and processing techniques,N/A,N/A,Yes,"All Open Access, Bronze"
NURUL FAZITA MOHAMMAD RAWI,35211459300,Emerging Sustainable and Renewable Composites from Packaging to Electronics,https://www.scopus.com/inward/record.uri?partnerID=HzOxMe3b&scp=85196692393&origin=inward,2024-01-01,4,N/A,N/A,N/A,No,
NURUL FAZITA MOHAMMAD RAWI,35211459300,Pertanika Journal of Science and Technology,https://www.scopus.com/inward/record.uri?partnerID=HzOxMe3b&scp=85203835925&origin=inward,2024-01-01,3,Autohydrolysis ; dissolving pulp ; non-wood biomass ; oil palm trunk ; soda pulping,N/A,N/A,Yes,"All Open Access, Hybrid Gold"
RAHUL DEV BHAIRWAN,57219182561,Biomass and Bioenergy,https://www.scopus.com/inward/record.uri?partnerID=HzOxMe3b&scp=105027037573&origin=inward,2026-06-01,3,Barrier performance ; Biopolymer nanocomposites ; Circular bioeconomy ; Kappaphycus alvarezii ; Seaweed biomass ; Silica nanoparticle ; Sustainable packaging,N/A,N/A,No,
RAHUL DEV BHAIRWAN,57219182561,Polymer Bulletin,https://www.scopus.com/inward/record.uri?partnerID=HzOxMe3b&scp=105035322701&origin=inward,2026-06-01,0,Amphiphobic surfaces ; Bio-based polymers ; Cellulose surface modification ; Chitosan-based emulsions ; Polymer coatings ; Wax–polymer interactions,N/A,N/A,No,
RAHUL DEV BHAIRWAN,57219182561,Bioresource Technology Reports,https://www.scopus.com/inward/record.uri?partnerID=HzOxMe3b&scp=105029719710&origin=inward,2026-06-01,0,Biodegradable nanocomposites ; Interfacial interactions ; Raman spectroscopy ; Rice husk-derived silica nanoparticles ; Seaweed biopolymer ; Sustainable materials,N/A,N/A,No,
RAHUL DEV BHAIRWAN,57219182561,Polymer International,https://www.scopus.com/inward/record.uri?partnerID=HzOxMe3b&scp=105026309547&origin=inward,2026-05-01,1,biopolymers ; composite aerogels ; encapsulation ; nutrient delivery ; slow-release fertilizers ; sustainable agriculture,N/A,N/A,No,
RAHUL DEV BHAIRWAN,57219182561,Express Polymer Letters,https://www.scopus.com/inward/record.uri?partnerID=HzOxMe3b&scp=105027241079&origin=inward,2026-02-01,0,aerogel ; antibacterial activity ; chitosan ; in vitro cell viability study ; ultrasonic-assisted extraction,N/A,N/A,Yes,"All Open Access, Gold, Green"
RAHUL DEV BHAIRWAN,57219182561,Journal of Environmental Chemical Engineering,https://www.scopus.com/inward/record.uri?partnerID=HzOxMe3b&scp=105025029481&origin=inward,2026-02-01,4,Barrier properties ; Bio-nanocomposites ; Rice husk silica nanoparticles ; Seaweed films ; Sustainable packaging,N/A,N/A,No,
RAHUL DEV BHAIRWAN,57219182561,Polymer Engineering and Science,https://www.scopus.com/inward/record.uri?partnerID=HzOxMe3b&scp=105021268279&origin=inward,2026-01-01,1,biodegradable packaging ; biofiller ; PHBV biocomposites ; spent coffee grounds ; sustainable materials ; waste valorization,N/A,N/A,No,
RAHUL DEV BHAIRWAN,57219182561,Bioresource Technology Reports,https://www.scopus.com/inward/record.uri?partnerID=HzOxMe3b&scp=105020962859&origin=inward,2025-12-01,0,Agro-food organic residues ; Biodegradable materials ; Circular economy ; Hybrid fillers ; Waste valorization,N/A,N/A,No,
RAHUL DEV BHAIRWAN,57219182561,Biofuels Bioproducts and Biorefining,https://www.scopus.com/inward/record.uri?partnerID=HzOxMe3b&scp=105004705823&origin=inward,2025-11-01,3,Bast fiber ; bioproduct ; health care ; microfiller ; palm shell lignin,N/A,N/A,Yes,"All Open Access, Bronze"
RAHUL DEV BHAIRWAN,57219182561,International Journal of Biological Macromolecules,https://www.scopus.com/inward/record.uri?partnerID=HzOxMe3b&scp=105015151035&origin=inward,2025-10-01,5,Biofilm ; Cellulose nanofiber ; Hydrophobicity ; Semi-refined carrageenan ; Triethoxymethylsilane,N/A,N/A,No,
RAHUL DEV BHAIRWAN,57219182561,Polymer Composites,https://www.scopus.com/inward/record.uri?partnerID=HzOxMe3b&scp=85214085716&origin=inward,2025-06-10,6,abaca fiber ; anhydride modification ; biocomposite ; fiber reinforcement ; mechanical properties,N/A,N/A,Yes,"All Open Access, Bronze"
RAHUL DEV BHAIRWAN,57219182561,Express Polymer Letters,https://www.scopus.com/inward/record.uri?partnerID=HzOxMe3b&scp=105004682418&origin=inward,2025-06-01,2,biopolymer ; compatibility ; patchouli lignin ; sustainable materials ; ternary blend,N/A,N/A,Yes,"All Open Access, Gold, Green"
RAHUL DEV BHAIRWAN,57219182561,Bioresource Technology Reports,https://www.scopus.com/inward/record.uri?partnerID=HzOxMe3b&scp=105005065363&origin=inward,2025-06-01,7,Biopolymer ; Circular bioeconomy ; Lignin extraction ; Patchouli waste fiber ; Spent coffee grounds,N/A,N/A,No,
RAHUL DEV BHAIRWAN,57219182561,Polymer Engineering and Science,https://www.scopus.com/inward/record.uri?partnerID=HzOxMe3b&scp=105001022985&origin=inward,2025-05-01,6,biofilm ; cellulose nanofiber ; raw seaweed ; semi-refined carrageenan ; sustainable packaging,N/A,N/A,Yes,"All Open Access, Bronze"
RAHUL DEV BHAIRWAN,57219182561,International Journal of Biological Macromolecules,https://www.scopus.com/inward/record.uri?partnerID=HzOxMe3b&scp=85217774548&origin=inward,2025-04-01,3,Anhydride modification ; Biopolymer ; Blend ; Compatibility ; Lignin,N/A,N/A,No,
RAHUL DEV BHAIRWAN,57219182561,Express Polymer Letters,https://www.scopus.com/inward/record.uri?partnerID=HzOxMe3b&scp=85216924786&origin=inward,2025-03-01,9,biofiller ; biopolymer ; compatibility ; extracted lignin ; polymer blend,N/A,N/A,Yes,"All Open Access, Gold, Green"
RAHUL DEV BHAIRWAN,57219182561,Polymer Engineering and Science,https://www.scopus.com/inward/record.uri?partnerID=HzOxMe3b&scp=85212680853&origin=inward,2025-02-01,13,biocomposites ; biofiller ; biopolymer ; coffee waste ; recycling waste ; sustainable packaging,N/A,N/A,Yes,"All Open Access, Bronze"
RAHUL DEV BHAIRWAN,57219182561,Clean Technologies and Environmental Policy,https://www.scopus.com/inward/record.uri?partnerID=HzOxMe3b&scp=85213278068&origin=inward,2025-02-01,9,Biopolymers ; Cellulose ; Cellulose derivatives ; Fruit peel ; Sustainable materials ; Tropical fruit,N/A,N/A,No,
RAHUL DEV BHAIRWAN,57219182561,Industrial Crops and Products,https://www.scopus.com/inward/record.uri?partnerID=HzOxMe3b&scp=85207944255&origin=inward,2024-12-15,10,Anhydride modification ; Biopolymer ; Lignin ; Microfiller ; Non-woven bast ; Sustainability,N/A,N/A,No,
RAHUL DEV BHAIRWAN,57219182561,Nano Structures and Nano Objects,https://www.scopus.com/inward/record.uri?partnerID=HzOxMe3b&scp=85205372991&origin=inward,2024-12-01,8,Bioaerogel ; Carboxymethyl cellulose ; Durian peel waste ; Green materials,N/A,N/A,No,
RAHUL DEV BHAIRWAN,57219182561,International Journal of Biological Macromolecules,https://www.scopus.com/inward/record.uri?partnerID=HzOxMe3b&scp=85208717532&origin=inward,2024-11-01,3,Antibacterial activity ; Biopolymers ; Hydrogel ; Rambutan leaf extract ; Sanitizing,N/A,N/A,No,
RAHUL DEV BHAIRWAN,57219182561,Fibers and Polymers,https://www.scopus.com/inward/record.uri?partnerID=HzOxMe3b&scp=85197558620&origin=inward,2024-08-01,16,Applications ; Biocomposites ; Natural fibers ; Reinforcement ; Thermoplastic elastomer,N/A,N/A,No,
RAHUL DEV BHAIRWAN,57219182561,Polymer Composites,https://www.scopus.com/inward/record.uri?partnerID=HzOxMe3b&scp=85190378187&origin=inward,2024-07-10,26,biocomposite ; microfiller ; PHBV ; spent coffee grounds ; sustainable packaging,N/A,N/A,No,
RAHUL DEV BHAIRWAN,57219182561,International Journal of Biological Macromolecules,https://www.scopus.com/inward/record.uri?partnerID=HzOxMe3b&scp=85189656485&origin=inward,2024-05-01,29,Biodegradability ; Biofiller ; Biopolymer composites ; Compatibility ; Sustainable packaging,N/A,N/A,No,
RAHUL DEV BHAIRWAN,57219182561,International Journal of Biological Macromolecules,https://www.scopus.com/inward/record.uri?partnerID=HzOxMe3b&scp=85180535889&origin=inward,2024-02-01,13,Adsorption ; Aerogel ; Environmental application ; Health care ; Methylene blue ; Nanocellulose ; Spent coffee,N/A,N/A,No,
SANTHANA KRISHNAN CHANDRASEKAR,56999772000,Biochemical Engineering Journal,https://www.scopus.com/inward/record.uri?partnerID=HzOxMe3b&scp=105025136599&origin=inward,2026-03-01,1,Activated sludge ; Anammox ; Digester effluent ; Energy conservation ; Membrane bioreactor ; Partial nitritation,N/A,N/A,No,
SANTHANA KRISHNAN CHANDRASEKAR,56999772000,Biomass and Bioenergy,https://www.scopus.com/inward/record.uri?partnerID=HzOxMe3b&scp=105017425857&origin=inward,2026-01-01,2,Anaerobic digestion ; Hydrochar addition ; Hydrothermal pretreatment ; Lignocellulosic biomass ; Starchy biomass ; Waste oil,N/A,N/A,No,
SANTHANA KRISHNAN CHANDRASEKAR,56999772000,Bioenergy Research,https://www.scopus.com/inward/record.uri?partnerID=HzOxMe3b&scp=105009536103&origin=inward,2025-12-01,4,Anaerobic digestate ; Biogas power plant ; Carbon sequestration ; Hydrothermal carbonization ; Lignocellulosic biomass ; Sustainable agriculture,N/A,N/A,No,
SANTHANA KRISHNAN CHANDRASEKAR,56999772000,Bioresource Technology Reports,https://www.scopus.com/inward/record.uri?partnerID=HzOxMe3b&scp=105017799639&origin=inward,2025-12-01,0,Hybrid photocatalytic sequencing batch biofilm reactor ; Kinetics study ; Phytotoxicity assessment ; Reusability ; Sugarcane vinasse,N/A,N/A,No,
SANTHANA KRISHNAN CHANDRASEKAR,56999772000,Green Technologies and Sustainability,https://www.scopus.com/inward/record.uri?partnerID=HzOxMe3b&scp=85216478420&origin=inward,2025-07-01,12,Biochar functionalization ; Circular economic ; Environmental sustainability ; Nano-biochar ; Pyrolysis ; Waste management,N/A,N/A,Yes,"All Open Access, Gold, Green"
SANTHANA KRISHNAN CHANDRASEKAR,56999772000,Industrial Water and Waste Treatment Pollution Control,https://www.scopus.com/inward/record.uri?partnerID=HzOxMe3b&scp=105026423259&origin=inward,2025-01-01,0,N/A,N/A,N/A,No,
SANTHANA KRISHNAN CHANDRASEKAR,56999772000,Biotechnology Advances,https://www.scopus.com/inward/record.uri?partnerID=HzOxMe3b&scp=85206242661&origin=inward,2024-12-01,12,Biogas upgrading ; Biomethanation ; H2 diffusion ; Hollow-fiber membranes,N/A,N/A,Yes,"All Open Access, Hybrid Gold, Green"
SANTHANA KRISHNAN CHANDRASEKAR,56999772000,Renewable Energy,https://www.scopus.com/inward/record.uri?partnerID=HzOxMe3b&scp=85202772197&origin=inward,2024-11-01,8,Anaerobic digestion (AD) ; Biogas production ; Response surface method (RSM) ; Trimetallic nanoparticles,10,N/A,No,
SANTHANA KRISHNAN CHANDRASEKAR,56999772000,Bioresource Technology,https://www.scopus.com/inward/record.uri?partnerID=HzOxMe3b&scp=85200752532&origin=inward,2024-09-01,2,Ammonia toxicity ; Anaerobic digestion ; Sub-thermophilic ; Swine manure ; Total solids content,N/A,N/A,No,
SANTHANA KRISHNAN CHANDRASEKAR,56999772000,International Journal of Hydrogen Energy,https://www.scopus.com/inward/record.uri?partnerID=HzOxMe3b&scp=85183134721&origin=inward,2024-05-20,145,Artificial intelligence (AI) ; Energy optimisation ; Grid resilience ; Hydrogen energy ; Policy and regulation ; Smart grid integration,N/A,N/A,No,
SANTHANA KRISHNAN CHANDRASEKAR,56999772000,Science of the Total Environment,https://www.scopus.com/inward/record.uri?partnerID=HzOxMe3b&scp=85181777818&origin=inward,2024-03-01,39,Biochar ; Biomass ; Environmental applications ; Modification ; Sustainability,N/A,N/A,No,
SANTHANA KRISHNAN CHANDRASEKAR,56999772000,Biomass Conversion and Biorefinery,https://www.scopus.com/inward/record.uri?partnerID=HzOxMe3b&scp=85130716585&origin=inward,2024-03-01,23,Anaerobic digestion ; Biogas ; Fe-Co–Cu ; POME; Trimetallic nanoparticles,N/A,N/A,No,
SANTHANA KRISHNAN CHANDRASEKAR,56999772000,Industrial Crops and Products,https://www.scopus.com/inward/record.uri?partnerID=HzOxMe3b&scp=85181713459&origin=inward,2024-03-01,2,Calorific value ; Caryota urens oil ; Caryota urens oil methyl ethyl esters ; Co-solvency ; Ethanol ; Reduced reaction time,N/A,N/A,No,
SANTHANA KRISHNAN CHANDRASEKAR,56999772000,Microorganisms for Sustainability,https://www.scopus.com/inward/record.uri?partnerID=HzOxMe3b&scp=85215122387&origin=inward,2024-01-01,0,N/A,N/A,N/A,No,
SANTHANA KRISHNAN CHANDRASEKAR,56999772000,Microorganisms for Sustainability,https://www.scopus.com/inward/record.uri?partnerID=HzOxMe3b&scp=85214417124&origin=inward,2024-01-01,0,Anaerobic digester ; Centralized controller ; Methane ; MIMO ; Multi-objective ; NSGA-II ; RGA,N/A,N/A,No,
SANTHANA KRISHNAN CHANDRASEKAR,56999772000,Frontiers in Chemical Engineering,https://www.scopus.com/inward/record.uri?partnerID=HzOxMe3b&scp=85194723763&origin=inward,2024-01-01,1,bio-electrochemical systems ; bioenergy ; biofuels ; bioreactors ; GHG reduction ; wastewater treatment,N/A,N/A,Yes,"All Open Access, Gold, Green"
SANTHANA KRISHNAN CHANDRASEKAR,56999772000,Microorganisms for Sustainability,https://www.scopus.com/inward/record.uri?partnerID=HzOxMe3b&scp=85214365304&origin=inward,2024-01-01,1,Anaerobic bioreactors ; Anaerobic filter reactors ; ASBR ; Economic feasibility ; Environmental impact ; UASB reactors ; Wastewater treatment,N/A,N/A,No,
SANTHANA KRISHNAN CHANDRASEKAR,56999772000,Microorganisms for Sustainability,https://www.scopus.com/inward/record.uri?partnerID=HzOxMe3b&scp=85214423469&origin=inward,2024-01-01,0,Bioethanol ; Bioethanol fermentation ; Budding yeast ; Ethanol ; Ethanol concentration ; Ethanol fermentation ; Ethanol production ; Ethanol tolerance ; Ethanol yield ; Fermentation ability ; Fermentation capability ; Fermentation efficiency ; Lignocellulose ; Lignocellulosic biomass ; Organic substrate ; Organic waste ; Saccharomyces cerevisiae ; Sugar utilization,N/A,N/A,No,
SANTHANA KRISHNAN CHANDRASEKAR,56999772000,Microorganisms for Sustainability,https://www.scopus.com/inward/record.uri?partnerID=HzOxMe3b&scp=85214428039&origin=inward,2024-01-01,0,Biohydrogen ; Biomethane ; Environmental sustainability ; Palm oil industry ; Renewable energy,N/A,N/A,No,
SANTHANA KRISHNAN CHANDRASEKAR,56999772000,Chemosphere,https://www.scopus.com/inward/record.uri?partnerID=HzOxMe3b&scp=85175260076&origin=inward,2024-01-01,9,Biogas ; Fe–Co–Zn ; Fe–Ni–Zn ; Palm Oil Mill Effluent ; TMNPS characterisation,N/A,N/A,No,"All Open Access, Green"
SANTHANA KRISHNAN CHANDRASEKAR,56999772000,Planning Malaysia,https://www.scopus.com/inward/record.uri?partnerID=HzOxMe3b&scp=85203043623&origin=inward,2024-01-01,0,adsorption ; fly ash ; metal ions ; water pollution ; water treatment,N/A,N/A,Yes,"All Open Access, Hybrid Gold"
SITI BAIDURAH YUSOFF,54897920200,Pertanika Journal of Tropical Agricultural Science,https://www.scopus.com/inward/record.uri?partnerID=HzOxMe3b&scp=105009977923&origin=inward,2025-06-01,1,Drying ; feed ; insects ; pre-treatment ; processing,N/A,N/A,Yes,"All Open Access, Gold"
SITI BAIDURAH YUSOFF,54897920200,Energy Conversion and Management X,https://www.scopus.com/inward/record.uri?partnerID=HzOxMe3b&scp=85217811663&origin=inward,2025-04-01,18,Biological treatment ; Industrial and innovation ; Sustainable energy source ; Technoeconomic analysis,N/A,N/A,Yes,"All Open Access, Gold, Green"
SITI BAIDURAH YUSOFF,54897920200,Malaysian Journal of Microbiology,https://www.scopus.com/inward/record.uri?partnerID=HzOxMe3b&scp=105028185532&origin=inward,2025-01-01,0,bioconversion ; Biofertiliser ; Brassica juncea ; food waste ; germination ; growth,N/A,N/A,No,
SITI BAIDURAH YUSOFF,54897920200,Biomass Valorization A Sustainable Approach Towards Carbon Neutrality and Circular Economy,https://www.scopus.com/inward/record.uri?partnerID=HzOxMe3b&scp=105004103072&origin=inward,2025-01-01,1,Carbon neutrality ; Circular economy ; Fertilizer ; Food waste,N/A,N/A,No,
SITI BAIDURAH YUSOFF,54897920200,Malaysian Journal of Microbiology,https://www.scopus.com/inward/record.uri?partnerID=HzOxMe3b&scp=105027745683&origin=inward,2025-01-01,0,bio-valorization ; Biomass fuel ; carbon neutrality ; empty fruit bunch (EFB) ; palm oil mill effluent (POME) ; sustainability,N/A,N/A,No,
SITI BAIDURAH YUSOFF,54897920200,Journal of Alloys and Compounds,https://www.scopus.com/inward/record.uri?partnerID=HzOxMe3b&scp=85203824425&origin=inward,2024-12-05,5,BiOBr ; Biochar ; Ciprofloxacin ; Photocatalysis ; Photofunctional materials ; POMES,N/A,N/A,No,
SITI BAIDURAH YUSOFF,54897920200,ACS Symposium Series,https://www.scopus.com/inward/record.uri?partnerID=HzOxMe3b&scp=85209718886&origin=inward,2024-10-01,0,N/A,N/A,N/A,No,
SITI BAIDURAH YUSOFF,54897920200,Marine Biomass Biorefinery Bioproducts and Environmental Bioremediation,https://www.scopus.com/inward/record.uri?partnerID=HzOxMe3b&scp=85196345793&origin=inward,2024-06-17,0,Biofuels ; Bioplastics ; Biorefinery ; Biovalorization,N/A,N/A,No,
SITI BAIDURAH YUSOFF,54897920200,Building A Low Carbon Society Through Applied Environmental Materials Science,https://www.scopus.com/inward/record.uri?partnerID=HzOxMe3b&scp=105007750356&origin=inward,2024-01-01,1,N/A,N/A,N/A,No,
SITI BAIDURAH YUSOFF,54897920200,Handbook of Natural Polymers Volume 2 Functionalization Surface Modification and Properties,https://www.scopus.com/inward/record.uri?partnerID=HzOxMe3b&scp=85203230176&origin=inward,2024-01-01,1,Biopolymers ; Chromatographic ; Polyhydroxyalkanoates,N/A,N/A,No,
SITI BAIDURAH YUSOFF,54897920200,Building A Low Carbon Society Through Applied Environmental Materials Science,https://www.scopus.com/inward/record.uri?partnerID=HzOxMe3b&scp=105007739202&origin=inward,2024-01-01,2,N/A,N/A,N/A,No,
SITI BALQIS ZULFIGAR,57295479300,Biological Agriculture and Horticulture,https://www.scopus.com/inward/record.uri?partnerID=HzOxMe3b&scp=105016716985&origin=inward,2026-01-01,0,Bacillus subtilis ; Bio-coated fertiliser ; goat manure ; Saccharum officinarum L ; Zea mays L,N/A,N/A,No,"All Open Access, Green"
SITI BALQIS ZULFIGAR,57295479300,Journal of Environmental Chemical Engineering,https://www.scopus.com/inward/record.uri?partnerID=HzOxMe3b&scp=105021486092&origin=inward,2025-12-01,1,Bioprocess ; Bioreactor ; Environmental Bioprocess ; Fermentation ; Microbiology,N/A,N/A,No,
SITI BALQIS ZULFIGAR,57295479300,Applied Biosciences,https://www.scopus.com/inward/record.uri?partnerID=HzOxMe3b&scp=105017430582&origin=inward,2025-09-01,0,hemostatic activity ; plant latex proteases ; thrombin-like enzymes,N/A,N/A,Yes,"All Open Access, Gold, Green"
SITI BALQIS ZULFIGAR,57295479300,International Journal on Advanced Science Engineering and Information Technology,https://www.scopus.com/inward/record.uri?partnerID=HzOxMe3b&scp=105000156047&origin=inward,2025-01-01,1,morphological structure evaluation ; optimized collagen ; physicochemical properties ; Tropical marine species,N/A,N/A,Yes,"All Open Access, Hybrid Gold"
SITI BALQIS ZULFIGAR,57295479300,Bioremediation Journal,https://www.scopus.com/inward/record.uri?partnerID=HzOxMe3b&scp=105007618650&origin=inward,2025-01-01,0,Acetic acid ; bioremediation ; butyric acid ; Clostridium butyricum ; fermentation ; metals,N/A,N/A,No,
SITI BALQIS ZULFIGAR,57295479300,Food and Bioprocess Technology,https://www.scopus.com/inward/record.uri?partnerID=HzOxMe3b&scp=85178967184&origin=inward,2024-09-01,5,Meat detachments ; Muscle release ; Shucking ; Superheated steam ; Tropical oysters,N/A,N/A,No,All Open Access
SITI BALQIS ZULFIGAR,57295479300,Solving Halal Industry Issues Through Research in Halal Sciences,https://www.scopus.com/inward/record.uri?partnerID=HzOxMe3b&scp=85210891284&origin=inward,2024-01-01,0,Analysis ; Computational Social Science ; Halal ; Social Science,N/A,N/A,No,
SITI BALQIS ZULFIGAR,57295479300,Emerging Technology and Crisis Management in the Halal Industry Issues and Recent Developments,https://www.scopus.com/inward/record.uri?partnerID=HzOxMe3b&scp=85207536747&origin=inward,2024-01-01,1,Core competencies ; Halal executive ; Halal industry ; IR4 ; Malaysia,N/A,N/A,No,
SUMARNI MANSUR,57188802469,Journal of Renewable Materials,https://www.scopus.com/inward/record.uri?partnerID=HzOxMe3b&scp=105040391373&origin=inward,2026-01-01,0,biocomposite ; bomb calorimetry ; calorific value ; natural binder ; Plant-based starch ; sustainability,N/A,N/A,Yes,"All Open Access, Hybrid Gold"
SUMARNI MANSUR,57188802469,Journal of Sustainability Science and Management,https://www.scopus.com/inward/record.uri?partnerID=HzOxMe3b&scp=105039043334&origin=inward,2026-01-01,0,health ; pollution ; Spent oil ; sustainability ; toxicity,N/A,N/A,No,
SUMARNI MANSUR,57188802469,Chemical Papers,https://www.scopus.com/inward/record.uri?partnerID=HzOxMe3b&scp=105037677024&origin=inward,2026-01-01,0,Activated carbon ; Adsorption ; Banana stem ; Methylene blue ; Microplastic ; Polyethylene terephthalate,N/A,N/A,No,
SUMARNI MANSUR,57188802469,Journal of Porous Materials,https://www.scopus.com/inward/record.uri?partnerID=HzOxMe3b&scp=105012939571&origin=inward,2025-12-01,1,Biocompatible adsorbent ; Blood purification ; Protein-bound uremic toxin ; Silica nanoparticle ; α-mangostin,N/A,N/A,No,
SUMARNI MANSUR,57188802469,Ceramics International,https://www.scopus.com/inward/record.uri?partnerID=HzOxMe3b&scp=105017975855&origin=inward,2025-11-01,2,Electrochemical performance ; Power density ; Solid oxide fuel cells ; Thermal compatibility ; Thermal expansion coefficient,N/A,N/A,No,
SUMARNI MANSUR,57188802469,Journal of Applied Polymer Science,https://www.scopus.com/inward/record.uri?partnerID=HzOxMe3b&scp=105008403933&origin=inward,2025-10-10,1,anhydride ratio ; biomaterials ; biopolymers and renewable polymers ; biosynthesis of polymers ; itaconic anhydride ; resins ; succinic anhydride ; thermosets ; ultra-violet curable resin,N/A,N/A,No,
SUMARNI MANSUR,57188802469,Journal of Porous Materials,https://www.scopus.com/inward/record.uri?partnerID=HzOxMe3b&scp=105007524461&origin=inward,2025-10-01,1,Antifouling property ; Graphene oxide ; Hemodialysis membrane ; Iron oxide ; Nanocomposite ; Surface hydrophilicity,N/A,N/A,Yes,"All Open Access, Hybrid Gold"
SUMARNI MANSUR,57188802469,Journal of Applied Polymer Science,https://www.scopus.com/inward/record.uri?partnerID=HzOxMe3b&scp=105004686289&origin=inward,2025-08-15,1,biomaterials ; biopolymers and renewable polymers ; biosynthesis of polymers ; resins ; thermosets,N/A,N/A,No,
SUMARNI MANSUR,57188802469,Polimery Polymers,https://www.scopus.com/inward/record.uri?partnerID=HzOxMe3b&scp=105009640587&origin=inward,2025-01-01,0,carbonization ; char ; degradation ; plastic waste ; thermal stability,N/A,N/A,Yes,"All Open Access, Gold"
SUMARNI MANSUR,57188802469,Defect and Diffusion Forum,https://www.scopus.com/inward/record.uri?partnerID=HzOxMe3b&scp=105001419443&origin=inward,2025-01-01,0,electron beam ; membrane surface modification ; methyl methacrylate ; polyimide ; radiation induced graft copolymerization,N/A,N/A,Yes,"All Open Access, Hybrid Gold"
SUMARNI MANSUR,57188802469,Polimery Polymers,https://www.scopus.com/inward/record.uri?partnerID=HzOxMe3b&scp=105008680188&origin=inward,2025-01-01,0,carbonization ; mechanical properties ; morphology ; particles size ; plastic waste,N/A,N/A,Yes,"All Open Access, Gold"
SUMARNI MANSUR,57188802469,Journal of Industrial and Engineering Chemistry,https://www.scopus.com/inward/record.uri?partnerID=HzOxMe3b&scp=85192007549&origin=inward,2024-10-25,18,Artificial kidney ; Blood purification ; Hemodialysis ; Membrane technology ; Toxin removal,N/A,N/A,No,
SUMARNI MANSUR,57188802469,Journal of Water Process Engineering,https://www.scopus.com/inward/record.uri?partnerID=HzOxMe3b&scp=85181919882&origin=inward,2024-02-01,24,Antibacterial ; BPA ; Caffeine ; Humic acid ; Phenol ; Photocatalysis ; Wastewater ; Yttrium ; ZnO,N/A,N/A,No,
SUMARNI MANSUR,57188802469,Advanced Ceramics for Photocatalytic Membranes Synthesis Methods Characterization and Performance Analysis and Applications in Water and Wastewater Treatment,https://www.scopus.com/inward/record.uri?partnerID=HzOxMe3b&scp=85198689269&origin=inward,2024-01-01,1,co-sputtering ; magnetron sputtering ; Photocatalyst deposition ; photocatalytic degradation ; photocatalytic membrane ; physical vapor deposition ; reactive sputtering ; sputtering technique,N/A,N/A,No,
SYAHARIZA ZAINUL ABIDIN,8320744100,Journal of Food Science and Technology,https://www.scopus.com/inward/record.uri?partnerID=HzOxMe3b&scp=105026883143&origin=inward,2026-01-01,0,CaCl2 ; MgCl2 ; NaI ; Rice starch ; Salt-gelatinization,N/A,N/A,No,
SYAHARIZA ZAINUL ABIDIN,8320744100,Journal of Functional Foods,https://www.scopus.com/inward/record.uri?partnerID=HzOxMe3b&scp=105015083347&origin=inward,2025-10-01,11,Biological activities ; Extraction methods ; Prospective applications ; Structural characterization ; Tremella polysaccharides,N/A,N/A,Yes,"All Open Access, Gold, Green"
SYAHARIZA ZAINUL ABIDIN,8320744100,Lwt,https://www.scopus.com/inward/record.uri?partnerID=HzOxMe3b&scp=85216892425&origin=inward,2025-02-15,19,CaCl2 ; Film ; Glycerol ; Rice starch ; Salt-gelatinization,N/A,N/A,Yes,"All Open Access, Gold"
SYAHARIZA ZAINUL ABIDIN,8320744100,Food Research,https://www.scopus.com/inward/record.uri?partnerID=HzOxMe3b&scp=85214116596&origin=inward,2024-12-01,1,Dysphagia ; Microgels ; Rheology ; Textural ; Texture modified food,N/A,N/A,Yes,"All Open Access, Gold"
SYAHARIZA ZAINUL ABIDIN,8320744100,International Food Research Journal,https://www.scopus.com/inward/record.uri?partnerID=HzOxMe3b&scp=85200057286&origin=inward,2024-06-01,4,fish gelatine ; gel microparticles ; microbial transglutaminase enzymes ; rheological properties ; texture profile analysis ; texture-modified food,N/A,N/A,Yes,"All Open Access, Bronze"
SYAHIDAH AKMAL MUHAMMAD,57023337600,Food Analytical Methods,https://www.scopus.com/inward/record.uri?partnerID=HzOxMe3b&scp=105034372978&origin=inward,2026-05-01,0,Chemometrics ; Gas chromatography-ion mobility spectrometry ; Geographical origin ; Near-infrared spectroscopy ; Palm oil traceability,N/A,N/A,No,
SYAHIDAH AKMAL MUHAMMAD,57023337600,Environmental Monitoring and Assessment,https://www.scopus.com/inward/record.uri?partnerID=HzOxMe3b&scp=105033446377&origin=inward,2026-04-01,0,Aquifer characteristics ; AWARE model ; Groundwater sustainability ; Life cycle assessment ; Paddy irrigation ; Pumping well yield,N/A,N/A,No,
SYAHIDAH AKMAL MUHAMMAD,57023337600,Energy Nexus,https://www.scopus.com/inward/record.uri?partnerID=HzOxMe3b&scp=105024919115&origin=inward,2026-03-01,3,Agricultural water management ; Environmental impact assessment ; Groundwater sustainability ; Hydrochemical characterization ; Water-energy nexus,N/A,N/A,Yes,"All Open Access, Gold"
SYAHIDAH AKMAL MUHAMMAD,57023337600,Paddy and Water Environment,https://www.scopus.com/inward/record.uri?partnerID=HzOxMe3b&scp=105026464906&origin=inward,2026-03-01,1,Aquifer stability and characteristics ; In-situ pumping test ; Pumping well yield ; Sustainable development,N/A,N/A,No,
SYAHIDAH AKMAL MUHAMMAD,57023337600,Advances in Geographic Information Science,https://www.scopus.com/inward/record.uri?partnerID=HzOxMe3b&scp=105039332411&origin=inward,2026-01-01,0,Climate change effects ; Environmental issues ; Groundwater development and management ; Recharging and discharging ; Water scarcity,N/A,N/A,No,
SYAHIDAH AKMAL MUHAMMAD,57023337600,Polymer Bulletin,https://www.scopus.com/inward/record.uri?partnerID=HzOxMe3b&scp=105016705422&origin=inward,2025-12-01,7,Benzene ; Nanocomposites ; Photocatalysis ; Photocatalyst ; Toluene ; UV light,N/A,N/A,Yes,"All Open Access, Hybrid Gold"
SYAHIDAH AKMAL MUHAMMAD,57023337600,Discover Sustainability,https://www.scopus.com/inward/record.uri?partnerID=HzOxMe3b&scp=105021496729&origin=inward,2025-12-01,2,Environmental challenges ; NUF and WLP residue ; Policies ; Rare earth elements ; Thorium extraction methods ; Waste management,N/A,N/A,Yes,"All Open Access, Gold, Green"
SYAHIDAH AKMAL MUHAMMAD,57023337600,SAE International Journal of Fuels and Lubricants,https://www.scopus.com/inward/record.uri?partnerID=HzOxMe3b&scp=105019739220&origin=inward,2025-10-17,0,CI Engine ; Combustion ; Emission ; Palm biodiesel ; Performance,N/A,N/A,No,
SYAHIDAH AKMAL MUHAMMAD,57023337600,Journal of the Science of Food and Agriculture,https://www.scopus.com/inward/record.uri?partnerID=HzOxMe3b&scp=105009527539&origin=inward,2025-10-01,0,adulteration ; chemometrics ; NIR ; refined bleached deodorized palm oil ; used oil,N/A,N/A,Yes,"All Open Access, Bronze"
SYAHIDAH AKMAL MUHAMMAD,57023337600,Biotechnology Advances,https://www.scopus.com/inward/record.uri?partnerID=HzOxMe3b&scp=105007330970&origin=inward,2025-10-01,3,Additives ; Heterotrophic microbes ; Microbial plastic degradation ; Structural integrity weakening,N/A,N/A,No,
SYAHIDAH AKMAL MUHAMMAD,57023337600,Food Analytical Methods,https://www.scopus.com/inward/record.uri?partnerID=HzOxMe3b&scp=105007706273&origin=inward,2025-08-01,2,Adulteration ; Chemometrics ; Fatty acids diagnostic ratio ; Gas chromatography-flame ionisation detector ; Refined bleached deodorised palm oil,N/A,N/A,Yes,"All Open Access, Hybrid Gold"
SYAHIDAH AKMAL MUHAMMAD,57023337600,Journal of Advanced Research in Applied Sciences and Engineering Technology,https://www.scopus.com/inward/record.uri?partnerID=HzOxMe3b&scp=85194894347&origin=inward,2025-03-01,4,deep neural network ; Landsat-7 ; machine learning ; MODIS ; NDVI,N/A,N/A,Yes,"All Open Access, Hybrid Gold"
SYAHIDAH AKMAL MUHAMMAD,57023337600,Applications of Modelling and Simulation,https://www.scopus.com/inward/record.uri?partnerID=HzOxMe3b&scp=105012181345&origin=inward,2025-01-01,0,ARIMA ; Facebook prophet ; Neural prophet ; Oil palm ; Time-series analysis ; Yield prediction,N/A,N/A,No,
SYAHIDAH AKMAL MUHAMMAD,57023337600,Journal of Sustainability Science and Management,https://www.scopus.com/inward/record.uri?partnerID=HzOxMe3b&scp=85211044609&origin=inward,2024-11-01,0,food items ; freshwater ecosystem ; Stable isotope signatures ; trophic level ; tropical freshwater,N/A,N/A,Yes,"All Open Access, Bronze"
SYAHIDAH AKMAL MUHAMMAD,57023337600,Chemosphere,https://www.scopus.com/inward/record.uri?partnerID=HzOxMe3b&scp=85203412843&origin=inward,2024-09-01,1,Advanced oxidation process ; Benzo[a]pyrene removal ; Natural catalysis ; Persulfate activation ; Soil remediation techniques ; Tropical soil chemistry,N/A,N/A,No,
SYAHIDAH AKMAL MUHAMMAD,57023337600,Ecological Informatics,https://www.scopus.com/inward/record.uri?partnerID=HzOxMe3b&scp=85190518681&origin=inward,2024-07-01,21,Agriculture ; Deep learning ; Machine learning ; Oil palm ; Yield prediction,N/A,N/A,Yes,"All Open Access, Gold, Green"
SYAHIDAH AKMAL MUHAMMAD,57023337600,Environmental Science Processes and Impacts,https://www.scopus.com/inward/record.uri?partnerID=HzOxMe3b&scp=85198061974&origin=inward,2024-06-25,0,N/A,N/A,N/A,No,
SYAHIDAH AKMAL MUHAMMAD,57023337600,Applied Water Science,https://www.scopus.com/inward/record.uri?partnerID=HzOxMe3b&scp=85192059277&origin=inward,2024-06-01,11,Benzo(a)pyrene ; Biochar ; Palm kernel shell ; Palm mesocarp fiber ; Phenanthrene ; Water treatment,N/A,N/A,Yes,"All Open Access, Gold"
SYAHIDAH AKMAL MUHAMMAD,57023337600,Science of the Total Environment,https://www.scopus.com/inward/record.uri?partnerID=HzOxMe3b&scp=85189144676&origin=inward,2024-05-20,4,Advanced oxidation process ; Natural iron ; Polycyclic aromatic hydrocarbons ; Soil remediation ; Tropical soil,N/A,N/A,No,
SYAHIDAH AKMAL MUHAMMAD,57023337600,Journal of Environmental Management,https://www.scopus.com/inward/record.uri?partnerID=HzOxMe3b&scp=85183933905&origin=inward,2024-02-27,4,Advanced oxidation process ; Hematite ; Iron based catalyst ; Pyrene ; Soil remediation,N/A,N/A,No,
JOO SHUN TAN,35231307300,Probiotics and Antimicrobial Proteins,https://www.scopus.com/inward/record.uri?partnerID=HzOxMe3b&scp=105017379980&origin=inward,2026-04-01,1,Anti-acne agent ; Cell-free supernatant ; Cutibacterium acnes ; Lactiplantibacillus plantarum K014 ; Plant-based fermentation,N/A,N/A,Yes,"All Open Access, Hybrid Gold, Green"
JOO SHUN TAN,35231307300,Probiotics and Antimicrobial Proteins,https://www.scopus.com/inward/record.uri?partnerID=HzOxMe3b&scp=105016642231&origin=inward,2026-04-01,1,Bacteriocin purification ; Enterocin CC2 ; Oral health therapeutics ; PEG-based aqueous two-phase system ; Probiotic-derived antimicrobial ; Streptococcus mutans,N/A,N/A,Yes,"All Open Access, Hybrid Gold, Green"
JOO SHUN TAN,35231307300,Drug Delivery and Translational Research,https://www.scopus.com/inward/record.uri?partnerID=HzOxMe3b&scp=86000662261&origin=inward,2025-10-01,0,Antimicrobial innovation ; Dental caries ; Enterocin CC2 ; Microemulsion formulation ; Streptococcus mutans,N/A,N/A,No,
JOO SHUN TAN,35231307300,International Microbiology,https://www.scopus.com/inward/record.uri?partnerID=HzOxMe3b&scp=105004454960&origin=inward,2025-10-01,2,Antioxidant ; Superoxide dismutase (SOD) ; Taguchi orthogonal array ; Tetraselmis chuii ; Trace elements,N/A,N/A,No,
JOO SHUN TAN,35231307300,Veterinary World,https://www.scopus.com/inward/record.uri?partnerID=HzOxMe3b&scp=105018027943&origin=inward,2025-09-01,0,cow’s milk allergy ; food safety ; lactic acid bacteria ; One Health ; probiotics ; proteolytic activity,N/A,N/A,Yes,"All Open Access, Gold, Green"
JOO SHUN TAN,35231307300,Chembioeng Reviews,https://www.scopus.com/inward/record.uri?partnerID=HzOxMe3b&scp=105008895818&origin=inward,2025-08-01,1,Advantages ; Bacteriocin ; Limitations ; Methods ; Purification,N/A,N/A,No,
JOO SHUN TAN,35231307300,Process Biochemistry,https://www.scopus.com/inward/record.uri?partnerID=HzOxMe3b&scp=105001682593&origin=inward,2025-06-01,4,Fermentation ; Fruit juices ; Lactic acid ; Lactobacillus ; Prebiotic,N/A,N/A,No,
JOO SHUN TAN,35231307300,International Journal of Biological Macromolecules,https://www.scopus.com/inward/record.uri?partnerID=HzOxMe3b&scp=105004666216&origin=inward,2025-06-01,10,Lactic acid bacteria ; Microencapsulation ; β-Glucan,N/A,N/A,No,
JOO SHUN TAN,35231307300,Malaysian Applied Biology,https://www.scopus.com/inward/record.uri?partnerID=HzOxMe3b&scp=105010484272&origin=inward,2025-06-01,0,cell viability ; Fermentation ; fruit drink ; growth profile ; lactic acid ; probiotic,N/A,N/A,Yes,"All Open Access, Gold, Green"
JOO SHUN TAN,35231307300,Food Bioscience,https://www.scopus.com/inward/record.uri?partnerID=HzOxMe3b&scp=105001681770&origin=inward,2025-06-01,3,Enzymatic ; Fermented okara ; Lactic acid bacteria ; Metabolomics,N/A,N/A,No,
JOO SHUN TAN,35231307300,Trends in Food Science and Technology,https://www.scopus.com/inward/record.uri?partnerID=HzOxMe3b&scp=105003115634&origin=inward,2025-06-01,8,Bioavailability ; Health benefits ; Lactoferrin ; Mechanisms of action ; Natural therapeutic agent,N/A,N/A,No,
JOO SHUN TAN,35231307300,Fermentation,https://www.scopus.com/inward/record.uri?partnerID=HzOxMe3b&scp=105006765163&origin=inward,2025-05-01,27,functional food industries ; lactic acid bacteria ; metabolite ; probiotics ; production,N/A,N/A,Yes,"All Open Access, Gold, Green"
JOO SHUN TAN,35231307300,Metabolites,https://www.scopus.com/inward/record.uri?partnerID=HzOxMe3b&scp=105003416156&origin=inward,2025-04-01,19,functional constipation ; gut microbiota ; metabolomics ; personalization ; short-chain fatty acids,N/A,N/A,Yes,"All Open Access, Gold, Green"
JOO SHUN TAN,35231307300,Inorganic Chemistry Communications,https://www.scopus.com/inward/record.uri?partnerID=HzOxMe3b&scp=85214336688&origin=inward,2025-03-01,5,Antibacterial ; Anticancer ; Cytotoxicity ; Essential oil ; Kaffir lime ; Silver nanoparticles,N/A,N/A,No,
JOO SHUN TAN,35231307300,Preparative Biochemistry and Biotechnology,https://www.scopus.com/inward/record.uri?partnerID=HzOxMe3b&scp=85219735866&origin=inward,2025-01-01,9,Fermentation ; fruit drink ; lactic acid bacteria ; prebiotics ; probiotics,N/A,N/A,No,
JOO SHUN TAN,35231307300,Pertanika Journal of Science and Technology,https://www.scopus.com/inward/record.uri?partnerID=HzOxMe3b&scp=85217011173&origin=inward,2025-01-01,0,Aqueous two-phase system ; Bacillus licheniformis 2D55 ; carboxymethyl cellulase ; enzyme ; partial purification ; polyethene glycol,N/A,N/A,Yes,"All Open Access, Hybrid Gold"
JOO SHUN TAN,35231307300,Indonesian Journal of Biotechnology,https://www.scopus.com/inward/record.uri?partnerID=HzOxMe3b&scp=105001577205&origin=inward,2025-01-01,1,A. platensis ; Antimicrobe ; Green synthesis ; Hyaluronic acid‐silver nanoparticle,N/A,N/A,Yes,"All Open Access, Gold, Green"
JOO SHUN TAN,35231307300,Veterinary World,https://www.scopus.com/inward/record.uri?partnerID=HzOxMe3b&scp=85211625484&origin=inward,2024-11-01,5,digestibility ; in-vitro ; postbiotics ; probiotics ; short-chain fatty acids,N/A,N/A,Yes,"All Open Access, Gold, Green"
JOO SHUN TAN,35231307300,Food and Bioprocess Technology,https://www.scopus.com/inward/record.uri?partnerID=HzOxMe3b&scp=85182666971&origin=inward,2024-10-01,17,Cell wall ; Enzymolysis ; Total soluble solids ; Ultrasonication ; Yeast extract,N/A,N/A,No,
JOO SHUN TAN,35231307300,Regenerative Engineering and Translational Medicine,https://www.scopus.com/inward/record.uri?partnerID=HzOxMe3b&scp=85192396584&origin=inward,2024-09-01,3,Active wound dressing ; Conventional wound dressing ; Skin layers ; Wound dressing ; Wound matrix ; Wound-healing phases,N/A,N/A,No,
JOO SHUN TAN,35231307300,Journal of the Taiwan Institute of Chemical Engineers,https://www.scopus.com/inward/record.uri?partnerID=HzOxMe3b&scp=85175155599&origin=inward,2024-07-01,13,Antimicrobial ; Fermentation ; Lactic acid bacteria ; Molasses ; Pathogenic bacteria,N/A,N/A,No,
JOO SHUN TAN,35231307300,Journal of the Taiwan Institute of Chemical Engineers,https://www.scopus.com/inward/record.uri?partnerID=HzOxMe3b&scp=85186262884&origin=inward,2024-07-01,2,Bacteriocin-like inhibitory substance ; Inhibitory activity ; Ionic liquid-based aqueous two-phase system ; Oral pathogen ; Purification,N/A,N/A,No,
JOO SHUN TAN,35231307300,International Journal of Biological Macromolecules,https://www.scopus.com/inward/record.uri?partnerID=HzOxMe3b&scp=85190738889&origin=inward,2024-05-01,7,Antidiabetic ; Aqueous two-phase system ; Exopolysaccharides ; Ionic-liquid ; Lactic acid bacteria (LAB),N/A,N/A,No,
JOO SHUN TAN,35231307300,Biochemical Engineering Journal,https://www.scopus.com/inward/record.uri?partnerID=HzOxMe3b&scp=85185829870&origin=inward,2024-05-01,5,Antimicrobial powder ; Bacteriocins ; Bio-preservative ; Corn steep liquor ; Lactic acid bacteria ; Molasses,N/A,N/A,No,
JOO SHUN TAN,35231307300,Current Microbiology,https://www.scopus.com/inward/record.uri?partnerID=HzOxMe3b&scp=85186850275&origin=inward,2024-04-01,0,N/A,N/A,N/A,No,
THUAN CHEW TAN,57929923200,ACS Omega,https://www.scopus.com/inward/record.uri?partnerID=HzOxMe3b&scp=105042514748&origin=inward,2026-06-23,0,N/A,N/A,N/A,Yes,"All Open Access, Gold"
THUAN CHEW TAN,57929923200,Fungal Biology Reviews,https://www.scopus.com/inward/record.uri?partnerID=HzOxMe3b&scp=105030386712&origin=inward,2026-06-01,1,Drought ; Endophytic fungi ; Wheat,N/A,N/A,No,
THUAN CHEW TAN,57929923200,Journal of Agriculture and Food Research,https://www.scopus.com/inward/record.uri?partnerID=HzOxMe3b&scp=105035017086&origin=inward,2026-05-01,0,Drosophila melanogaster ; High-sugar diet ; Longevity ; White tea aqueous extract,N/A,N/A,Yes,"All Open Access, Gold, Green"
THUAN CHEW TAN,57929923200,ACS Omega,https://www.scopus.com/inward/record.uri?partnerID=HzOxMe3b&scp=105032225335&origin=inward,2026-03-10,0,N/A,N/A,N/A,Yes,"All Open Access, Gold, Green"
THUAN CHEW TAN,57929923200,European Food Research and Technology,https://www.scopus.com/inward/record.uri?partnerID=HzOxMe3b&scp=105030150064&origin=inward,2026-03-01,3,Functionality ; Molecular forces ; Plant-based proteins ; Ultrasound,N/A,N/A,Yes,"All Open Access, Hybrid Gold"
THUAN CHEW TAN,57929923200,Cutaneous and Ocular Toxicology,https://www.scopus.com/inward/record.uri?partnerID=HzOxMe3b&scp=105027514196&origin=inward,2026-01-01,0,pharmacy ; phenylacetic acid ; Phenylalanine ; phenyllactic acid ; phenylpyruvic acid ; skincare ; tyrosine,N/A,N/A,No,
THUAN CHEW TAN,57929923200,Food Quality and Safety,https://www.scopus.com/inward/record.uri?partnerID=HzOxMe3b&scp=105032821997&origin=inward,2026-01-01,0,digestibility ; fermentation ; pea proteins ; protein quality ; solubility,N/A,N/A,Yes,"All Open Access, Gold"
THUAN CHEW TAN,57929923200,Food Science and Biotechnology,https://www.scopus.com/inward/record.uri?partnerID=HzOxMe3b&scp=105002427684&origin=inward,2025-12-01,2,Antimicrobial ; Azelaic acid ; Glutaric acid ; Meat ; Preservation ; Succinic acid,N/A,N/A,No,"All Open Access, Green"
THUAN CHEW TAN,57929923200,Food Engineering Reviews,https://www.scopus.com/inward/record.uri?partnerID=HzOxMe3b&scp=105003709916&origin=inward,2025-12-01,29,Animal-based Proteins ; Complex Coacervation ; Complexation ; Conjugation ; Plant-based Proteins,N/A,N/A,Yes,"All Open Access, Hybrid Gold, Green"
THUAN CHEW TAN,57929923200,Journal of Food Science and Technology,https://www.scopus.com/inward/record.uri?partnerID=HzOxMe3b&scp=85211901741&origin=inward,2025-11-01,0,Food Neophobia Scale ; Insect Phobia Scale ; Malaysian ; Migratory locust ; Willingness to Consume,N/A,N/A,No,"All Open Access, Green"
THUAN CHEW TAN,57929923200,Journal of Food Measurement and Characterization,https://www.scopus.com/inward/record.uri?partnerID=HzOxMe3b&scp=105012158784&origin=inward,2025-10-01,0,Azelaic acid ; Glutaric acid ; Refrigerated beef ; Sodium bisulphite ; Sorbic acid ; Synergism,N/A,N/A,No,
THUAN CHEW TAN,57929923200,Food Science and Biotechnology,https://www.scopus.com/inward/record.uri?partnerID=HzOxMe3b&scp=105009745079&origin=inward,2025-10-01,6,Digestibility ; Fermentation ; Protein quality ; Quinoa proteins ; Solubility,N/A,N/A,Yes,"All Open Access, Hybrid Gold, Green"
THUAN CHEW TAN,57929923200,Lwt,https://www.scopus.com/inward/record.uri?partnerID=HzOxMe3b&scp=105008943406&origin=inward,2025-07-15,1,Azelaic acid ; Glutaric acid ; Refrigerated salmon ; Sodium bisulfite ; Sorbic acid,N/A,N/A,Yes,"All Open Access, Gold"
THUAN CHEW TAN,57929923200,Food Science and Nutrition,https://www.scopus.com/inward/record.uri?partnerID=HzOxMe3b&scp=105005118668&origin=inward,2025-05-01,3,glutaric acid ; refrigerated salmon ; shelf life ; sodium bisulphite ; sorbic acid ; synergism,N/A,N/A,Yes,"All Open Access, Hybrid Gold, Green"
THUAN CHEW TAN,57929923200,Food and Bioprocess Technology,https://www.scopus.com/inward/record.uri?partnerID=HzOxMe3b&scp=105001070049&origin=inward,2025-04-01,2,Azelaic acid ; Beef ; Glutaric acid ; Shelf life ; Succinic acid ; Synergy,N/A,N/A,No,
THUAN CHEW TAN,57929923200,International Journal of Gastronomy and Food Science,https://www.scopus.com/inward/record.uri?partnerID=HzOxMe3b&scp=85211987354&origin=inward,2025-03-01,1,Food innovation ; Fresh white salted noodles ; Physicochemical properties ; Tea infusions,N/A,N/A,No,
THUAN CHEW TAN,57929923200,Cutaneous and Ocular Toxicology,https://www.scopus.com/inward/record.uri?partnerID=HzOxMe3b&scp=85218681225&origin=inward,2025-01-01,0,anti-ageing ; efficacy formula ; Foundation ; makeup ; safety ; skin care,N/A,N/A,No,
THUAN CHEW TAN,57929923200,Lecture Notes in Bioengineering,https://www.scopus.com/inward/record.uri?partnerID=HzOxMe3b&scp=105020194467&origin=inward,2025-01-01,0,Coconut water ; Endurance performance ; Hydrogel,N/A,N/A,No,
THUAN CHEW TAN,57929923200,International Journal of Food Science and Technology,https://www.scopus.com/inward/record.uri?partnerID=HzOxMe3b&scp=105006876179&origin=inward,2025-01-01,2,azelaic acid ; glutaric acid ; refrigerated storage ; salmon ; shelf life ; succinic acid ; synergy,N/A,N/A,Yes,"All Open Access, Gold"
THUAN CHEW TAN,57929923200,Frontiers in Nutrition,https://www.scopus.com/inward/record.uri?partnerID=HzOxMe3b&scp=105023688813&origin=inward,2025-01-01,1,Drosophila melanogaster ; gene expression ; longevity extension ; oxidative stress-related ; white tea extract,N/A,N/A,Yes,"All Open Access, Gold, Green"
THUAN CHEW TAN,57929923200,Food Quality and Safety,https://www.scopus.com/inward/record.uri?partnerID=HzOxMe3b&scp=105003934922&origin=inward,2025-01-01,3,antimicrobial ; Azelaic acid (AZA) ; glutaric acid (GLA) ; preservative ; salmon ; succinic acid (SUA),N/A,N/A,Yes,"All Open Access, Gold"
THUAN CHEW TAN,57929923200,Journal of Food Biochemistry,https://www.scopus.com/inward/record.uri?partnerID=HzOxMe3b&scp=105019751022&origin=inward,2025-01-01,0,freshness ; glutaric acid ; refrigerated beef ; shelf life ; sodium bisulfite ; sorbic acid ; synergism,N/A,N/A,Yes,"All Open Access, Hybrid Gold, Green"
THUAN CHEW TAN,57929923200,Journal of Food Quality,https://www.scopus.com/inward/record.uri?partnerID=HzOxMe3b&scp=105025533003&origin=inward,2025-01-01,0,antimicrobial ; azelaic acid ; glutaric acid ; refrigerated beef ; shelf life ; succinic acid,N/A,N/A,Yes,"All Open Access, Gold, Green"
THUAN CHEW TAN,57929923200,Food Science and Biotechnology,https://www.scopus.com/inward/record.uri?partnerID=HzOxMe3b&scp=85197929850&origin=inward,2025-01-01,9,Complexation ; Fermentation ; Lentil proteins ; Water kefir grains ; Whey proteins,N/A,N/A,Yes,"All Open Access, Hybrid Gold, Green"
THUAN CHEW TAN,57929923200,International Journal of Food Sciences and Nutrition,https://www.scopus.com/inward/record.uri?partnerID=HzOxMe3b&scp=105004056915&origin=inward,2025-01-01,2,digestibility ; fermentation ; Lentil proteins ; protein quality ; solubility,N/A,N/A,Yes,"All Open Access, Hybrid Gold, Green"
GUAN SENG TAY,7004106649,Journal of Coatings Technology and Research,https://www.scopus.com/inward/record.uri?partnerID=HzOxMe3b&scp=105018196295&origin=inward,2026-01-01,10,Biopolymer ; Functional coatings ; Renewable resources ; Vegetable oil,N/A,N/A,Yes,"All Open Access, Hybrid Gold"
GUAN SENG TAY,7004106649,Environmental Technology and Innovation,https://www.scopus.com/inward/record.uri?partnerID=HzOxMe3b&scp=105021246797&origin=inward,2025-11-01,1,Biogas valorization ; Nutrient ; Oil palm sap ; Polyhydroxybutyrate ; Simple two-step enrichment ; Type II Methanotrophs,N/A,N/A,Yes,"All Open Access, Gold, Green"
GUAN SENG TAY,7004106649,Journal of Applied Polymer Science,https://www.scopus.com/inward/record.uri?partnerID=HzOxMe3b&scp=105008403933&origin=inward,2025-10-10,1,anhydride ratio ; biomaterials ; biopolymers and renewable polymers ; biosynthesis of polymers ; itaconic anhydride ; resins ; succinic anhydride ; thermosets ; ultra-violet curable resin,N/A,N/A,No,
GUAN SENG TAY,7004106649,Journal of Applied Polymer Science,https://www.scopus.com/inward/record.uri?partnerID=HzOxMe3b&scp=105004686289&origin=inward,2025-08-15,1,biomaterials ; biopolymers and renewable polymers ; biosynthesis of polymers ; resins ; thermosets,N/A,N/A,No,
GUAN SENG TAY,7004106649,Materials Today Sustainability,https://www.scopus.com/inward/record.uri?partnerID=HzOxMe3b&scp=85200138832&origin=inward,2024-09-01,1,Autoclave fibre cement composite ; Oil pam empty fruit bunch pulp ; Radiata pine pulp,N/A,N/A,No,
GUAN SENG TAY,7004106649,World Journal of Microbiology and Biotechnology,https://www.scopus.com/inward/record.uri?partnerID=HzOxMe3b&scp=85195971841&origin=inward,2024-08-01,6,Burkholderia ambifaria strain E5-3 ; Fed-batch fermentation ; Inhibitor tolerance ; Lignocellulosic biomass ; Polyhydroxybutyrate,N/A,N/A,No,
GUAN SENG TAY,7004106649,Polymer Engineering and Science,https://www.scopus.com/inward/record.uri?partnerID=HzOxMe3b&scp=85191755592&origin=inward,2024-07-01,4,biocomposites ; biological treatment ; blended bioplastic ; spent coffee ground,N/A,N/A,Yes,"All Open Access, Bronze"
GUAN SENG TAY,7004106649,Heliyon,https://www.scopus.com/inward/record.uri?partnerID=HzOxMe3b&scp=85193061869&origin=inward,2024-05-30,7,Biodiesel-derived crude glycerol ; Enzymatic ; Monoglycerides ; Solvent-free,N/A,N/A,Yes,"All Open Access, Gold, Green"
GUAN SENG TAY,7004106649,International Journal of Biological Macromolecules,https://www.scopus.com/inward/record.uri?partnerID=HzOxMe3b&scp=85189662329&origin=inward,2024-05-01,20,Biocomposites ; Biological treatment ; Spent coffee ground,N/A,N/A,No,
GUAN SENG TAY,7004106649,International Journal of Biological Macromolecules,https://www.scopus.com/inward/record.uri?partnerID=HzOxMe3b&scp=85183450430&origin=inward,2024-03-01,52,Biodiesel ; Crude glycerol ; Polymers,N/A,N/A,Yes,"All Open Access, Hybrid Gold"
UTRA UTHUMPORN,57214598544,Public Health in Practice,https://www.scopus.com/inward/record.uri?partnerID=HzOxMe3b&scp=105029241789&origin=inward,2026-06-01,1,N/A,N/A,N/A,Yes,"All Open Access, Gold, Green"
UTRA UTHUMPORN,57214598544,Reaction Kinetics Mechanisms and Catalysis,https://www.scopus.com/inward/record.uri?partnerID=HzOxMe3b&scp=105028211339&origin=inward,2026-04-01,1,Amino acid ; Catalytic decarboxylation reaction ; Pyridoxal 5′-phosphate ; Theoretical calculation,N/A,N/A,No,
UTRA UTHUMPORN,57214598544,ACS Omega,https://www.scopus.com/inward/record.uri?partnerID=HzOxMe3b&scp=105032225335&origin=inward,2026-03-10,0,N/A,N/A,N/A,Yes,"All Open Access, Gold, Green"
UTRA UTHUMPORN,57214598544,Peerj,https://www.scopus.com/inward/record.uri?partnerID=HzOxMe3b&scp=105029487041&origin=inward,2026-01-30,0,Biopolymer ; Hydropuntia sp ; Marine food ; Polysaccharides ; Seaweed,N/A,N/A,Yes,"All Open Access, Gold, Green"
UTRA UTHUMPORN,57214598544,Journal of Food Measurement and Characterization,https://www.scopus.com/inward/record.uri?partnerID=HzOxMe3b&scp=105038349166&origin=inward,2026-01-01,0,Antimicrobial ; Antioxidant ; Emulsification ; Emulsion ; Oxidation,N/A,N/A,No,
UTRA UTHUMPORN,57214598544,Food Reviews International,https://www.scopus.com/inward/record.uri?partnerID=HzOxMe3b&scp=105021411920&origin=inward,2026-01-01,3,Artificial intelligence ; food policy ; food processing ; food security ; industrial revolution ; machine learning,N/A,N/A,No,
UTRA UTHUMPORN,57214598544,Bioactive Carbohydrates and Dietary Fibre,https://www.scopus.com/inward/record.uri?partnerID=HzOxMe3b&scp=105021257414&origin=inward,2025-12-01,3,Antioxidant activity ; Emulsion ; Essential oil ; Plant-based milk ; Ultrasonication,N/A,N/A,No,
UTRA UTHUMPORN,57214598544,Applied Food Research,https://www.scopus.com/inward/record.uri?partnerID=HzOxMe3b&scp=105011058805&origin=inward,2025-12-01,15,High-hydrostatic pressure ; In-vitro digestibility ; Physicochemical properties ; Sago starch,N/A,N/A,Yes,"All Open Access, Gold, Green"
UTRA UTHUMPORN,57214598544,Applied Food Research,https://www.scopus.com/inward/record.uri?partnerID=HzOxMe3b&scp=86000553570&origin=inward,2025-06-01,4,Antioxidant ; Essential oil ; Microemulsion ; Oxidation ; Soy milk,N/A,N/A,Yes,"All Open Access, Gold, Green"
UTRA UTHUMPORN,57214598544,Journal of Food Measurement and Characterization,https://www.scopus.com/inward/record.uri?partnerID=HzOxMe3b&scp=105003402284&origin=inward,2025-05-01,9,Emulsification ; Essential oil encapsulation ; Food preservation ; Functional food ; Milk fortification,N/A,N/A,No,
UTRA UTHUMPORN,57214598544,Iop Conference Series Earth and Environmental Science,https://www.scopus.com/inward/record.uri?partnerID=HzOxMe3b&scp=105003582239&origin=inward,2025-01-01,2,N/A,N/A,N/A,Yes,"All Open Access, Gold"
UTRA UTHUMPORN,57214598544,ACS Food Science and Technology,https://www.scopus.com/inward/record.uri?partnerID=HzOxMe3b&scp=85207242034&origin=inward,2024-11-15,1,adsorption ; controlled release ; magnesium starch nanomaterial ; vitamin D3,N/A,N/A,No,
UTRA UTHUMPORN,57214598544,Journal of Food Measurement and Characterization,https://www.scopus.com/inward/record.uri?partnerID=HzOxMe3b&scp=85207275156&origin=inward,2024-11-01,0,Porous starch ; Sago starch ; Starch carrier ; Starch modification,N/A,N/A,No,
UTRA UTHUMPORN,57214598544,Beverages,https://www.scopus.com/inward/record.uri?partnerID=HzOxMe3b&scp=85197134677&origin=inward,2024-06-01,5,acetic acid bacteria ; Box–Behnken design ; fermented pumpkin ; lactic acid bacteria ; mature coconut water ; yeast,N/A,N/A,Yes,"All Open Access, Gold, Green"
UTRA UTHUMPORN,57214598544,International Food Research Journal,https://www.scopus.com/inward/record.uri?partnerID=HzOxMe3b&scp=85193708336&origin=inward,2024-04-01,6,probiotics ; pumpkin ; shelf-life ; simulated gastrointestinal condition ; α-glucosidase inhibition,N/A,N/A,Yes,"All Open Access, Bronze"
UTRA UTHUMPORN,57214598544,Food Research,https://www.scopus.com/inward/record.uri?partnerID=HzOxMe3b&scp=105000069503&origin=inward,2024-01-01,0,Acid hydrolysis ; Pullulanase ; Sago starch ; Starch nanocrystal ; Starch nanoparticle,N/A,N/A,Yes,"All Open Access, Gold"
UTRA UTHUMPORN,57214598544,E Polymers,https://www.scopus.com/inward/record.uri?partnerID=HzOxMe3b&scp=85213731314&origin=inward,2024-01-01,2,acetyl groups ; acetylation ; degree of substitution ; encapsulation ; surface-modified tapioca starches,N/A,N/A,Yes,"All Open Access, Gold, Green"
UTRA UTHUMPORN,57214598544,Food Research,https://www.scopus.com/inward/record.uri?partnerID=HzOxMe3b&scp=105000068279&origin=inward,2024-01-01,0,Corn starch ; Enzymatic hydrolysis ; Hydroxypropylation ; Sago starch,N/A,N/A,Yes,"All Open Access, Gold"
WAN ZAFIRA EZZA WAN ZAKARIA,56288129000,Journal of Field Robotics,https://www.scopus.com/inward/record.uri?partnerID=HzOxMe3b&scp=105015170878&origin=inward,2026-03-01,0,clothoid curved ; differential drive robot ; motion path analysis ; motion planning ; path tracking ; perspective transformation ; video camera,N/A,N/A,No,
WAN ZAFIRA EZZA WAN ZAKARIA,56288129000,Green Energy and Technology,https://www.scopus.com/inward/record.uri?partnerID=HzOxMe3b&scp=105039964577&origin=inward,2026-01-01,0,Biorefinery ; Circular economy ; Life-cycle assessment ; Waste,N/A,N/A,No,
WAN ZAFIRA EZZA WAN ZAKARIA,56288129000,Mathematical Modeling and Computing,https://www.scopus.com/inward/record.uri?partnerID=HzOxMe3b&scp=105009920010&origin=inward,2025-01-01,0,clothoid ; differential drive ; mobile robot ; motion planning ; robot simulation,N/A,N/A,Yes,"All Open Access, Bronze"
WAN ZAFIRA EZZA WAN ZAKARIA,56288129000,Engineering Proceedings,https://www.scopus.com/inward/record.uri?partnerID=HzOxMe3b&scp=105009267991&origin=inward,2025-01-01,0,enzymatic analysis ; optimization ; response surface methodology ; saccharification ; watermelon rinds,N/A,N/A,Yes,"All Open Access, Gold, Green"
WAN ZAFIRA EZZA WAN ZAKARIA,56288129000,Asean Journal of Chemical Engineering,https://www.scopus.com/inward/record.uri?partnerID=HzOxMe3b&scp=85196284494&origin=inward,2024-04-30,0,Fermentation ; Microalgae ; Response Surface Methodology ; Succinic Acid,N/A,N/A,Yes,"All Open Access, Gold"
WAN ZAFIRA EZZA WAN ZAKARIA,56288129000,Engineering Letters,https://www.scopus.com/inward/record.uri?partnerID=HzOxMe3b&scp=85181851262&origin=inward,2024-01-01,3,circular arcs ; differential drive ; mobile robot ; motion planning ; robot simtion,N/A,N/A,No,
WIDAD FADHULLAH,57190184554,Water Air and Soil Pollution,https://www.scopus.com/inward/record.uri?partnerID=HzOxMe3b&scp=105035358031&origin=inward,2026-06-01,0,AERMOD ; Air pollution modeling ; Dispersion ; Energy recovery ; Landfill gas emissions ; LandGEM,N/A,N/A,No,
WIDAD FADHULLAH,57190184554,Environmental Monitoring and Assessment,https://www.scopus.com/inward/record.uri?partnerID=HzOxMe3b&scp=105038799033&origin=inward,2026-05-01,0,Emerging contaminants ; Monsoonal transport ; Southeast Asian catchments ; Spectroscopy characterization ; Urban runoff,N/A,N/A,No,
WIDAD FADHULLAH,57190184554,Marine Environmental Research,https://www.scopus.com/inward/record.uri?partnerID=HzOxMe3b&scp=105026858607&origin=inward,2026-03-01,0,Blue carbon ; Global warming ; Halophila ovalis ; Morphology ; Multiple stressors ; Nutrient enrichments ; Photosynthesis,N/A,N/A,No,
WIDAD FADHULLAH,57190184554,Environmental Monitoring and Assessment,https://www.scopus.com/inward/record.uri?partnerID=HzOxMe3b&scp=105029757654&origin=inward,2026-02-01,1,AERMOD ; Dispersion modeling ; GIS ; Landfill ; Waste transportation vehicles,N/A,N/A,No,
WIDAD FADHULLAH,57190184554,Climate Responsive Plant Biology Environmental Crosstalk Sustainability and Future Technologies,https://www.scopus.com/inward/record.uri?partnerID=HzOxMe3b&scp=105042202290&origin=inward,2026-01-01,0,Ceratophyllum demersum ; Inorganic water pollutants ; Phytoremediation ; Submerged macrophytes ; Surface water ; Vallisneria spiralis,N/A,N/A,No,
WIDAD FADHULLAH,57190184554,Climate Responsive Plant Biology Environmental Crosstalk Sustainability and Future Technologies,https://www.scopus.com/inward/record.uri?partnerID=HzOxMe3b&scp=105042214419&origin=inward,2026-01-01,0,Climate action ; Ecosystem function and services ; Global crop production ; Provisioning ecosystem service ; Sustainable agricultural practices ; Sustainable food consumption,N/A,N/A,No,
WIDAD FADHULLAH,57190184554,Bulletin of Atmospheric Science and Technology,https://www.scopus.com/inward/record.uri?partnerID=HzOxMe3b&scp=105004574890&origin=inward,2025-12-01,3,Emission rate ; Landfill gas ; LandGEM ; Methane ; Monte Carlo ; Municipal solid waste,N/A,N/A,No,
WIDAD FADHULLAH,57190184554,Aquatic Conservation Marine and Freshwater Ecosystems,https://www.scopus.com/inward/record.uri?partnerID=HzOxMe3b&scp=105022489882&origin=inward,2025-11-01,0,aquatic organisms ; ecological risk ; mangrove marine pollution ; microplastics ; safe clean water source ; water resource aquatic toxicology,N/A,N/A,No,
WIDAD FADHULLAH,57190184554,Malaysian Journal of Medical Sciences,https://www.scopus.com/inward/record.uri?partnerID=HzOxMe3b&scp=105028410500&origin=inward,2025-10-31,0,air pollution ; children ; climate change ; cognitive development ; heatwaves,N/A,N/A,Yes,"All Open Access, Gold, Green"
WIDAD FADHULLAH,57190184554,Regional Studies in Marine Science,https://www.scopus.com/inward/record.uri?partnerID=HzOxMe3b&scp=105004462542&origin=inward,2025-09-01,3,Coastal waters ; Marine microplastics ; Meta-analysis ; Peninsular Malaysia ; South China Sea ; Strait of Malacca,N/A,N/A,No,
WIDAD FADHULLAH,57190184554,Soil and Sediment Contamination,https://www.scopus.com/inward/record.uri?partnerID=HzOxMe3b&scp=85189528605&origin=inward,2025-01-01,7,Beris Lalang ; dumpsites ; heavy metals contamination ; Solid waste ; waste generation,N/A,N/A,No,
WIDAD FADHULLAH,57190184554,Solid Waste Management Challenges and Recent Solutions,https://www.scopus.com/inward/record.uri?partnerID=HzOxMe3b&scp=85210865875&origin=inward,2024-11-29,0,N/A,N/A,N/A,No,
WIDAD FADHULLAH,57190184554,Journal of Sustainability Science and Management,https://www.scopus.com/inward/record.uri?partnerID=HzOxMe3b&scp=85211044609&origin=inward,2024-11-01,0,food items ; freshwater ecosystem ; Stable isotope signatures ; trophic level ; tropical freshwater,N/A,N/A,Yes,"All Open Access, Bronze"
WIDAD FADHULLAH,57190184554,Jurnal Teknologi,https://www.scopus.com/inward/record.uri?partnerID=HzOxMe3b&scp=85197320415&origin=inward,2024-07-01,3,analysis ; marine ; Microplastics ; river ; sampling,N/A,N/A,Yes,"All Open Access, Gold"
WIDAD FADHULLAH,57190184554,Marine Biomass Biorefinery Bioproducts and Environmental Bioremediation,https://www.scopus.com/inward/record.uri?partnerID=HzOxMe3b&scp=85196342904&origin=inward,2024-06-17,0,Bioeconomy ; Blue carbon ; Carbon sequestration ; Climate change mitigation ; Seagrass ecosystems ; Sustainable environments,N/A,N/A,No,
WIDAD FADHULLAH,57190184554,Marine Biomass Biorefinery Bioproducts and Environmental Bioremediation,https://www.scopus.com/inward/record.uri?partnerID=HzOxMe3b&scp=85196344645&origin=inward,2024-06-17,0,Bioeconomy ; Biomass ; Bioproducts ; Diatom ; Microalgae ; Sustainable bioindustries,N/A,N/A,No,
WIDAD FADHULLAH,57190184554,Journal of Water and Climate Change,https://www.scopus.com/inward/record.uri?partnerID=HzOxMe3b&scp=85193299496&origin=inward,2024-04-01,6,climate change ; land use land cover ; meteorological parameters ; natural disasters ; rainfall ; sustainability,N/A,N/A,Yes,"All Open Access, Gold, Green"
WIDAD FADHULLAH,57190184554,Multidisciplinary Applications of Marine Resources A Step Towards Green and Sustainable Future,https://www.scopus.com/inward/record.uri?partnerID=HzOxMe3b&scp=105004979835&origin=inward,2024-01-01,1,Biological indicators ; Biomonitoring ; Climate change ; Mangrove coastal management ; Water quality,N/A,N/A,No,
WIDAD FADHULLAH,57190184554,Journal of Sustainability Science and Management,https://www.scopus.com/inward/record.uri?partnerID=HzOxMe3b&scp=85200234890&origin=inward,2024-01-01,0,Household chemical products ; Malaysia National Poison Center ; poison reagent ; poisoning ; sustainable health,N/A,N/A,Yes,"All Open Access, Bronze"
SHIN YONG YEOH,29967480300,ACS Omega,https://www.scopus.com/inward/record.uri?partnerID=HzOxMe3b&scp=105042514748&origin=inward,2026-06-23,0,N/A,N/A,N/A,Yes,"All Open Access, Gold"
SHIN YONG YEOH,29967480300,ACS Omega,https://www.scopus.com/inward/record.uri?partnerID=HzOxMe3b&scp=105032225335&origin=inward,2026-03-10,0,N/A,N/A,N/A,Yes,"All Open Access, Gold, Green"
SHIN YONG YEOH,29967480300,Sains Malaysiana,https://www.scopus.com/inward/record.uri?partnerID=HzOxMe3b&scp=105035891032&origin=inward,2026-03-01,0,Rheology ; salt substitutes ; sensory evaluation ; sodium reduction ; sweet Thai chili sauce,N/A,N/A,Yes,"All Open Access, Gold"
SHIN YONG YEOH,29967480300,Clean Technologies and Environmental Policy,https://www.scopus.com/inward/record.uri?partnerID=HzOxMe3b&scp=105029069083&origin=inward,2026-03-01,1,Calcium ; Hardness removal ; Ion exchange resins ; Magnesium,N/A,N/A,Yes,"All Open Access, Hybrid Gold"
SHIN YONG YEOH,29967480300,Surface Innovations,https://www.scopus.com/inward/record.uri?partnerID=HzOxMe3b&scp=105039401563&origin=inward,2026-02-11,1,"ABS ; characterization techniques ; coatings ; infrared (R, FTIR) ; microscopy ; optical transparency ; resins and plastics ; SAN ; scanning electron microscopy ; surface roughness ; water contact angle",N/A,N/A,No,
SHIN YONG YEOH,29967480300,Journal of Food Science and Technology,https://www.scopus.com/inward/record.uri?partnerID=HzOxMe3b&scp=105033395422&origin=inward,2026-01-01,0,Lightness ; Microbial ; pH ; Potassium sorbate ; Sodium-free ; White salted noodles,N/A,N/A,No,
SHIN YONG YEOH,29967480300,Journal of Coatings Technology and Research,https://www.scopus.com/inward/record.uri?partnerID=HzOxMe3b&scp=105007228829&origin=inward,2025-09-01,1,Light transmittance ; SAN/ABS/PC ; SEM ; Surface roughness ; Thermal,N/A,N/A,No,
SHIN YONG YEOH,29967480300,ACS Food Science and Technology,https://www.scopus.com/inward/record.uri?partnerID=HzOxMe3b&scp=105024955668&origin=inward,2025-08-15,1,fresh wheat noodles ; potassium sorbate ; sodium reduction,N/A,N/A,No,
SHIN YONG YEOH,29967480300,International Journal of Food Science and Technology,https://www.scopus.com/inward/record.uri?partnerID=HzOxMe3b&scp=105025902019&origin=inward,2025-07-01,0,fermentation ; flour ; noodles ; sensoryu evaluation ; texture,N/A,N/A,Yes,"All Open Access, Gold"
SHIN YONG YEOH,29967480300,Food Science and Nutrition,https://www.scopus.com/inward/record.uri?partnerID=HzOxMe3b&scp=105005201706&origin=inward,2025-04-01,0,fermented rice noodles ; quality attributes ; Saccharomyces cerevisiae ; starch ; yeast fermentation,N/A,N/A,Yes,"All Open Access, Hybrid Gold, Green"
SHIN YONG YEOH,29967480300,Food Quality and Safety,https://www.scopus.com/inward/record.uri?partnerID=HzOxMe3b&scp=105014967803&origin=inward,2025-01-01,2,moisture ; Pineapple jam ; syneresis ; texture ; water activity,N/A,N/A,Yes,"All Open Access, Gold"
SHIN YONG YEOH,29967480300,Lwt,https://www.scopus.com/inward/record.uri?partnerID=HzOxMe3b&scp=85197246925&origin=inward,2024-07-15,6,cooking qualities ; Guar gum ; Microstructure ; Salt-coated yellow alkaline noodles ; Sodium distribution,N/A,N/A,Yes,"All Open Access, Gold"
SHIN YONG YEOH,29967480300,Journal of Experimental Biology and Agricultural Sciences,https://www.scopus.com/inward/record.uri?partnerID=HzOxMe3b&scp=85201711410&origin=inward,2024-07-15,0,Beetroot phytochemicals ; Beetroot powder ; Drying techniques ; Iron retention,N/A,N/A,Yes,"All Open Access, Gold"
SHIN YONG YEOH,29967480300,International Food Research Journal,https://www.scopus.com/inward/record.uri?partnerID=HzOxMe3b&scp=85199753904&origin=inward,2024-06-01,1,canned dodol ; curdlan ; physical ; sensory properties ; textural,N/A,N/A,Yes,"All Open Access, Bronze"
YUSRI YUSUP,24340055400,International Journal of Informatics and Communication Technology,https://www.scopus.com/inward/record.uri?partnerID=HzOxMe3b&scp=105036334534&origin=inward,2026-03-01,0,Artificial intelligence ; Deep learning ; Machine learning ; Oil palm yields ; Remote sensing ; Web application,N/A,N/A,Yes,"All Open Access, Gold"
YUSRI YUSUP,24340055400,Journal of Hydrology Regional Studies,https://www.scopus.com/inward/record.uri?partnerID=HzOxMe3b&scp=105034541490&origin=inward,2026-02-01,0,Eddy covariance ; Energy fluxes ; ERA5 ; Statistical downscaling ; Tropical coast,N/A,N/A,Yes,"All Open Access, Gold, Green"
YUSRI YUSUP,24340055400,Atmospheric and Oceanic Science Letters,https://www.scopus.com/inward/record.uri?partnerID=HzOxMe3b&scp=105003748785&origin=inward,2026-01-01,0,Atmospheric surface layer ; Latent heat ; Sensible heat ; Tropical coastal sea,N/A,N/A,Yes,"All Open Access, Gold"
YUSRI YUSUP,24340055400,Journal of Advanced Research in Applied Sciences and Engineering Technology,https://www.scopus.com/inward/record.uri?partnerID=HzOxMe3b&scp=85194894347&origin=inward,2025-03-01,4,deep neural network ; Landsat-7 ; machine learning ; MODIS ; NDVI,N/A,N/A,Yes,"All Open Access, Hybrid Gold"
YUSRI YUSUP,24340055400,Isotopes in Environmental and Health Studies,https://www.scopus.com/inward/record.uri?partnerID=HzOxMe3b&scp=105003891351&origin=inward,2025-01-01,1,Amount effect ; GMWL ; GNIP ; LMWL ; MMWL ; precipitation ; stable isotope,N/A,N/A,No,
YUSRI YUSUP,24340055400,Biomass Conversion and Biorefinery,https://www.scopus.com/inward/record.uri?partnerID=HzOxMe3b&scp=85176737173&origin=inward,2025-01-01,23,Bio-composite ; Biomaterials ; Mycelium ; Pleurotus ostreatus ; Rubber wood sawdust,N/A,N/A,No,
YUSRI YUSUP,24340055400,Marine Environmental Research,https://www.scopus.com/inward/record.uri?partnerID=HzOxMe3b&scp=85208675095&origin=inward,2025-01-01,3,Climate change ; Coral-affecting physicochemical factors ; Live hard coral coverage ; Reefs ; Remote sensing ; Strait of Malacca,N/A,N/A,No,
YUSRI YUSUP,24340055400,Oceanologia,https://www.scopus.com/inward/record.uri?partnerID=HzOxMe3b&scp=105025126746&origin=inward,2025-01-01,0,Error matrix ; RMSE ; ROMS Model ; SST ; Statistics,N/A,N/A,Yes,"All Open Access, Gold"
YUSRI YUSUP,24340055400,Clean Technologies and Environmental Policy,https://www.scopus.com/inward/record.uri?partnerID=HzOxMe3b&scp=85193286240&origin=inward,2025-01-01,7,Dehumidification ; Desiccant paper ; Moisture absorption ; Natural waste fiber ; Polymeric material,N/A,N/A,No,
YUSRI YUSUP,24340055400,Applications of Modelling and Simulation,https://www.scopus.com/inward/record.uri?partnerID=HzOxMe3b&scp=105012181345&origin=inward,2025-01-01,0,ARIMA ; Facebook prophet ; Neural prophet ; Oil palm ; Time-series analysis ; Yield prediction,N/A,N/A,No,
YUSRI YUSUP,24340055400,Earth Systems and Environment,https://www.scopus.com/inward/record.uri?partnerID=HzOxMe3b&scp=85202490719&origin=inward,2024-12-01,3,Atmosphere–ocean interaction ; Atmospheric CO2 concentration ; CO2 flux ; Monsoon variability,N/A,N/A,No,
YUSRI YUSUP,24340055400,Weather and Forecasting,https://www.scopus.com/inward/record.uri?partnerID=HzOxMe3b&scp=85212279478&origin=inward,2024-12-01,3,Climate ; Climate change ; Climate variability ; Deep learning ; Renewable energy,N/A,N/A,No,
YUSRI YUSUP,24340055400,Ecological Informatics,https://www.scopus.com/inward/record.uri?partnerID=HzOxMe3b&scp=85210135880&origin=inward,2024-12-01,19,Bias correction ; Deep learning ; Parameterization ; WRF model,N/A,N/A,Yes,"All Open Access, Gold"
YUSRI YUSUP,24340055400,Ecological Informatics,https://www.scopus.com/inward/record.uri?partnerID=HzOxMe3b&scp=85190518681&origin=inward,2024-07-01,21,Agriculture ; Deep learning ; Machine learning ; Oil palm ; Yield prediction,N/A,N/A,Yes,"All Open Access, Gold, Green"
ZAKIR KHAN,50262274200,Journal of the Energy Institute,https://www.scopus.com/inward/record.uri?partnerID=HzOxMe3b&scp=105016463643&origin=inward,2025-12-01,4,Co-gasification ; MSW ; Rice husk ; Syngas ; Updraft gasifier,N/A,N/A,No,
ZAKIR KHAN,50262274200,Biofuels Bioproducts and Biorefining,https://www.scopus.com/inward/record.uri?partnerID=HzOxMe3b&scp=105000414836&origin=inward,2025-11-01,2,CaO ; gasification ; limestone ; municipal solid waste ; syngas,N/A,N/A,Yes,"All Open Access, Bronze"
ZAKIR KHAN,50262274200,Asia Pacific Journal of Chemical Engineering,https://www.scopus.com/inward/record.uri?partnerID=HzOxMe3b&scp=105002265416&origin=inward,2025-03-01,0,combined cycle power plant ; efficiency ; engine jacket water ; organic Rankine cycle ; waste heat recovery,N/A,N/A,No,"All Open Access, Green"
ZAKIR KHAN,50262274200,Process Safety and Environmental Protection,https://www.scopus.com/inward/record.uri?partnerID=HzOxMe3b&scp=85213896135&origin=inward,2025-02-01,12,Biohydrogen production ; Biomass gasification ; Biomethane production ; Compositional analysis ; Process systems engineering assessment ; Techno-economic challenges,N/A,N/A,No,
ZAKIR KHAN,50262274200,Digital Chemical Engineering,https://www.scopus.com/inward/record.uri?partnerID=HzOxMe3b&scp=85204459399&origin=inward,2024-12-01,6,CO2 capturing ; Energy-saving ; Palm kernel shell ; Simulation ; Techno-economic analysis,N/A,N/A,Yes,"All Open Access, Gold"
ZAKIR KHAN,50262274200,Journal of the Energy Institute,https://www.scopus.com/inward/record.uri?partnerID=HzOxMe3b&scp=85183895254&origin=inward,2024-04-01,20,Coats – Redfern method ; Gasification ; Kinetics ; Municipal solid waste ; Rice husk ; Sugarcane bagasse ; TGA/DTA,N/A,N/A,No,"All Open Access, Green"
ZAKIR KHAN,50262274200,Journal of the Energy Institute,https://www.scopus.com/inward/record.uri?partnerID=HzOxMe3b&scp=85181171781&origin=inward,2024-04-01,19,CaO ; Gasification ; Municipal solid waste ; Sorbent ; Syngas ; Waste marble powder,N/A,N/A,No,"All Open Access, Green"
ZAKIR KHAN,50262274200,Asia Pacific Journal of Chemical Engineering,https://www.scopus.com/inward/record.uri?partnerID=HzOxMe3b&scp=85177996621&origin=inward,2024-03-01,6,boiler ; economic analysis ; efficiency ; Organic Rankine Cycle ; waste heat,N/A,N/A,Yes,"All Open Access, Hybrid Gold, Green"
ZAKIR KHAN,50262274200,Nanotechnology Reviews,https://www.scopus.com/inward/record.uri?partnerID=HzOxMe3b&scp=85188638345&origin=inward,2024-01-01,8,deep eutectic solvent ; heavy metal ; membrane ; mesoporous silica ; wastewater,N/A,N/A,Yes,"All Open Access, Gold"
